solid 01_phone_back_sled
  facet normal 0.000000 0.000000 -1.000000
    outer loop
      vertex 36.000000 0.000000 0.000000
      vertex 76.800000 42.000000 0.000000
      vertex 76.800000 0.000000 0.000000
    endloop
  endfacet
  facet normal 0.000000 0.000000 -1.000000
    outer loop
      vertex 36.000000 0.000000 0.000000
      vertex 36.000000 42.000000 0.000000
      vertex 76.800000 42.000000 0.000000
    endloop
  endfacet
  facet normal 0.000000 0.000000 1.000000
    outer loop
      vertex 36.000000 0.000000 2.000000
      vertex 76.800000 0.000000 2.000000
      vertex 76.800000 42.000000 2.000000
    endloop
  endfacet
  facet normal 0.000000 0.000000 1.000000
    outer loop
      vertex 36.000000 0.000000 2.000000
      vertex 76.800000 42.000000 2.000000
      vertex 36.000000 42.000000 2.000000
    endloop
  endfacet
  facet normal 0.000000 -1.000000 0.000000
    outer loop
      vertex 36.000000 0.000000 0.000000
      vertex 76.800000 0.000000 0.000000
      vertex 76.800000 0.000000 2.000000
    endloop
  endfacet
  facet normal 0.000000 -1.000000 0.000000
    outer loop
      vertex 36.000000 0.000000 0.000000
      vertex 76.800000 0.000000 2.000000
      vertex 36.000000 0.000000 2.000000
    endloop
  endfacet
  facet normal 1.000000 0.000000 0.000000
    outer loop
      vertex 76.800000 0.000000 0.000000
      vertex 76.800000 42.000000 0.000000
      vertex 76.800000 42.000000 2.000000
    endloop
  endfacet
  facet normal 1.000000 0.000000 0.000000
    outer loop
      vertex 76.800000 0.000000 0.000000
      vertex 76.800000 42.000000 2.000000
      vertex 76.800000 0.000000 2.000000
    endloop
  endfacet
  facet normal 0.000000 1.000000 0.000000
    outer loop
      vertex 76.800000 42.000000 0.000000
      vertex 36.000000 42.000000 0.000000
      vertex 36.000000 42.000000 2.000000
    endloop
  endfacet
  facet normal 0.000000 1.000000 -0.000000
    outer loop
      vertex 76.800000 42.000000 0.000000
      vertex 36.000000 42.000000 2.000000
      vertex 76.800000 42.000000 2.000000
    endloop
  endfacet
  facet normal -1.000000 0.000000 0.000000
    outer loop
      vertex 36.000000 42.000000 0.000000
      vertex 36.000000 0.000000 0.000000
      vertex 36.000000 0.000000 2.000000
    endloop
  endfacet
  facet normal -1.000000 0.000000 0.000000
    outer loop
      vertex 36.000000 42.000000 0.000000
      vertex 36.000000 0.000000 2.000000
      vertex 36.000000 42.000000 2.000000
    endloop
  endfacet
  facet normal 0.000000 0.000000 -1.000000
    outer loop
      vertex 0.000000 42.000000 0.000000
      vertex 76.800000 151.000000 0.000000
      vertex 76.800000 42.000000 0.000000
    endloop
  endfacet
  facet normal 0.000000 0.000000 -1.000000
    outer loop
      vertex 0.000000 42.000000 0.000000
      vertex 0.000000 151.000000 0.000000
      vertex 76.800000 151.000000 0.000000
    endloop
  endfacet
  facet normal 0.000000 0.000000 1.000000
    outer loop
      vertex 0.000000 42.000000 2.000000
      vertex 76.800000 42.000000 2.000000
      vertex 76.800000 151.000000 2.000000
    endloop
  endfacet
  facet normal 0.000000 0.000000 1.000000
    outer loop
      vertex 0.000000 42.000000 2.000000
      vertex 76.800000 151.000000 2.000000
      vertex 0.000000 151.000000 2.000000
    endloop
  endfacet
  facet normal 0.000000 -1.000000 0.000000
    outer loop
      vertex 0.000000 42.000000 0.000000
      vertex 76.800000 42.000000 0.000000
      vertex 76.800000 42.000000 2.000000
    endloop
  endfacet
  facet normal 0.000000 -1.000000 0.000000
    outer loop
      vertex 0.000000 42.000000 0.000000
      vertex 76.800000 42.000000 2.000000
      vertex 0.000000 42.000000 2.000000
    endloop
  endfacet
  facet normal 1.000000 0.000000 0.000000
    outer loop
      vertex 76.800000 42.000000 0.000000
      vertex 76.800000 151.000000 0.000000
      vertex 76.800000 151.000000 2.000000
    endloop
  endfacet
  facet normal 1.000000 0.000000 0.000000
    outer loop
      vertex 76.800000 42.000000 0.000000
      vertex 76.800000 151.000000 2.000000
      vertex 76.800000 42.000000 2.000000
    endloop
  endfacet
  facet normal 0.000000 1.000000 0.000000
    outer loop
      vertex 76.800000 151.000000 0.000000
      vertex 0.000000 151.000000 0.000000
      vertex 0.000000 151.000000 2.000000
    endloop
  endfacet
  facet normal 0.000000 1.000000 -0.000000
    outer loop
      vertex 76.800000 151.000000 0.000000
      vertex 0.000000 151.000000 2.000000
      vertex 76.800000 151.000000 2.000000
    endloop
  endfacet
  facet normal -1.000000 0.000000 0.000000
    outer loop
      vertex 0.000000 151.000000 0.000000
      vertex 0.000000 42.000000 0.000000
      vertex 0.000000 42.000000 2.000000
    endloop
  endfacet
  facet normal -1.000000 0.000000 0.000000
    outer loop
      vertex 0.000000 151.000000 0.000000
      vertex 0.000000 42.000000 2.000000
      vertex 0.000000 151.000000 2.000000
    endloop
  endfacet
  facet normal 0.000000 0.000000 -1.000000
    outer loop
      vertex 0.000000 42.000000 2.000000
      vertex 1.600000 151.000000 2.000000
      vertex 1.600000 42.000000 2.000000
    endloop
  endfacet
  facet normal 0.000000 0.000000 -1.000000
    outer loop
      vertex 0.000000 42.000000 2.000000
      vertex 0.000000 151.000000 2.000000
      vertex 1.600000 151.000000 2.000000
    endloop
  endfacet
  facet normal 0.000000 0.000000 1.000000
    outer loop
      vertex 0.000000 42.000000 3.800000
      vertex 1.600000 42.000000 3.800000
      vertex 1.600000 151.000000 3.800000
    endloop
  endfacet
  facet normal 0.000000 0.000000 1.000000
    outer loop
      vertex 0.000000 42.000000 3.800000
      vertex 1.600000 151.000000 3.800000
      vertex 0.000000 151.000000 3.800000
    endloop
  endfacet
  facet normal 0.000000 -1.000000 0.000000
    outer loop
      vertex 0.000000 42.000000 2.000000
      vertex 1.600000 42.000000 2.000000
      vertex 1.600000 42.000000 3.800000
    endloop
  endfacet
  facet normal 0.000000 -1.000000 0.000000
    outer loop
      vertex 0.000000 42.000000 2.000000
      vertex 1.600000 42.000000 3.800000
      vertex 0.000000 42.000000 3.800000
    endloop
  endfacet
  facet normal 1.000000 0.000000 0.000000
    outer loop
      vertex 1.600000 42.000000 2.000000
      vertex 1.600000 151.000000 2.000000
      vertex 1.600000 151.000000 3.800000
    endloop
  endfacet
  facet normal 1.000000 0.000000 0.000000
    outer loop
      vertex 1.600000 42.000000 2.000000
      vertex 1.600000 151.000000 3.800000
      vertex 1.600000 42.000000 3.800000
    endloop
  endfacet
  facet normal 0.000000 1.000000 0.000000
    outer loop
      vertex 1.600000 151.000000 2.000000
      vertex 0.000000 151.000000 2.000000
      vertex 0.000000 151.000000 3.800000
    endloop
  endfacet
  facet normal 0.000000 1.000000 -0.000000
    outer loop
      vertex 1.600000 151.000000 2.000000
      vertex 0.000000 151.000000 3.800000
      vertex 1.600000 151.000000 3.800000
    endloop
  endfacet
  facet normal -1.000000 0.000000 0.000000
    outer loop
      vertex 0.000000 151.000000 2.000000
      vertex 0.000000 42.000000 2.000000
      vertex 0.000000 42.000000 3.800000
    endloop
  endfacet
  facet normal -1.000000 0.000000 0.000000
    outer loop
      vertex 0.000000 151.000000 2.000000
      vertex 0.000000 42.000000 3.800000
      vertex 0.000000 151.000000 3.800000
    endloop
  endfacet
  facet normal 0.000000 0.000000 -1.000000
    outer loop
      vertex 75.200000 0.000000 2.000000
      vertex 76.800000 151.000000 2.000000
      vertex 76.800000 0.000000 2.000000
    endloop
  endfacet
  facet normal 0.000000 0.000000 -1.000000
    outer loop
      vertex 75.200000 0.000000 2.000000
      vertex 75.200000 151.000000 2.000000
      vertex 76.800000 151.000000 2.000000
    endloop
  endfacet
  facet normal 0.000000 0.000000 1.000000
    outer loop
      vertex 75.200000 0.000000 3.800000
      vertex 76.800000 0.000000 3.800000
      vertex 76.800000 151.000000 3.800000
    endloop
  endfacet
  facet normal 0.000000 0.000000 1.000000
    outer loop
      vertex 75.200000 0.000000 3.800000
      vertex 76.800000 151.000000 3.800000
      vertex 75.200000 151.000000 3.800000
    endloop
  endfacet
  facet normal 0.000000 -1.000000 0.000000
    outer loop
      vertex 75.200000 0.000000 2.000000
      vertex 76.800000 0.000000 2.000000
      vertex 76.800000 0.000000 3.800000
    endloop
  endfacet
  facet normal 0.000000 -1.000000 0.000000
    outer loop
      vertex 75.200000 0.000000 2.000000
      vertex 76.800000 0.000000 3.800000
      vertex 75.200000 0.000000 3.800000
    endloop
  endfacet
  facet normal 1.000000 0.000000 0.000000
    outer loop
      vertex 76.800000 0.000000 2.000000
      vertex 76.800000 151.000000 2.000000
      vertex 76.800000 151.000000 3.800000
    endloop
  endfacet
  facet normal 1.000000 0.000000 0.000000
    outer loop
      vertex 76.800000 0.000000 2.000000
      vertex 76.800000 151.000000 3.800000
      vertex 76.800000 0.000000 3.800000
    endloop
  endfacet
  facet normal 0.000000 1.000000 0.000000
    outer loop
      vertex 76.800000 151.000000 2.000000
      vertex 75.200000 151.000000 2.000000
      vertex 75.200000 151.000000 3.800000
    endloop
  endfacet
  facet normal 0.000000 1.000000 -0.000000
    outer loop
      vertex 76.800000 151.000000 2.000000
      vertex 75.200000 151.000000 3.800000
      vertex 76.800000 151.000000 3.800000
    endloop
  endfacet
  facet normal -1.000000 0.000000 0.000000
    outer loop
      vertex 75.200000 151.000000 2.000000
      vertex 75.200000 0.000000 2.000000
      vertex 75.200000 0.000000 3.800000
    endloop
  endfacet
  facet normal -1.000000 0.000000 0.000000
    outer loop
      vertex 75.200000 151.000000 2.000000
      vertex 75.200000 0.000000 3.800000
      vertex 75.200000 151.000000 3.800000
    endloop
  endfacet
  facet normal 0.000000 0.000000 -1.000000
    outer loop
      vertex 0.000000 149.400000 2.000000
      vertex 76.800000 151.000000 2.000000
      vertex 76.800000 149.400000 2.000000
    endloop
  endfacet
  facet normal 0.000000 0.000000 -1.000000
    outer loop
      vertex 0.000000 149.400000 2.000000
      vertex 0.000000 151.000000 2.000000
      vertex 76.800000 151.000000 2.000000
    endloop
  endfacet
  facet normal 0.000000 0.000000 1.000000
    outer loop
      vertex 0.000000 149.400000 3.800000
      vertex 76.800000 149.400000 3.800000
      vertex 76.800000 151.000000 3.800000
    endloop
  endfacet
  facet normal 0.000000 0.000000 1.000000
    outer loop
      vertex 0.000000 149.400000 3.800000
      vertex 76.800000 151.000000 3.800000
      vertex 0.000000 151.000000 3.800000
    endloop
  endfacet
  facet normal 0.000000 -1.000000 0.000000
    outer loop
      vertex 0.000000 149.400000 2.000000
      vertex 76.800000 149.400000 2.000000
      vertex 76.800000 149.400000 3.800000
    endloop
  endfacet
  facet normal 0.000000 -1.000000 0.000000
    outer loop
      vertex 0.000000 149.400000 2.000000
      vertex 76.800000 149.400000 3.800000
      vertex 0.000000 149.400000 3.800000
    endloop
  endfacet
  facet normal 1.000000 0.000000 0.000000
    outer loop
      vertex 76.800000 149.400000 2.000000
      vertex 76.800000 151.000000 2.000000
      vertex 76.800000 151.000000 3.800000
    endloop
  endfacet
  facet normal 1.000000 0.000000 0.000000
    outer loop
      vertex 76.800000 149.400000 2.000000
      vertex 76.800000 151.000000 3.800000
      vertex 76.800000 149.400000 3.800000
    endloop
  endfacet
  facet normal 0.000000 1.000000 0.000000
    outer loop
      vertex 76.800000 151.000000 2.000000
      vertex 0.000000 151.000000 2.000000
      vertex 0.000000 151.000000 3.800000
    endloop
  endfacet
  facet normal 0.000000 1.000000 -0.000000
    outer loop
      vertex 76.800000 151.000000 2.000000
      vertex 0.000000 151.000000 3.800000
      vertex 76.800000 151.000000 3.800000
    endloop
  endfacet
  facet normal -1.000000 0.000000 0.000000
    outer loop
      vertex 0.000000 151.000000 2.000000
      vertex 0.000000 149.400000 2.000000
      vertex 0.000000 149.400000 3.800000
    endloop
  endfacet
  facet normal -1.000000 0.000000 0.000000
    outer loop
      vertex 0.000000 151.000000 2.000000
      vertex 0.000000 149.400000 3.800000
      vertex 0.000000 151.000000 3.800000
    endloop
  endfacet
  facet normal 0.000000 0.000000 -1.000000
    outer loop
      vertex 36.000000 0.000000 2.000000
      vertex 76.800000 1.600000 2.000000
      vertex 76.800000 0.000000 2.000000
    endloop
  endfacet
  facet normal 0.000000 0.000000 -1.000000
    outer loop
      vertex 36.000000 0.000000 2.000000
      vertex 36.000000 1.600000 2.000000
      vertex 76.800000 1.600000 2.000000
    endloop
  endfacet
  facet normal 0.000000 0.000000 1.000000
    outer loop
      vertex 36.000000 0.000000 3.800000
      vertex 76.800000 0.000000 3.800000
      vertex 76.800000 1.600000 3.800000
    endloop
  endfacet
  facet normal 0.000000 0.000000 1.000000
    outer loop
      vertex 36.000000 0.000000 3.800000
      vertex 76.800000 1.600000 3.800000
      vertex 36.000000 1.600000 3.800000
    endloop
  endfacet
  facet normal 0.000000 -1.000000 0.000000
    outer loop
      vertex 36.000000 0.000000 2.000000
      vertex 76.800000 0.000000 2.000000
      vertex 76.800000 0.000000 3.800000
    endloop
  endfacet
  facet normal 0.000000 -1.000000 0.000000
    outer loop
      vertex 36.000000 0.000000 2.000000
      vertex 76.800000 0.000000 3.800000
      vertex 36.000000 0.000000 3.800000
    endloop
  endfacet
  facet normal 1.000000 0.000000 0.000000
    outer loop
      vertex 76.800000 0.000000 2.000000
      vertex 76.800000 1.600000 2.000000
      vertex 76.800000 1.600000 3.800000
    endloop
  endfacet
  facet normal 1.000000 0.000000 0.000000
    outer loop
      vertex 76.800000 0.000000 2.000000
      vertex 76.800000 1.600000 3.800000
      vertex 76.800000 0.000000 3.800000
    endloop
  endfacet
  facet normal 0.000000 1.000000 0.000000
    outer loop
      vertex 76.800000 1.600000 2.000000
      vertex 36.000000 1.600000 2.000000
      vertex 36.000000 1.600000 3.800000
    endloop
  endfacet
  facet normal 0.000000 1.000000 -0.000000
    outer loop
      vertex 76.800000 1.600000 2.000000
      vertex 36.000000 1.600000 3.800000
      vertex 76.800000 1.600000 3.800000
    endloop
  endfacet
  facet normal -1.000000 0.000000 0.000000
    outer loop
      vertex 36.000000 1.600000 2.000000
      vertex 36.000000 0.000000 2.000000
      vertex 36.000000 0.000000 3.800000
    endloop
  endfacet
  facet normal -1.000000 0.000000 0.000000
    outer loop
      vertex 36.000000 1.600000 2.000000
      vertex 36.000000 0.000000 3.800000
      vertex 36.000000 1.600000 3.800000
    endloop
  endfacet
  facet normal 0.997859 0.065403 0.000000
    outer loop
      vertex 11.900000 115.500000 2.000000
      vertex 11.870057 115.956842 2.000000
      vertex 11.870057 115.956842 7.200000
    endloop
  endfacet
  facet normal 0.997859 0.065403 -0.000000
    outer loop
      vertex 11.900000 115.500000 2.000000
      vertex 11.870057 115.956842 7.200000
      vertex 11.900000 115.500000 7.200000
    endloop
  endfacet
  facet normal -0.997859 -0.065403 0.000000
    outer loop
      vertex 10.000000 115.500000 2.000000
      vertex 9.986312 115.708842 7.200000
      vertex 9.986312 115.708842 2.000000
    endloop
  endfacet
  facet normal -0.997859 -0.065403 0.000000
    outer loop
      vertex 10.000000 115.500000 2.000000
      vertex 10.000000 115.500000 7.200000
      vertex 9.986312 115.708842 7.200000
    endloop
  endfacet
  facet normal 0.000000 0.000000 1.000000
    outer loop
      vertex 11.900000 115.500000 7.200000
      vertex 11.870057 115.956842 7.200000
      vertex 9.986312 115.708842 7.200000
    endloop
  endfacet
  facet normal 0.000000 0.000000 1.000000
    outer loop
      vertex 11.900000 115.500000 7.200000
      vertex 9.986312 115.708842 7.200000
      vertex 10.000000 115.500000 7.200000
    endloop
  endfacet
  facet normal 0.000000 0.000000 -1.000000
    outer loop
      vertex 11.900000 115.500000 2.000000
      vertex 9.986312 115.708842 2.000000
      vertex 11.870057 115.956842 2.000000
    endloop
  endfacet
  facet normal 0.000000 0.000000 -1.000000
    outer loop
      vertex 11.900000 115.500000 2.000000
      vertex 10.000000 115.500000 2.000000
      vertex 9.986312 115.708842 2.000000
    endloop
  endfacet
  facet normal 0.980785 0.195090 0.000000
    outer loop
      vertex 11.870057 115.956842 2.000000
      vertex 11.780740 116.405867 2.000000
      vertex 11.780740 116.405867 7.200000
    endloop
  endfacet
  facet normal 0.980785 0.195090 -0.000000
    outer loop
      vertex 11.870057 115.956842 2.000000
      vertex 11.780740 116.405867 7.200000
      vertex 11.870057 115.956842 7.200000
    endloop
  endfacet
  facet normal -0.980785 -0.195090 0.000000
    outer loop
      vertex 9.986312 115.708842 2.000000
      vertex 9.945481 115.914110 7.200000
      vertex 9.945481 115.914110 2.000000
    endloop
  endfacet
  facet normal -0.980785 -0.195090 0.000000
    outer loop
      vertex 9.986312 115.708842 2.000000
      vertex 9.986312 115.708842 7.200000
      vertex 9.945481 115.914110 7.200000
    endloop
  endfacet
  facet normal 0.000000 0.000000 1.000000
    outer loop
      vertex 11.870057 115.956842 7.200000
      vertex 11.780740 116.405867 7.200000
      vertex 9.945481 115.914110 7.200000
    endloop
  endfacet
  facet normal 0.000000 0.000000 1.000000
    outer loop
      vertex 11.870057 115.956842 7.200000
      vertex 9.945481 115.914110 7.200000
      vertex 9.986312 115.708842 7.200000
    endloop
  endfacet
  facet normal -0.000000 0.000000 -1.000000
    outer loop
      vertex 11.870057 115.956842 2.000000
      vertex 9.945481 115.914110 2.000000
      vertex 11.780740 116.405867 2.000000
    endloop
  endfacet
  facet normal 0.000000 0.000000 -1.000000
    outer loop
      vertex 11.870057 115.956842 2.000000
      vertex 9.986312 115.708842 2.000000
      vertex 9.945481 115.914110 2.000000
    endloop
  endfacet
  facet normal 0.946930 0.321439 0.000000
    outer loop
      vertex 11.780740 116.405867 2.000000
      vertex 11.633578 116.839392 2.000000
      vertex 11.633578 116.839392 7.200000
    endloop
  endfacet
  facet normal 0.946930 0.321439 -0.000000
    outer loop
      vertex 11.780740 116.405867 2.000000
      vertex 11.633578 116.839392 7.200000
      vertex 11.780740 116.405867 7.200000
    endloop
  endfacet
  facet normal -0.946930 -0.321439 0.000000
    outer loop
      vertex 9.945481 115.914110 2.000000
      vertex 9.878207 116.112293 7.200000
      vertex 9.878207 116.112293 2.000000
    endloop
  endfacet
  facet normal -0.946930 -0.321439 0.000000
    outer loop
      vertex 9.945481 115.914110 2.000000
      vertex 9.945481 115.914110 7.200000
      vertex 9.878207 116.112293 7.200000
    endloop
  endfacet
  facet normal 0.000000 0.000000 1.000000
    outer loop
      vertex 11.780740 116.405867 7.200000
      vertex 11.633578 116.839392 7.200000
      vertex 9.878207 116.112293 7.200000
    endloop
  endfacet
  facet normal 0.000000 0.000000 1.000000
    outer loop
      vertex 11.780740 116.405867 7.200000
      vertex 9.878207 116.112293 7.200000
      vertex 9.945481 115.914110 7.200000
    endloop
  endfacet
  facet normal -0.000000 0.000000 -1.000000
    outer loop
      vertex 11.780740 116.405867 2.000000
      vertex 9.878207 116.112293 2.000000
      vertex 11.633578 116.839392 2.000000
    endloop
  endfacet
  facet normal 0.000000 0.000000 -1.000000
    outer loop
      vertex 11.780740 116.405867 2.000000
      vertex 9.945481 115.914110 2.000000
      vertex 9.878207 116.112293 2.000000
    endloop
  endfacet
  facet normal 0.896873 0.442289 0.000000
    outer loop
      vertex 11.633578 116.839392 2.000000
      vertex 11.431089 117.250000 2.000000
      vertex 11.431089 117.250000 7.200000
    endloop
  endfacet
  facet normal 0.896873 0.442289 -0.000000
    outer loop
      vertex 11.633578 116.839392 2.000000
      vertex 11.431089 117.250000 7.200000
      vertex 11.633578 116.839392 7.200000
    endloop
  endfacet
  facet normal -0.896873 -0.442289 0.000000
    outer loop
      vertex 9.878207 116.112293 2.000000
      vertex 9.785641 116.300000 7.200000
      vertex 9.785641 116.300000 2.000000
    endloop
  endfacet
  facet normal -0.896873 -0.442289 0.000000
    outer loop
      vertex 9.878207 116.112293 2.000000
      vertex 9.878207 116.112293 7.200000
      vertex 9.785641 116.300000 7.200000
    endloop
  endfacet
  facet normal 0.000000 0.000000 1.000000
    outer loop
      vertex 11.633578 116.839392 7.200000
      vertex 11.431089 117.250000 7.200000
      vertex 9.785641 116.300000 7.200000
    endloop
  endfacet
  facet normal 0.000000 0.000000 1.000000
    outer loop
      vertex 11.633578 116.839392 7.200000
      vertex 9.785641 116.300000 7.200000
      vertex 9.878207 116.112293 7.200000
    endloop
  endfacet
  facet normal -0.000000 0.000000 -1.000000
    outer loop
      vertex 11.633578 116.839392 2.000000
      vertex 9.785641 116.300000 2.000000
      vertex 11.431089 117.250000 2.000000
    endloop
  endfacet
  facet normal 0.000000 0.000000 -1.000000
    outer loop
      vertex 11.633578 116.839392 2.000000
      vertex 9.878207 116.112293 2.000000
      vertex 9.785641 116.300000 2.000000
    endloop
  endfacet
  facet normal 0.831470 0.555570 0.000000
    outer loop
      vertex 11.431089 117.250000 2.000000
      vertex 11.176737 117.630665 2.000000
      vertex 11.176737 117.630665 7.200000
    endloop
  endfacet
  facet normal 0.831470 0.555570 -0.000000
    outer loop
      vertex 11.431089 117.250000 2.000000
      vertex 11.176737 117.630665 7.200000
      vertex 11.431089 117.250000 7.200000
    endloop
  endfacet
  facet normal -0.831470 -0.555570 0.000000
    outer loop
      vertex 9.785641 116.300000 2.000000
      vertex 9.669365 116.474018 7.200000
      vertex 9.669365 116.474018 2.000000
    endloop
  endfacet
  facet normal -0.831470 -0.555570 0.000000
    outer loop
      vertex 9.785641 116.300000 2.000000
      vertex 9.785641 116.300000 7.200000
      vertex 9.669365 116.474018 7.200000
    endloop
  endfacet
  facet normal 0.000000 0.000000 1.000000
    outer loop
      vertex 11.431089 117.250000 7.200000
      vertex 11.176737 117.630665 7.200000
      vertex 9.669365 116.474018 7.200000
    endloop
  endfacet
  facet normal 0.000000 0.000000 1.000000
    outer loop
      vertex 11.431089 117.250000 7.200000
      vertex 9.669365 116.474018 7.200000
      vertex 9.785641 116.300000 7.200000
    endloop
  endfacet
  facet normal -0.000000 0.000000 -1.000000
    outer loop
      vertex 11.431089 117.250000 2.000000
      vertex 9.669365 116.474018 2.000000
      vertex 11.176737 117.630665 2.000000
    endloop
  endfacet
  facet normal 0.000000 0.000000 -1.000000
    outer loop
      vertex 11.431089 117.250000 2.000000
      vertex 9.785641 116.300000 2.000000
      vertex 9.669365 116.474018 2.000000
    endloop
  endfacet
  facet normal 0.751840 0.659346 0.000000
    outer loop
      vertex 11.176737 117.630665 2.000000
      vertex 10.874874 117.974874 2.000000
      vertex 10.874874 117.974874 7.200000
    endloop
  endfacet
  facet normal 0.751840 0.659346 -0.000000
    outer loop
      vertex 11.176737 117.630665 2.000000
      vertex 10.874874 117.974874 7.200000
      vertex 11.176737 117.630665 7.200000
    endloop
  endfacet
  facet normal -0.751840 -0.659346 0.000000
    outer loop
      vertex 9.669365 116.474018 2.000000
      vertex 9.531371 116.631371 7.200000
      vertex 9.531371 116.631371 2.000000
    endloop
  endfacet
  facet normal -0.751840 -0.659346 0.000000
    outer loop
      vertex 9.669365 116.474018 2.000000
      vertex 9.669365 116.474018 7.200000
      vertex 9.531371 116.631371 7.200000
    endloop
  endfacet
  facet normal 0.000000 0.000000 1.000000
    outer loop
      vertex 11.176737 117.630665 7.200000
      vertex 10.874874 117.974874 7.200000
      vertex 9.531371 116.631371 7.200000
    endloop
  endfacet
  facet normal 0.000000 0.000000 1.000000
    outer loop
      vertex 11.176737 117.630665 7.200000
      vertex 9.531371 116.631371 7.200000
      vertex 9.669365 116.474018 7.200000
    endloop
  endfacet
  facet normal -0.000000 0.000000 -1.000000
    outer loop
      vertex 11.176737 117.630665 2.000000
      vertex 9.531371 116.631371 2.000000
      vertex 10.874874 117.974874 2.000000
    endloop
  endfacet
  facet normal 0.000000 0.000000 -1.000000
    outer loop
      vertex 11.176737 117.630665 2.000000
      vertex 9.669365 116.474018 2.000000
      vertex 9.531371 116.631371 2.000000
    endloop
  endfacet
  facet normal 0.659346 0.751840 0.000000
    outer loop
      vertex 10.874874 117.974874 2.000000
      vertex 10.530665 118.276737 2.000000
      vertex 10.530665 118.276737 7.200000
    endloop
  endfacet
  facet normal 0.659346 0.751840 -0.000000
    outer loop
      vertex 10.874874 117.974874 2.000000
      vertex 10.530665 118.276737 7.200000
      vertex 10.874874 117.974874 7.200000
    endloop
  endfacet
  facet normal -0.659346 -0.751840 0.000000
    outer loop
      vertex 9.531371 116.631371 2.000000
      vertex 9.374018 116.769365 7.200000
      vertex 9.374018 116.769365 2.000000
    endloop
  endfacet
  facet normal -0.659346 -0.751840 0.000000
    outer loop
      vertex 9.531371 116.631371 2.000000
      vertex 9.531371 116.631371 7.200000
      vertex 9.374018 116.769365 7.200000
    endloop
  endfacet
  facet normal 0.000000 0.000000 1.000000
    outer loop
      vertex 10.874874 117.974874 7.200000
      vertex 10.530665 118.276737 7.200000
      vertex 9.374018 116.769365 7.200000
    endloop
  endfacet
  facet normal 0.000000 0.000000 1.000000
    outer loop
      vertex 10.874874 117.974874 7.200000
      vertex 9.374018 116.769365 7.200000
      vertex 9.531371 116.631371 7.200000
    endloop
  endfacet
  facet normal -0.000000 0.000000 -1.000000
    outer loop
      vertex 10.874874 117.974874 2.000000
      vertex 9.374018 116.769365 2.000000
      vertex 10.530665 118.276737 2.000000
    endloop
  endfacet
  facet normal 0.000000 0.000000 -1.000000
    outer loop
      vertex 10.874874 117.974874 2.000000
      vertex 9.531371 116.631371 2.000000
      vertex 9.374018 116.769365 2.000000
    endloop
  endfacet
  facet normal 0.555570 0.831470 0.000000
    outer loop
      vertex 10.530665 118.276737 2.000000
      vertex 10.150000 118.531089 2.000000
      vertex 10.150000 118.531089 7.200000
    endloop
  endfacet
  facet normal 0.555570 0.831470 -0.000000
    outer loop
      vertex 10.530665 118.276737 2.000000
      vertex 10.150000 118.531089 7.200000
      vertex 10.530665 118.276737 7.200000
    endloop
  endfacet
  facet normal -0.555570 -0.831470 0.000000
    outer loop
      vertex 9.374018 116.769365 2.000000
      vertex 9.200000 116.885641 7.200000
      vertex 9.200000 116.885641 2.000000
    endloop
  endfacet
  facet normal -0.555570 -0.831470 0.000000
    outer loop
      vertex 9.374018 116.769365 2.000000
      vertex 9.374018 116.769365 7.200000
      vertex 9.200000 116.885641 7.200000
    endloop
  endfacet
  facet normal 0.000000 0.000000 1.000000
    outer loop
      vertex 10.530665 118.276737 7.200000
      vertex 10.150000 118.531089 7.200000
      vertex 9.200000 116.885641 7.200000
    endloop
  endfacet
  facet normal 0.000000 0.000000 1.000000
    outer loop
      vertex 10.530665 118.276737 7.200000
      vertex 9.200000 116.885641 7.200000
      vertex 9.374018 116.769365 7.200000
    endloop
  endfacet
  facet normal -0.000000 0.000000 -1.000000
    outer loop
      vertex 10.530665 118.276737 2.000000
      vertex 9.200000 116.885641 2.000000
      vertex 10.150000 118.531089 2.000000
    endloop
  endfacet
  facet normal 0.000000 0.000000 -1.000000
    outer loop
      vertex 10.530665 118.276737 2.000000
      vertex 9.374018 116.769365 2.000000
      vertex 9.200000 116.885641 2.000000
    endloop
  endfacet
  facet normal 0.442289 0.896873 0.000000
    outer loop
      vertex 10.150000 118.531089 2.000000
      vertex 9.739392 118.733578 2.000000
      vertex 9.739392 118.733578 7.200000
    endloop
  endfacet
  facet normal 0.442289 0.896873 -0.000000
    outer loop
      vertex 10.150000 118.531089 2.000000
      vertex 9.739392 118.733578 7.200000
      vertex 10.150000 118.531089 7.200000
    endloop
  endfacet
  facet normal -0.442289 -0.896873 0.000000
    outer loop
      vertex 9.200000 116.885641 2.000000
      vertex 9.012293 116.978207 7.200000
      vertex 9.012293 116.978207 2.000000
    endloop
  endfacet
  facet normal -0.442289 -0.896873 0.000000
    outer loop
      vertex 9.200000 116.885641 2.000000
      vertex 9.200000 116.885641 7.200000
      vertex 9.012293 116.978207 7.200000
    endloop
  endfacet
  facet normal 0.000000 0.000000 1.000000
    outer loop
      vertex 10.150000 118.531089 7.200000
      vertex 9.739392 118.733578 7.200000
      vertex 9.012293 116.978207 7.200000
    endloop
  endfacet
  facet normal 0.000000 0.000000 1.000000
    outer loop
      vertex 10.150000 118.531089 7.200000
      vertex 9.012293 116.978207 7.200000
      vertex 9.200000 116.885641 7.200000
    endloop
  endfacet
  facet normal -0.000000 0.000000 -1.000000
    outer loop
      vertex 10.150000 118.531089 2.000000
      vertex 9.012293 116.978207 2.000000
      vertex 9.739392 118.733578 2.000000
    endloop
  endfacet
  facet normal 0.000000 0.000000 -1.000000
    outer loop
      vertex 10.150000 118.531089 2.000000
      vertex 9.200000 116.885641 2.000000
      vertex 9.012293 116.978207 2.000000
    endloop
  endfacet
  facet normal 0.321439 0.946930 0.000000
    outer loop
      vertex 9.739392 118.733578 2.000000
      vertex 9.305867 118.880740 2.000000
      vertex 9.305867 118.880740 7.200000
    endloop
  endfacet
  facet normal 0.321439 0.946930 -0.000000
    outer loop
      vertex 9.739392 118.733578 2.000000
      vertex 9.305867 118.880740 7.200000
      vertex 9.739392 118.733578 7.200000
    endloop
  endfacet
  facet normal -0.321439 -0.946930 0.000000
    outer loop
      vertex 9.012293 116.978207 2.000000
      vertex 8.814110 117.045481 7.200000
      vertex 8.814110 117.045481 2.000000
    endloop
  endfacet
  facet normal -0.321439 -0.946930 0.000000
    outer loop
      vertex 9.012293 116.978207 2.000000
      vertex 9.012293 116.978207 7.200000
      vertex 8.814110 117.045481 7.200000
    endloop
  endfacet
  facet normal 0.000000 0.000000 1.000000
    outer loop
      vertex 9.739392 118.733578 7.200000
      vertex 9.305867 118.880740 7.200000
      vertex 8.814110 117.045481 7.200000
    endloop
  endfacet
  facet normal 0.000000 0.000000 1.000000
    outer loop
      vertex 9.739392 118.733578 7.200000
      vertex 8.814110 117.045481 7.200000
      vertex 9.012293 116.978207 7.200000
    endloop
  endfacet
  facet normal -0.000000 0.000000 -1.000000
    outer loop
      vertex 9.739392 118.733578 2.000000
      vertex 8.814110 117.045481 2.000000
      vertex 9.305867 118.880740 2.000000
    endloop
  endfacet
  facet normal 0.000000 0.000000 -1.000000
    outer loop
      vertex 9.739392 118.733578 2.000000
      vertex 9.012293 116.978207 2.000000
      vertex 8.814110 117.045481 2.000000
    endloop
  endfacet
  facet normal 0.195090 0.980785 0.000000
    outer loop
      vertex 9.305867 118.880740 2.000000
      vertex 8.856842 118.970057 2.000000
      vertex 8.856842 118.970057 7.200000
    endloop
  endfacet
  facet normal 0.195090 0.980785 -0.000000
    outer loop
      vertex 9.305867 118.880740 2.000000
      vertex 8.856842 118.970057 7.200000
      vertex 9.305867 118.880740 7.200000
    endloop
  endfacet
  facet normal -0.195090 -0.980785 0.000000
    outer loop
      vertex 8.814110 117.045481 2.000000
      vertex 8.608842 117.086312 7.200000
      vertex 8.608842 117.086312 2.000000
    endloop
  endfacet
  facet normal -0.195090 -0.980785 0.000000
    outer loop
      vertex 8.814110 117.045481 2.000000
      vertex 8.814110 117.045481 7.200000
      vertex 8.608842 117.086312 7.200000
    endloop
  endfacet
  facet normal 0.000000 0.000000 1.000000
    outer loop
      vertex 9.305867 118.880740 7.200000
      vertex 8.856842 118.970057 7.200000
      vertex 8.608842 117.086312 7.200000
    endloop
  endfacet
  facet normal 0.000000 0.000000 1.000000
    outer loop
      vertex 9.305867 118.880740 7.200000
      vertex 8.608842 117.086312 7.200000
      vertex 8.814110 117.045481 7.200000
    endloop
  endfacet
  facet normal -0.000000 0.000000 -1.000000
    outer loop
      vertex 9.305867 118.880740 2.000000
      vertex 8.608842 117.086312 2.000000
      vertex 8.856842 118.970057 2.000000
    endloop
  endfacet
  facet normal 0.000000 0.000000 -1.000000
    outer loop
      vertex 9.305867 118.880740 2.000000
      vertex 8.814110 117.045481 2.000000
      vertex 8.608842 117.086312 2.000000
    endloop
  endfacet
  facet normal 0.065403 0.997859 0.000000
    outer loop
      vertex 8.856842 118.970057 2.000000
      vertex 8.400000 119.000000 2.000000
      vertex 8.400000 119.000000 7.200000
    endloop
  endfacet
  facet normal 0.065403 0.997859 -0.000000
    outer loop
      vertex 8.856842 118.970057 2.000000
      vertex 8.400000 119.000000 7.200000
      vertex 8.856842 118.970057 7.200000
    endloop
  endfacet
  facet normal -0.065403 -0.997859 0.000000
    outer loop
      vertex 8.608842 117.086312 2.000000
      vertex 8.400000 117.100000 7.200000
      vertex 8.400000 117.100000 2.000000
    endloop
  endfacet
  facet normal -0.065403 -0.997859 0.000000
    outer loop
      vertex 8.608842 117.086312 2.000000
      vertex 8.608842 117.086312 7.200000
      vertex 8.400000 117.100000 7.200000
    endloop
  endfacet
  facet normal 0.000000 0.000000 1.000000
    outer loop
      vertex 8.856842 118.970057 7.200000
      vertex 8.400000 119.000000 7.200000
      vertex 8.400000 117.100000 7.200000
    endloop
  endfacet
  facet normal 0.000000 0.000000 1.000000
    outer loop
      vertex 8.856842 118.970057 7.200000
      vertex 8.400000 117.100000 7.200000
      vertex 8.608842 117.086312 7.200000
    endloop
  endfacet
  facet normal -0.000000 0.000000 -1.000000
    outer loop
      vertex 8.856842 118.970057 2.000000
      vertex 8.400000 117.100000 2.000000
      vertex 8.400000 119.000000 2.000000
    endloop
  endfacet
  facet normal 0.000000 0.000000 -1.000000
    outer loop
      vertex 8.856842 118.970057 2.000000
      vertex 8.608842 117.086312 2.000000
      vertex 8.400000 117.100000 2.000000
    endloop
  endfacet
  facet normal -0.065403 0.997859 0.000000
    outer loop
      vertex 8.400000 119.000000 2.000000
      vertex 7.943158 118.970057 2.000000
      vertex 7.943158 118.970057 7.200000
    endloop
  endfacet
  facet normal -0.065403 0.997859 0.000000
    outer loop
      vertex 8.400000 119.000000 2.000000
      vertex 7.943158 118.970057 7.200000
      vertex 8.400000 119.000000 7.200000
    endloop
  endfacet
  facet normal 0.065403 -0.997859 0.000000
    outer loop
      vertex 8.400000 117.100000 2.000000
      vertex 8.191158 117.086312 7.200000
      vertex 8.191158 117.086312 2.000000
    endloop
  endfacet
  facet normal 0.065403 -0.997859 0.000000
    outer loop
      vertex 8.400000 117.100000 2.000000
      vertex 8.400000 117.100000 7.200000
      vertex 8.191158 117.086312 7.200000
    endloop
  endfacet
  facet normal 0.000000 0.000000 1.000000
    outer loop
      vertex 8.400000 119.000000 7.200000
      vertex 7.943158 118.970057 7.200000
      vertex 8.191158 117.086312 7.200000
    endloop
  endfacet
  facet normal 0.000000 0.000000 1.000000
    outer loop
      vertex 8.400000 119.000000 7.200000
      vertex 8.191158 117.086312 7.200000
      vertex 8.400000 117.100000 7.200000
    endloop
  endfacet
  facet normal 0.000000 0.000000 -1.000000
    outer loop
      vertex 8.400000 119.000000 2.000000
      vertex 8.191158 117.086312 2.000000
      vertex 7.943158 118.970057 2.000000
    endloop
  endfacet
  facet normal 0.000000 -0.000000 -1.000000
    outer loop
      vertex 8.400000 119.000000 2.000000
      vertex 8.400000 117.100000 2.000000
      vertex 8.191158 117.086312 2.000000
    endloop
  endfacet
  facet normal -0.195090 0.980785 0.000000
    outer loop
      vertex 7.943158 118.970057 2.000000
      vertex 7.494133 118.880740 2.000000
      vertex 7.494133 118.880740 7.200000
    endloop
  endfacet
  facet normal -0.195090 0.980785 0.000000
    outer loop
      vertex 7.943158 118.970057 2.000000
      vertex 7.494133 118.880740 7.200000
      vertex 7.943158 118.970057 7.200000
    endloop
  endfacet
  facet normal 0.195090 -0.980785 0.000000
    outer loop
      vertex 8.191158 117.086312 2.000000
      vertex 7.985890 117.045481 7.200000
      vertex 7.985890 117.045481 2.000000
    endloop
  endfacet
  facet normal 0.195090 -0.980785 0.000000
    outer loop
      vertex 8.191158 117.086312 2.000000
      vertex 8.191158 117.086312 7.200000
      vertex 7.985890 117.045481 7.200000
    endloop
  endfacet
  facet normal 0.000000 0.000000 1.000000
    outer loop
      vertex 7.943158 118.970057 7.200000
      vertex 7.494133 118.880740 7.200000
      vertex 7.985890 117.045481 7.200000
    endloop
  endfacet
  facet normal 0.000000 0.000000 1.000000
    outer loop
      vertex 7.943158 118.970057 7.200000
      vertex 7.985890 117.045481 7.200000
      vertex 8.191158 117.086312 7.200000
    endloop
  endfacet
  facet normal 0.000000 -0.000000 -1.000000
    outer loop
      vertex 7.943158 118.970057 2.000000
      vertex 7.985890 117.045481 2.000000
      vertex 7.494133 118.880740 2.000000
    endloop
  endfacet
  facet normal 0.000000 0.000000 -1.000000
    outer loop
      vertex 7.943158 118.970057 2.000000
      vertex 8.191158 117.086312 2.000000
      vertex 7.985890 117.045481 2.000000
    endloop
  endfacet
  facet normal -0.321439 0.946930 0.000000
    outer loop
      vertex 7.494133 118.880740 2.000000
      vertex 7.060608 118.733578 2.000000
      vertex 7.060608 118.733578 7.200000
    endloop
  endfacet
  facet normal -0.321439 0.946930 0.000000
    outer loop
      vertex 7.494133 118.880740 2.000000
      vertex 7.060608 118.733578 7.200000
      vertex 7.494133 118.880740 7.200000
    endloop
  endfacet
  facet normal 0.321439 -0.946930 0.000000
    outer loop
      vertex 7.985890 117.045481 2.000000
      vertex 7.787707 116.978207 7.200000
      vertex 7.787707 116.978207 2.000000
    endloop
  endfacet
  facet normal 0.321439 -0.946930 0.000000
    outer loop
      vertex 7.985890 117.045481 2.000000
      vertex 7.985890 117.045481 7.200000
      vertex 7.787707 116.978207 7.200000
    endloop
  endfacet
  facet normal 0.000000 0.000000 1.000000
    outer loop
      vertex 7.494133 118.880740 7.200000
      vertex 7.060608 118.733578 7.200000
      vertex 7.787707 116.978207 7.200000
    endloop
  endfacet
  facet normal 0.000000 0.000000 1.000000
    outer loop
      vertex 7.494133 118.880740 7.200000
      vertex 7.787707 116.978207 7.200000
      vertex 7.985890 117.045481 7.200000
    endloop
  endfacet
  facet normal 0.000000 -0.000000 -1.000000
    outer loop
      vertex 7.494133 118.880740 2.000000
      vertex 7.787707 116.978207 2.000000
      vertex 7.060608 118.733578 2.000000
    endloop
  endfacet
  facet normal 0.000000 0.000000 -1.000000
    outer loop
      vertex 7.494133 118.880740 2.000000
      vertex 7.985890 117.045481 2.000000
      vertex 7.787707 116.978207 2.000000
    endloop
  endfacet
  facet normal -0.442289 0.896873 0.000000
    outer loop
      vertex 7.060608 118.733578 2.000000
      vertex 6.650000 118.531089 2.000000
      vertex 6.650000 118.531089 7.200000
    endloop
  endfacet
  facet normal -0.442289 0.896873 0.000000
    outer loop
      vertex 7.060608 118.733578 2.000000
      vertex 6.650000 118.531089 7.200000
      vertex 7.060608 118.733578 7.200000
    endloop
  endfacet
  facet normal 0.442289 -0.896873 0.000000
    outer loop
      vertex 7.787707 116.978207 2.000000
      vertex 7.600000 116.885641 7.200000
      vertex 7.600000 116.885641 2.000000
    endloop
  endfacet
  facet normal 0.442289 -0.896873 0.000000
    outer loop
      vertex 7.787707 116.978207 2.000000
      vertex 7.787707 116.978207 7.200000
      vertex 7.600000 116.885641 7.200000
    endloop
  endfacet
  facet normal 0.000000 0.000000 1.000000
    outer loop
      vertex 7.060608 118.733578 7.200000
      vertex 6.650000 118.531089 7.200000
      vertex 7.600000 116.885641 7.200000
    endloop
  endfacet
  facet normal 0.000000 0.000000 1.000000
    outer loop
      vertex 7.060608 118.733578 7.200000
      vertex 7.600000 116.885641 7.200000
      vertex 7.787707 116.978207 7.200000
    endloop
  endfacet
  facet normal 0.000000 -0.000000 -1.000000
    outer loop
      vertex 7.060608 118.733578 2.000000
      vertex 7.600000 116.885641 2.000000
      vertex 6.650000 118.531089 2.000000
    endloop
  endfacet
  facet normal 0.000000 0.000000 -1.000000
    outer loop
      vertex 7.060608 118.733578 2.000000
      vertex 7.787707 116.978207 2.000000
      vertex 7.600000 116.885641 2.000000
    endloop
  endfacet
  facet normal -0.555570 0.831470 0.000000
    outer loop
      vertex 6.650000 118.531089 2.000000
      vertex 6.269335 118.276737 2.000000
      vertex 6.269335 118.276737 7.200000
    endloop
  endfacet
  facet normal -0.555570 0.831470 0.000000
    outer loop
      vertex 6.650000 118.531089 2.000000
      vertex 6.269335 118.276737 7.200000
      vertex 6.650000 118.531089 7.200000
    endloop
  endfacet
  facet normal 0.555570 -0.831470 0.000000
    outer loop
      vertex 7.600000 116.885641 2.000000
      vertex 7.425982 116.769365 7.200000
      vertex 7.425982 116.769365 2.000000
    endloop
  endfacet
  facet normal 0.555570 -0.831470 0.000000
    outer loop
      vertex 7.600000 116.885641 2.000000
      vertex 7.600000 116.885641 7.200000
      vertex 7.425982 116.769365 7.200000
    endloop
  endfacet
  facet normal 0.000000 0.000000 1.000000
    outer loop
      vertex 6.650000 118.531089 7.200000
      vertex 6.269335 118.276737 7.200000
      vertex 7.425982 116.769365 7.200000
    endloop
  endfacet
  facet normal 0.000000 0.000000 1.000000
    outer loop
      vertex 6.650000 118.531089 7.200000
      vertex 7.425982 116.769365 7.200000
      vertex 7.600000 116.885641 7.200000
    endloop
  endfacet
  facet normal 0.000000 -0.000000 -1.000000
    outer loop
      vertex 6.650000 118.531089 2.000000
      vertex 7.425982 116.769365 2.000000
      vertex 6.269335 118.276737 2.000000
    endloop
  endfacet
  facet normal 0.000000 0.000000 -1.000000
    outer loop
      vertex 6.650000 118.531089 2.000000
      vertex 7.600000 116.885641 2.000000
      vertex 7.425982 116.769365 2.000000
    endloop
  endfacet
  facet normal -0.659346 0.751840 0.000000
    outer loop
      vertex 6.269335 118.276737 2.000000
      vertex 5.925126 117.974874 2.000000
      vertex 5.925126 117.974874 7.200000
    endloop
  endfacet
  facet normal -0.659346 0.751840 0.000000
    outer loop
      vertex 6.269335 118.276737 2.000000
      vertex 5.925126 117.974874 7.200000
      vertex 6.269335 118.276737 7.200000
    endloop
  endfacet
  facet normal 0.659346 -0.751840 0.000000
    outer loop
      vertex 7.425982 116.769365 2.000000
      vertex 7.268629 116.631371 7.200000
      vertex 7.268629 116.631371 2.000000
    endloop
  endfacet
  facet normal 0.659346 -0.751840 0.000000
    outer loop
      vertex 7.425982 116.769365 2.000000
      vertex 7.425982 116.769365 7.200000
      vertex 7.268629 116.631371 7.200000
    endloop
  endfacet
  facet normal 0.000000 0.000000 1.000000
    outer loop
      vertex 6.269335 118.276737 7.200000
      vertex 5.925126 117.974874 7.200000
      vertex 7.268629 116.631371 7.200000
    endloop
  endfacet
  facet normal 0.000000 0.000000 1.000000
    outer loop
      vertex 6.269335 118.276737 7.200000
      vertex 7.268629 116.631371 7.200000
      vertex 7.425982 116.769365 7.200000
    endloop
  endfacet
  facet normal 0.000000 -0.000000 -1.000000
    outer loop
      vertex 6.269335 118.276737 2.000000
      vertex 7.268629 116.631371 2.000000
      vertex 5.925126 117.974874 2.000000
    endloop
  endfacet
  facet normal 0.000000 0.000000 -1.000000
    outer loop
      vertex 6.269335 118.276737 2.000000
      vertex 7.425982 116.769365 2.000000
      vertex 7.268629 116.631371 2.000000
    endloop
  endfacet
  facet normal -0.751840 0.659346 0.000000
    outer loop
      vertex 5.925126 117.974874 2.000000
      vertex 5.623263 117.630665 2.000000
      vertex 5.623263 117.630665 7.200000
    endloop
  endfacet
  facet normal -0.751840 0.659346 0.000000
    outer loop
      vertex 5.925126 117.974874 2.000000
      vertex 5.623263 117.630665 7.200000
      vertex 5.925126 117.974874 7.200000
    endloop
  endfacet
  facet normal 0.751840 -0.659346 0.000000
    outer loop
      vertex 7.268629 116.631371 2.000000
      vertex 7.130635 116.474018 7.200000
      vertex 7.130635 116.474018 2.000000
    endloop
  endfacet
  facet normal 0.751840 -0.659346 0.000000
    outer loop
      vertex 7.268629 116.631371 2.000000
      vertex 7.268629 116.631371 7.200000
      vertex 7.130635 116.474018 7.200000
    endloop
  endfacet
  facet normal 0.000000 0.000000 1.000000
    outer loop
      vertex 5.925126 117.974874 7.200000
      vertex 5.623263 117.630665 7.200000
      vertex 7.130635 116.474018 7.200000
    endloop
  endfacet
  facet normal 0.000000 0.000000 1.000000
    outer loop
      vertex 5.925126 117.974874 7.200000
      vertex 7.130635 116.474018 7.200000
      vertex 7.268629 116.631371 7.200000
    endloop
  endfacet
  facet normal 0.000000 -0.000000 -1.000000
    outer loop
      vertex 5.925126 117.974874 2.000000
      vertex 7.130635 116.474018 2.000000
      vertex 5.623263 117.630665 2.000000
    endloop
  endfacet
  facet normal 0.000000 0.000000 -1.000000
    outer loop
      vertex 5.925126 117.974874 2.000000
      vertex 7.268629 116.631371 2.000000
      vertex 7.130635 116.474018 2.000000
    endloop
  endfacet
  facet normal -0.831470 0.555570 0.000000
    outer loop
      vertex 5.623263 117.630665 2.000000
      vertex 5.368911 117.250000 2.000000
      vertex 5.368911 117.250000 7.200000
    endloop
  endfacet
  facet normal -0.831470 0.555570 0.000000
    outer loop
      vertex 5.623263 117.630665 2.000000
      vertex 5.368911 117.250000 7.200000
      vertex 5.623263 117.630665 7.200000
    endloop
  endfacet
  facet normal 0.831470 -0.555570 0.000000
    outer loop
      vertex 7.130635 116.474018 2.000000
      vertex 7.014359 116.300000 7.200000
      vertex 7.014359 116.300000 2.000000
    endloop
  endfacet
  facet normal 0.831470 -0.555570 0.000000
    outer loop
      vertex 7.130635 116.474018 2.000000
      vertex 7.130635 116.474018 7.200000
      vertex 7.014359 116.300000 7.200000
    endloop
  endfacet
  facet normal 0.000000 0.000000 1.000000
    outer loop
      vertex 5.623263 117.630665 7.200000
      vertex 5.368911 117.250000 7.200000
      vertex 7.014359 116.300000 7.200000
    endloop
  endfacet
  facet normal 0.000000 0.000000 1.000000
    outer loop
      vertex 5.623263 117.630665 7.200000
      vertex 7.014359 116.300000 7.200000
      vertex 7.130635 116.474018 7.200000
    endloop
  endfacet
  facet normal 0.000000 -0.000000 -1.000000
    outer loop
      vertex 5.623263 117.630665 2.000000
      vertex 7.014359 116.300000 2.000000
      vertex 5.368911 117.250000 2.000000
    endloop
  endfacet
  facet normal 0.000000 0.000000 -1.000000
    outer loop
      vertex 5.623263 117.630665 2.000000
      vertex 7.130635 116.474018 2.000000
      vertex 7.014359 116.300000 2.000000
    endloop
  endfacet
  facet normal -0.896873 0.442289 0.000000
    outer loop
      vertex 5.368911 117.250000 2.000000
      vertex 5.166422 116.839392 2.000000
      vertex 5.166422 116.839392 7.200000
    endloop
  endfacet
  facet normal -0.896873 0.442289 0.000000
    outer loop
      vertex 5.368911 117.250000 2.000000
      vertex 5.166422 116.839392 7.200000
      vertex 5.368911 117.250000 7.200000
    endloop
  endfacet
  facet normal 0.896873 -0.442289 0.000000
    outer loop
      vertex 7.014359 116.300000 2.000000
      vertex 6.921793 116.112293 7.200000
      vertex 6.921793 116.112293 2.000000
    endloop
  endfacet
  facet normal 0.896873 -0.442289 0.000000
    outer loop
      vertex 7.014359 116.300000 2.000000
      vertex 7.014359 116.300000 7.200000
      vertex 6.921793 116.112293 7.200000
    endloop
  endfacet
  facet normal 0.000000 0.000000 1.000000
    outer loop
      vertex 5.368911 117.250000 7.200000
      vertex 5.166422 116.839392 7.200000
      vertex 6.921793 116.112293 7.200000
    endloop
  endfacet
  facet normal 0.000000 0.000000 1.000000
    outer loop
      vertex 5.368911 117.250000 7.200000
      vertex 6.921793 116.112293 7.200000
      vertex 7.014359 116.300000 7.200000
    endloop
  endfacet
  facet normal 0.000000 -0.000000 -1.000000
    outer loop
      vertex 5.368911 117.250000 2.000000
      vertex 6.921793 116.112293 2.000000
      vertex 5.166422 116.839392 2.000000
    endloop
  endfacet
  facet normal 0.000000 0.000000 -1.000000
    outer loop
      vertex 5.368911 117.250000 2.000000
      vertex 7.014359 116.300000 2.000000
      vertex 6.921793 116.112293 2.000000
    endloop
  endfacet
  facet normal -0.946930 0.321439 0.000000
    outer loop
      vertex 5.166422 116.839392 2.000000
      vertex 5.019260 116.405867 2.000000
      vertex 5.019260 116.405867 7.200000
    endloop
  endfacet
  facet normal -0.946930 0.321439 0.000000
    outer loop
      vertex 5.166422 116.839392 2.000000
      vertex 5.019260 116.405867 7.200000
      vertex 5.166422 116.839392 7.200000
    endloop
  endfacet
  facet normal 0.946930 -0.321439 0.000000
    outer loop
      vertex 6.921793 116.112293 2.000000
      vertex 6.854519 115.914110 7.200000
      vertex 6.854519 115.914110 2.000000
    endloop
  endfacet
  facet normal 0.946930 -0.321439 0.000000
    outer loop
      vertex 6.921793 116.112293 2.000000
      vertex 6.921793 116.112293 7.200000
      vertex 6.854519 115.914110 7.200000
    endloop
  endfacet
  facet normal 0.000000 0.000000 1.000000
    outer loop
      vertex 5.166422 116.839392 7.200000
      vertex 5.019260 116.405867 7.200000
      vertex 6.854519 115.914110 7.200000
    endloop
  endfacet
  facet normal 0.000000 0.000000 1.000000
    outer loop
      vertex 5.166422 116.839392 7.200000
      vertex 6.854519 115.914110 7.200000
      vertex 6.921793 116.112293 7.200000
    endloop
  endfacet
  facet normal 0.000000 -0.000000 -1.000000
    outer loop
      vertex 5.166422 116.839392 2.000000
      vertex 6.854519 115.914110 2.000000
      vertex 5.019260 116.405867 2.000000
    endloop
  endfacet
  facet normal 0.000000 0.000000 -1.000000
    outer loop
      vertex 5.166422 116.839392 2.000000
      vertex 6.921793 116.112293 2.000000
      vertex 6.854519 115.914110 2.000000
    endloop
  endfacet
  facet normal -0.980785 0.195090 0.000000
    outer loop
      vertex 5.019260 116.405867 2.000000
      vertex 4.929943 115.956842 2.000000
      vertex 4.929943 115.956842 7.200000
    endloop
  endfacet
  facet normal -0.980785 0.195090 0.000000
    outer loop
      vertex 5.019260 116.405867 2.000000
      vertex 4.929943 115.956842 7.200000
      vertex 5.019260 116.405867 7.200000
    endloop
  endfacet
  facet normal 0.980785 -0.195090 0.000000
    outer loop
      vertex 6.854519 115.914110 2.000000
      vertex 6.813688 115.708842 7.200000
      vertex 6.813688 115.708842 2.000000
    endloop
  endfacet
  facet normal 0.980785 -0.195090 0.000000
    outer loop
      vertex 6.854519 115.914110 2.000000
      vertex 6.854519 115.914110 7.200000
      vertex 6.813688 115.708842 7.200000
    endloop
  endfacet
  facet normal 0.000000 0.000000 1.000000
    outer loop
      vertex 5.019260 116.405867 7.200000
      vertex 4.929943 115.956842 7.200000
      vertex 6.813688 115.708842 7.200000
    endloop
  endfacet
  facet normal 0.000000 0.000000 1.000000
    outer loop
      vertex 5.019260 116.405867 7.200000
      vertex 6.813688 115.708842 7.200000
      vertex 6.854519 115.914110 7.200000
    endloop
  endfacet
  facet normal 0.000000 -0.000000 -1.000000
    outer loop
      vertex 5.019260 116.405867 2.000000
      vertex 6.813688 115.708842 2.000000
      vertex 4.929943 115.956842 2.000000
    endloop
  endfacet
  facet normal 0.000000 0.000000 -1.000000
    outer loop
      vertex 5.019260 116.405867 2.000000
      vertex 6.854519 115.914110 2.000000
      vertex 6.813688 115.708842 2.000000
    endloop
  endfacet
  facet normal -0.997859 0.065403 0.000000
    outer loop
      vertex 4.929943 115.956842 2.000000
      vertex 4.900000 115.500000 2.000000
      vertex 4.900000 115.500000 7.200000
    endloop
  endfacet
  facet normal -0.997859 0.065403 0.000000
    outer loop
      vertex 4.929943 115.956842 2.000000
      vertex 4.900000 115.500000 7.200000
      vertex 4.929943 115.956842 7.200000
    endloop
  endfacet
  facet normal 0.997859 -0.065403 0.000000
    outer loop
      vertex 6.813688 115.708842 2.000000
      vertex 6.800000 115.500000 7.200000
      vertex 6.800000 115.500000 2.000000
    endloop
  endfacet
  facet normal 0.997859 -0.065403 0.000000
    outer loop
      vertex 6.813688 115.708842 2.000000
      vertex 6.813688 115.708842 7.200000
      vertex 6.800000 115.500000 7.200000
    endloop
  endfacet
  facet normal 0.000000 0.000000 1.000000
    outer loop
      vertex 4.929943 115.956842 7.200000
      vertex 4.900000 115.500000 7.200000
      vertex 6.800000 115.500000 7.200000
    endloop
  endfacet
  facet normal 0.000000 0.000000 1.000000
    outer loop
      vertex 4.929943 115.956842 7.200000
      vertex 6.800000 115.500000 7.200000
      vertex 6.813688 115.708842 7.200000
    endloop
  endfacet
  facet normal 0.000000 -0.000000 -1.000000
    outer loop
      vertex 4.929943 115.956842 2.000000
      vertex 6.800000 115.500000 2.000000
      vertex 4.900000 115.500000 2.000000
    endloop
  endfacet
  facet normal 0.000000 0.000000 -1.000000
    outer loop
      vertex 4.929943 115.956842 2.000000
      vertex 6.813688 115.708842 2.000000
      vertex 6.800000 115.500000 2.000000
    endloop
  endfacet
  facet normal -0.997859 -0.065403 0.000000
    outer loop
      vertex 4.900000 115.500000 2.000000
      vertex 4.929943 115.043158 2.000000
      vertex 4.929943 115.043158 7.200000
    endloop
  endfacet
  facet normal -0.997859 -0.065403 0.000000
    outer loop
      vertex 4.900000 115.500000 2.000000
      vertex 4.929943 115.043158 7.200000
      vertex 4.900000 115.500000 7.200000
    endloop
  endfacet
  facet normal 0.997859 0.065403 0.000000
    outer loop
      vertex 6.800000 115.500000 2.000000
      vertex 6.813688 115.291158 7.200000
      vertex 6.813688 115.291158 2.000000
    endloop
  endfacet
  facet normal 0.997859 0.065403 -0.000000
    outer loop
      vertex 6.800000 115.500000 2.000000
      vertex 6.800000 115.500000 7.200000
      vertex 6.813688 115.291158 7.200000
    endloop
  endfacet
  facet normal 0.000000 0.000000 1.000000
    outer loop
      vertex 4.900000 115.500000 7.200000
      vertex 4.929943 115.043158 7.200000
      vertex 6.813688 115.291158 7.200000
    endloop
  endfacet
  facet normal -0.000000 0.000000 1.000000
    outer loop
      vertex 4.900000 115.500000 7.200000
      vertex 6.813688 115.291158 7.200000
      vertex 6.800000 115.500000 7.200000
    endloop
  endfacet
  facet normal 0.000000 0.000000 -1.000000
    outer loop
      vertex 4.900000 115.500000 2.000000
      vertex 6.813688 115.291158 2.000000
      vertex 4.929943 115.043158 2.000000
    endloop
  endfacet
  facet normal 0.000000 0.000000 -1.000000
    outer loop
      vertex 4.900000 115.500000 2.000000
      vertex 6.800000 115.500000 2.000000
      vertex 6.813688 115.291158 2.000000
    endloop
  endfacet
  facet normal -0.980785 -0.195090 0.000000
    outer loop
      vertex 4.929943 115.043158 2.000000
      vertex 5.019260 114.594133 2.000000
      vertex 5.019260 114.594133 7.200000
    endloop
  endfacet
  facet normal -0.980785 -0.195090 0.000000
    outer loop
      vertex 4.929943 115.043158 2.000000
      vertex 5.019260 114.594133 7.200000
      vertex 4.929943 115.043158 7.200000
    endloop
  endfacet
  facet normal 0.980785 0.195090 0.000000
    outer loop
      vertex 6.813688 115.291158 2.000000
      vertex 6.854519 115.085890 7.200000
      vertex 6.854519 115.085890 2.000000
    endloop
  endfacet
  facet normal 0.980785 0.195090 -0.000000
    outer loop
      vertex 6.813688 115.291158 2.000000
      vertex 6.813688 115.291158 7.200000
      vertex 6.854519 115.085890 7.200000
    endloop
  endfacet
  facet normal -0.000000 0.000000 1.000000
    outer loop
      vertex 4.929943 115.043158 7.200000
      vertex 5.019260 114.594133 7.200000
      vertex 6.854519 115.085890 7.200000
    endloop
  endfacet
  facet normal 0.000000 0.000000 1.000000
    outer loop
      vertex 4.929943 115.043158 7.200000
      vertex 6.854519 115.085890 7.200000
      vertex 6.813688 115.291158 7.200000
    endloop
  endfacet
  facet normal 0.000000 0.000000 -1.000000
    outer loop
      vertex 4.929943 115.043158 2.000000
      vertex 6.854519 115.085890 2.000000
      vertex 5.019260 114.594133 2.000000
    endloop
  endfacet
  facet normal 0.000000 0.000000 -1.000000
    outer loop
      vertex 4.929943 115.043158 2.000000
      vertex 6.813688 115.291158 2.000000
      vertex 6.854519 115.085890 2.000000
    endloop
  endfacet
  facet normal -0.946930 -0.321439 0.000000
    outer loop
      vertex 5.019260 114.594133 2.000000
      vertex 5.166422 114.160608 2.000000
      vertex 5.166422 114.160608 7.200000
    endloop
  endfacet
  facet normal -0.946930 -0.321439 0.000000
    outer loop
      vertex 5.019260 114.594133 2.000000
      vertex 5.166422 114.160608 7.200000
      vertex 5.019260 114.594133 7.200000
    endloop
  endfacet
  facet normal 0.946930 0.321439 0.000000
    outer loop
      vertex 6.854519 115.085890 2.000000
      vertex 6.921793 114.887707 7.200000
      vertex 6.921793 114.887707 2.000000
    endloop
  endfacet
  facet normal 0.946930 0.321439 -0.000000
    outer loop
      vertex 6.854519 115.085890 2.000000
      vertex 6.854519 115.085890 7.200000
      vertex 6.921793 114.887707 7.200000
    endloop
  endfacet
  facet normal -0.000000 0.000000 1.000000
    outer loop
      vertex 5.019260 114.594133 7.200000
      vertex 5.166422 114.160608 7.200000
      vertex 6.921793 114.887707 7.200000
    endloop
  endfacet
  facet normal 0.000000 0.000000 1.000000
    outer loop
      vertex 5.019260 114.594133 7.200000
      vertex 6.921793 114.887707 7.200000
      vertex 6.854519 115.085890 7.200000
    endloop
  endfacet
  facet normal 0.000000 0.000000 -1.000000
    outer loop
      vertex 5.019260 114.594133 2.000000
      vertex 6.921793 114.887707 2.000000
      vertex 5.166422 114.160608 2.000000
    endloop
  endfacet
  facet normal 0.000000 0.000000 -1.000000
    outer loop
      vertex 5.019260 114.594133 2.000000
      vertex 6.854519 115.085890 2.000000
      vertex 6.921793 114.887707 2.000000
    endloop
  endfacet
  facet normal -0.896873 -0.442289 0.000000
    outer loop
      vertex 5.166422 114.160608 2.000000
      vertex 5.368911 113.750000 2.000000
      vertex 5.368911 113.750000 7.200000
    endloop
  endfacet
  facet normal -0.896873 -0.442289 0.000000
    outer loop
      vertex 5.166422 114.160608 2.000000
      vertex 5.368911 113.750000 7.200000
      vertex 5.166422 114.160608 7.200000
    endloop
  endfacet
  facet normal 0.896873 0.442289 0.000000
    outer loop
      vertex 6.921793 114.887707 2.000000
      vertex 7.014359 114.700000 7.200000
      vertex 7.014359 114.700000 2.000000
    endloop
  endfacet
  facet normal 0.896873 0.442289 -0.000000
    outer loop
      vertex 6.921793 114.887707 2.000000
      vertex 6.921793 114.887707 7.200000
      vertex 7.014359 114.700000 7.200000
    endloop
  endfacet
  facet normal -0.000000 0.000000 1.000000
    outer loop
      vertex 5.166422 114.160608 7.200000
      vertex 5.368911 113.750000 7.200000
      vertex 7.014359 114.700000 7.200000
    endloop
  endfacet
  facet normal 0.000000 0.000000 1.000000
    outer loop
      vertex 5.166422 114.160608 7.200000
      vertex 7.014359 114.700000 7.200000
      vertex 6.921793 114.887707 7.200000
    endloop
  endfacet
  facet normal 0.000000 0.000000 -1.000000
    outer loop
      vertex 5.166422 114.160608 2.000000
      vertex 7.014359 114.700000 2.000000
      vertex 5.368911 113.750000 2.000000
    endloop
  endfacet
  facet normal 0.000000 0.000000 -1.000000
    outer loop
      vertex 5.166422 114.160608 2.000000
      vertex 6.921793 114.887707 2.000000
      vertex 7.014359 114.700000 2.000000
    endloop
  endfacet
  facet normal -0.831470 -0.555570 0.000000
    outer loop
      vertex 5.368911 113.750000 2.000000
      vertex 5.623263 113.369335 2.000000
      vertex 5.623263 113.369335 7.200000
    endloop
  endfacet
  facet normal -0.831470 -0.555570 0.000000
    outer loop
      vertex 5.368911 113.750000 2.000000
      vertex 5.623263 113.369335 7.200000
      vertex 5.368911 113.750000 7.200000
    endloop
  endfacet
  facet normal 0.831470 0.555570 0.000000
    outer loop
      vertex 7.014359 114.700000 2.000000
      vertex 7.130635 114.525982 7.200000
      vertex 7.130635 114.525982 2.000000
    endloop
  endfacet
  facet normal 0.831470 0.555570 -0.000000
    outer loop
      vertex 7.014359 114.700000 2.000000
      vertex 7.014359 114.700000 7.200000
      vertex 7.130635 114.525982 7.200000
    endloop
  endfacet
  facet normal -0.000000 0.000000 1.000000
    outer loop
      vertex 5.368911 113.750000 7.200000
      vertex 5.623263 113.369335 7.200000
      vertex 7.130635 114.525982 7.200000
    endloop
  endfacet
  facet normal 0.000000 0.000000 1.000000
    outer loop
      vertex 5.368911 113.750000 7.200000
      vertex 7.130635 114.525982 7.200000
      vertex 7.014359 114.700000 7.200000
    endloop
  endfacet
  facet normal 0.000000 0.000000 -1.000000
    outer loop
      vertex 5.368911 113.750000 2.000000
      vertex 7.130635 114.525982 2.000000
      vertex 5.623263 113.369335 2.000000
    endloop
  endfacet
  facet normal 0.000000 0.000000 -1.000000
    outer loop
      vertex 5.368911 113.750000 2.000000
      vertex 7.014359 114.700000 2.000000
      vertex 7.130635 114.525982 2.000000
    endloop
  endfacet
  facet normal -0.751840 -0.659346 0.000000
    outer loop
      vertex 5.623263 113.369335 2.000000
      vertex 5.925126 113.025126 2.000000
      vertex 5.925126 113.025126 7.200000
    endloop
  endfacet
  facet normal -0.751840 -0.659346 0.000000
    outer loop
      vertex 5.623263 113.369335 2.000000
      vertex 5.925126 113.025126 7.200000
      vertex 5.623263 113.369335 7.200000
    endloop
  endfacet
  facet normal 0.751840 0.659346 0.000000
    outer loop
      vertex 7.130635 114.525982 2.000000
      vertex 7.268629 114.368629 7.200000
      vertex 7.268629 114.368629 2.000000
    endloop
  endfacet
  facet normal 0.751840 0.659346 -0.000000
    outer loop
      vertex 7.130635 114.525982 2.000000
      vertex 7.130635 114.525982 7.200000
      vertex 7.268629 114.368629 7.200000
    endloop
  endfacet
  facet normal -0.000000 0.000000 1.000000
    outer loop
      vertex 5.623263 113.369335 7.200000
      vertex 5.925126 113.025126 7.200000
      vertex 7.268629 114.368629 7.200000
    endloop
  endfacet
  facet normal 0.000000 0.000000 1.000000
    outer loop
      vertex 5.623263 113.369335 7.200000
      vertex 7.268629 114.368629 7.200000
      vertex 7.130635 114.525982 7.200000
    endloop
  endfacet
  facet normal 0.000000 0.000000 -1.000000
    outer loop
      vertex 5.623263 113.369335 2.000000
      vertex 7.268629 114.368629 2.000000
      vertex 5.925126 113.025126 2.000000
    endloop
  endfacet
  facet normal 0.000000 0.000000 -1.000000
    outer loop
      vertex 5.623263 113.369335 2.000000
      vertex 7.130635 114.525982 2.000000
      vertex 7.268629 114.368629 2.000000
    endloop
  endfacet
  facet normal -0.659346 -0.751840 0.000000
    outer loop
      vertex 5.925126 113.025126 2.000000
      vertex 6.269335 112.723263 2.000000
      vertex 6.269335 112.723263 7.200000
    endloop
  endfacet
  facet normal -0.659346 -0.751840 0.000000
    outer loop
      vertex 5.925126 113.025126 2.000000
      vertex 6.269335 112.723263 7.200000
      vertex 5.925126 113.025126 7.200000
    endloop
  endfacet
  facet normal 0.659346 0.751840 0.000000
    outer loop
      vertex 7.268629 114.368629 2.000000
      vertex 7.425982 114.230635 7.200000
      vertex 7.425982 114.230635 2.000000
    endloop
  endfacet
  facet normal 0.659346 0.751840 -0.000000
    outer loop
      vertex 7.268629 114.368629 2.000000
      vertex 7.268629 114.368629 7.200000
      vertex 7.425982 114.230635 7.200000
    endloop
  endfacet
  facet normal -0.000000 0.000000 1.000000
    outer loop
      vertex 5.925126 113.025126 7.200000
      vertex 6.269335 112.723263 7.200000
      vertex 7.425982 114.230635 7.200000
    endloop
  endfacet
  facet normal 0.000000 0.000000 1.000000
    outer loop
      vertex 5.925126 113.025126 7.200000
      vertex 7.425982 114.230635 7.200000
      vertex 7.268629 114.368629 7.200000
    endloop
  endfacet
  facet normal 0.000000 0.000000 -1.000000
    outer loop
      vertex 5.925126 113.025126 2.000000
      vertex 7.425982 114.230635 2.000000
      vertex 6.269335 112.723263 2.000000
    endloop
  endfacet
  facet normal 0.000000 0.000000 -1.000000
    outer loop
      vertex 5.925126 113.025126 2.000000
      vertex 7.268629 114.368629 2.000000
      vertex 7.425982 114.230635 2.000000
    endloop
  endfacet
  facet normal -0.555570 -0.831470 0.000000
    outer loop
      vertex 6.269335 112.723263 2.000000
      vertex 6.650000 112.468911 2.000000
      vertex 6.650000 112.468911 7.200000
    endloop
  endfacet
  facet normal -0.555570 -0.831470 0.000000
    outer loop
      vertex 6.269335 112.723263 2.000000
      vertex 6.650000 112.468911 7.200000
      vertex 6.269335 112.723263 7.200000
    endloop
  endfacet
  facet normal 0.555570 0.831470 0.000000
    outer loop
      vertex 7.425982 114.230635 2.000000
      vertex 7.600000 114.114359 7.200000
      vertex 7.600000 114.114359 2.000000
    endloop
  endfacet
  facet normal 0.555570 0.831470 -0.000000
    outer loop
      vertex 7.425982 114.230635 2.000000
      vertex 7.425982 114.230635 7.200000
      vertex 7.600000 114.114359 7.200000
    endloop
  endfacet
  facet normal -0.000000 0.000000 1.000000
    outer loop
      vertex 6.269335 112.723263 7.200000
      vertex 6.650000 112.468911 7.200000
      vertex 7.600000 114.114359 7.200000
    endloop
  endfacet
  facet normal 0.000000 0.000000 1.000000
    outer loop
      vertex 6.269335 112.723263 7.200000
      vertex 7.600000 114.114359 7.200000
      vertex 7.425982 114.230635 7.200000
    endloop
  endfacet
  facet normal 0.000000 0.000000 -1.000000
    outer loop
      vertex 6.269335 112.723263 2.000000
      vertex 7.600000 114.114359 2.000000
      vertex 6.650000 112.468911 2.000000
    endloop
  endfacet
  facet normal 0.000000 0.000000 -1.000000
    outer loop
      vertex 6.269335 112.723263 2.000000
      vertex 7.425982 114.230635 2.000000
      vertex 7.600000 114.114359 2.000000
    endloop
  endfacet
  facet normal -0.442289 -0.896873 0.000000
    outer loop
      vertex 6.650000 112.468911 2.000000
      vertex 7.060608 112.266422 2.000000
      vertex 7.060608 112.266422 7.200000
    endloop
  endfacet
  facet normal -0.442289 -0.896873 0.000000
    outer loop
      vertex 6.650000 112.468911 2.000000
      vertex 7.060608 112.266422 7.200000
      vertex 6.650000 112.468911 7.200000
    endloop
  endfacet
  facet normal 0.442289 0.896873 0.000000
    outer loop
      vertex 7.600000 114.114359 2.000000
      vertex 7.787707 114.021793 7.200000
      vertex 7.787707 114.021793 2.000000
    endloop
  endfacet
  facet normal 0.442289 0.896873 -0.000000
    outer loop
      vertex 7.600000 114.114359 2.000000
      vertex 7.600000 114.114359 7.200000
      vertex 7.787707 114.021793 7.200000
    endloop
  endfacet
  facet normal -0.000000 0.000000 1.000000
    outer loop
      vertex 6.650000 112.468911 7.200000
      vertex 7.060608 112.266422 7.200000
      vertex 7.787707 114.021793 7.200000
    endloop
  endfacet
  facet normal 0.000000 0.000000 1.000000
    outer loop
      vertex 6.650000 112.468911 7.200000
      vertex 7.787707 114.021793 7.200000
      vertex 7.600000 114.114359 7.200000
    endloop
  endfacet
  facet normal 0.000000 0.000000 -1.000000
    outer loop
      vertex 6.650000 112.468911 2.000000
      vertex 7.787707 114.021793 2.000000
      vertex 7.060608 112.266422 2.000000
    endloop
  endfacet
  facet normal 0.000000 0.000000 -1.000000
    outer loop
      vertex 6.650000 112.468911 2.000000
      vertex 7.600000 114.114359 2.000000
      vertex 7.787707 114.021793 2.000000
    endloop
  endfacet
  facet normal -0.321439 -0.946930 0.000000
    outer loop
      vertex 7.060608 112.266422 2.000000
      vertex 7.494133 112.119260 2.000000
      vertex 7.494133 112.119260 7.200000
    endloop
  endfacet
  facet normal -0.321439 -0.946930 0.000000
    outer loop
      vertex 7.060608 112.266422 2.000000
      vertex 7.494133 112.119260 7.200000
      vertex 7.060608 112.266422 7.200000
    endloop
  endfacet
  facet normal 0.321439 0.946930 0.000000
    outer loop
      vertex 7.787707 114.021793 2.000000
      vertex 7.985890 113.954519 7.200000
      vertex 7.985890 113.954519 2.000000
    endloop
  endfacet
  facet normal 0.321439 0.946930 -0.000000
    outer loop
      vertex 7.787707 114.021793 2.000000
      vertex 7.787707 114.021793 7.200000
      vertex 7.985890 113.954519 7.200000
    endloop
  endfacet
  facet normal -0.000000 0.000000 1.000000
    outer loop
      vertex 7.060608 112.266422 7.200000
      vertex 7.494133 112.119260 7.200000
      vertex 7.985890 113.954519 7.200000
    endloop
  endfacet
  facet normal 0.000000 0.000000 1.000000
    outer loop
      vertex 7.060608 112.266422 7.200000
      vertex 7.985890 113.954519 7.200000
      vertex 7.787707 114.021793 7.200000
    endloop
  endfacet
  facet normal 0.000000 0.000000 -1.000000
    outer loop
      vertex 7.060608 112.266422 2.000000
      vertex 7.985890 113.954519 2.000000
      vertex 7.494133 112.119260 2.000000
    endloop
  endfacet
  facet normal 0.000000 0.000000 -1.000000
    outer loop
      vertex 7.060608 112.266422 2.000000
      vertex 7.787707 114.021793 2.000000
      vertex 7.985890 113.954519 2.000000
    endloop
  endfacet
  facet normal -0.195090 -0.980785 0.000000
    outer loop
      vertex 7.494133 112.119260 2.000000
      vertex 7.943158 112.029943 2.000000
      vertex 7.943158 112.029943 7.200000
    endloop
  endfacet
  facet normal -0.195090 -0.980785 0.000000
    outer loop
      vertex 7.494133 112.119260 2.000000
      vertex 7.943158 112.029943 7.200000
      vertex 7.494133 112.119260 7.200000
    endloop
  endfacet
  facet normal 0.195090 0.980785 0.000000
    outer loop
      vertex 7.985890 113.954519 2.000000
      vertex 8.191158 113.913688 7.200000
      vertex 8.191158 113.913688 2.000000
    endloop
  endfacet
  facet normal 0.195090 0.980785 -0.000000
    outer loop
      vertex 7.985890 113.954519 2.000000
      vertex 7.985890 113.954519 7.200000
      vertex 8.191158 113.913688 7.200000
    endloop
  endfacet
  facet normal -0.000000 0.000000 1.000000
    outer loop
      vertex 7.494133 112.119260 7.200000
      vertex 7.943158 112.029943 7.200000
      vertex 8.191158 113.913688 7.200000
    endloop
  endfacet
  facet normal 0.000000 0.000000 1.000000
    outer loop
      vertex 7.494133 112.119260 7.200000
      vertex 8.191158 113.913688 7.200000
      vertex 7.985890 113.954519 7.200000
    endloop
  endfacet
  facet normal 0.000000 0.000000 -1.000000
    outer loop
      vertex 7.494133 112.119260 2.000000
      vertex 8.191158 113.913688 2.000000
      vertex 7.943158 112.029943 2.000000
    endloop
  endfacet
  facet normal 0.000000 0.000000 -1.000000
    outer loop
      vertex 7.494133 112.119260 2.000000
      vertex 7.985890 113.954519 2.000000
      vertex 8.191158 113.913688 2.000000
    endloop
  endfacet
  facet normal -0.065403 -0.997859 0.000000
    outer loop
      vertex 7.943158 112.029943 2.000000
      vertex 8.400000 112.000000 2.000000
      vertex 8.400000 112.000000 7.200000
    endloop
  endfacet
  facet normal -0.065403 -0.997859 0.000000
    outer loop
      vertex 7.943158 112.029943 2.000000
      vertex 8.400000 112.000000 7.200000
      vertex 7.943158 112.029943 7.200000
    endloop
  endfacet
  facet normal 0.065403 0.997859 0.000000
    outer loop
      vertex 8.191158 113.913688 2.000000
      vertex 8.400000 113.900000 7.200000
      vertex 8.400000 113.900000 2.000000
    endloop
  endfacet
  facet normal 0.065403 0.997859 -0.000000
    outer loop
      vertex 8.191158 113.913688 2.000000
      vertex 8.191158 113.913688 7.200000
      vertex 8.400000 113.900000 7.200000
    endloop
  endfacet
  facet normal -0.000000 0.000000 1.000000
    outer loop
      vertex 7.943158 112.029943 7.200000
      vertex 8.400000 112.000000 7.200000
      vertex 8.400000 113.900000 7.200000
    endloop
  endfacet
  facet normal 0.000000 0.000000 1.000000
    outer loop
      vertex 7.943158 112.029943 7.200000
      vertex 8.400000 113.900000 7.200000
      vertex 8.191158 113.913688 7.200000
    endloop
  endfacet
  facet normal 0.000000 0.000000 -1.000000
    outer loop
      vertex 7.943158 112.029943 2.000000
      vertex 8.400000 113.900000 2.000000
      vertex 8.400000 112.000000 2.000000
    endloop
  endfacet
  facet normal 0.000000 0.000000 -1.000000
    outer loop
      vertex 7.943158 112.029943 2.000000
      vertex 8.191158 113.913688 2.000000
      vertex 8.400000 113.900000 2.000000
    endloop
  endfacet
  facet normal 0.065403 -0.997859 0.000000
    outer loop
      vertex 8.400000 112.000000 2.000000
      vertex 8.856842 112.029943 2.000000
      vertex 8.856842 112.029943 7.200000
    endloop
  endfacet
  facet normal 0.065403 -0.997859 0.000000
    outer loop
      vertex 8.400000 112.000000 2.000000
      vertex 8.856842 112.029943 7.200000
      vertex 8.400000 112.000000 7.200000
    endloop
  endfacet
  facet normal -0.065403 0.997859 0.000000
    outer loop
      vertex 8.400000 113.900000 2.000000
      vertex 8.608842 113.913688 7.200000
      vertex 8.608842 113.913688 2.000000
    endloop
  endfacet
  facet normal -0.065403 0.997859 0.000000
    outer loop
      vertex 8.400000 113.900000 2.000000
      vertex 8.400000 113.900000 7.200000
      vertex 8.608842 113.913688 7.200000
    endloop
  endfacet
  facet normal 0.000000 0.000000 1.000000
    outer loop
      vertex 8.400000 112.000000 7.200000
      vertex 8.856842 112.029943 7.200000
      vertex 8.608842 113.913688 7.200000
    endloop
  endfacet
  facet normal 0.000000 0.000000 1.000000
    outer loop
      vertex 8.400000 112.000000 7.200000
      vertex 8.608842 113.913688 7.200000
      vertex 8.400000 113.900000 7.200000
    endloop
  endfacet
  facet normal 0.000000 0.000000 -1.000000
    outer loop
      vertex 8.400000 112.000000 2.000000
      vertex 8.608842 113.913688 2.000000
      vertex 8.856842 112.029943 2.000000
    endloop
  endfacet
  facet normal 0.000000 0.000000 -1.000000
    outer loop
      vertex 8.400000 112.000000 2.000000
      vertex 8.400000 113.900000 2.000000
      vertex 8.608842 113.913688 2.000000
    endloop
  endfacet
  facet normal 0.195090 -0.980785 0.000000
    outer loop
      vertex 8.856842 112.029943 2.000000
      vertex 9.305867 112.119260 2.000000
      vertex 9.305867 112.119260 7.200000
    endloop
  endfacet
  facet normal 0.195090 -0.980785 0.000000
    outer loop
      vertex 8.856842 112.029943 2.000000
      vertex 9.305867 112.119260 7.200000
      vertex 8.856842 112.029943 7.200000
    endloop
  endfacet
  facet normal -0.195090 0.980785 0.000000
    outer loop
      vertex 8.608842 113.913688 2.000000
      vertex 8.814110 113.954519 7.200000
      vertex 8.814110 113.954519 2.000000
    endloop
  endfacet
  facet normal -0.195090 0.980785 0.000000
    outer loop
      vertex 8.608842 113.913688 2.000000
      vertex 8.608842 113.913688 7.200000
      vertex 8.814110 113.954519 7.200000
    endloop
  endfacet
  facet normal 0.000000 -0.000000 1.000000
    outer loop
      vertex 8.856842 112.029943 7.200000
      vertex 9.305867 112.119260 7.200000
      vertex 8.814110 113.954519 7.200000
    endloop
  endfacet
  facet normal 0.000000 0.000000 1.000000
    outer loop
      vertex 8.856842 112.029943 7.200000
      vertex 8.814110 113.954519 7.200000
      vertex 8.608842 113.913688 7.200000
    endloop
  endfacet
  facet normal 0.000000 0.000000 -1.000000
    outer loop
      vertex 8.856842 112.029943 2.000000
      vertex 8.814110 113.954519 2.000000
      vertex 9.305867 112.119260 2.000000
    endloop
  endfacet
  facet normal 0.000000 0.000000 -1.000000
    outer loop
      vertex 8.856842 112.029943 2.000000
      vertex 8.608842 113.913688 2.000000
      vertex 8.814110 113.954519 2.000000
    endloop
  endfacet
  facet normal 0.321439 -0.946930 0.000000
    outer loop
      vertex 9.305867 112.119260 2.000000
      vertex 9.739392 112.266422 2.000000
      vertex 9.739392 112.266422 7.200000
    endloop
  endfacet
  facet normal 0.321439 -0.946930 0.000000
    outer loop
      vertex 9.305867 112.119260 2.000000
      vertex 9.739392 112.266422 7.200000
      vertex 9.305867 112.119260 7.200000
    endloop
  endfacet
  facet normal -0.321439 0.946930 0.000000
    outer loop
      vertex 8.814110 113.954519 2.000000
      vertex 9.012293 114.021793 7.200000
      vertex 9.012293 114.021793 2.000000
    endloop
  endfacet
  facet normal -0.321439 0.946930 0.000000
    outer loop
      vertex 8.814110 113.954519 2.000000
      vertex 8.814110 113.954519 7.200000
      vertex 9.012293 114.021793 7.200000
    endloop
  endfacet
  facet normal 0.000000 -0.000000 1.000000
    outer loop
      vertex 9.305867 112.119260 7.200000
      vertex 9.739392 112.266422 7.200000
      vertex 9.012293 114.021793 7.200000
    endloop
  endfacet
  facet normal 0.000000 0.000000 1.000000
    outer loop
      vertex 9.305867 112.119260 7.200000
      vertex 9.012293 114.021793 7.200000
      vertex 8.814110 113.954519 7.200000
    endloop
  endfacet
  facet normal 0.000000 0.000000 -1.000000
    outer loop
      vertex 9.305867 112.119260 2.000000
      vertex 9.012293 114.021793 2.000000
      vertex 9.739392 112.266422 2.000000
    endloop
  endfacet
  facet normal 0.000000 0.000000 -1.000000
    outer loop
      vertex 9.305867 112.119260 2.000000
      vertex 8.814110 113.954519 2.000000
      vertex 9.012293 114.021793 2.000000
    endloop
  endfacet
  facet normal 0.442289 -0.896873 0.000000
    outer loop
      vertex 9.739392 112.266422 2.000000
      vertex 10.150000 112.468911 2.000000
      vertex 10.150000 112.468911 7.200000
    endloop
  endfacet
  facet normal 0.442289 -0.896873 0.000000
    outer loop
      vertex 9.739392 112.266422 2.000000
      vertex 10.150000 112.468911 7.200000
      vertex 9.739392 112.266422 7.200000
    endloop
  endfacet
  facet normal -0.442289 0.896873 0.000000
    outer loop
      vertex 9.012293 114.021793 2.000000
      vertex 9.200000 114.114359 7.200000
      vertex 9.200000 114.114359 2.000000
    endloop
  endfacet
  facet normal -0.442289 0.896873 0.000000
    outer loop
      vertex 9.012293 114.021793 2.000000
      vertex 9.012293 114.021793 7.200000
      vertex 9.200000 114.114359 7.200000
    endloop
  endfacet
  facet normal 0.000000 -0.000000 1.000000
    outer loop
      vertex 9.739392 112.266422 7.200000
      vertex 10.150000 112.468911 7.200000
      vertex 9.200000 114.114359 7.200000
    endloop
  endfacet
  facet normal 0.000000 0.000000 1.000000
    outer loop
      vertex 9.739392 112.266422 7.200000
      vertex 9.200000 114.114359 7.200000
      vertex 9.012293 114.021793 7.200000
    endloop
  endfacet
  facet normal 0.000000 0.000000 -1.000000
    outer loop
      vertex 9.739392 112.266422 2.000000
      vertex 9.200000 114.114359 2.000000
      vertex 10.150000 112.468911 2.000000
    endloop
  endfacet
  facet normal 0.000000 0.000000 -1.000000
    outer loop
      vertex 9.739392 112.266422 2.000000
      vertex 9.012293 114.021793 2.000000
      vertex 9.200000 114.114359 2.000000
    endloop
  endfacet
  facet normal 0.555570 -0.831470 0.000000
    outer loop
      vertex 10.150000 112.468911 2.000000
      vertex 10.530665 112.723263 2.000000
      vertex 10.530665 112.723263 7.200000
    endloop
  endfacet
  facet normal 0.555570 -0.831470 0.000000
    outer loop
      vertex 10.150000 112.468911 2.000000
      vertex 10.530665 112.723263 7.200000
      vertex 10.150000 112.468911 7.200000
    endloop
  endfacet
  facet normal -0.555570 0.831470 0.000000
    outer loop
      vertex 9.200000 114.114359 2.000000
      vertex 9.374018 114.230635 7.200000
      vertex 9.374018 114.230635 2.000000
    endloop
  endfacet
  facet normal -0.555570 0.831470 0.000000
    outer loop
      vertex 9.200000 114.114359 2.000000
      vertex 9.200000 114.114359 7.200000
      vertex 9.374018 114.230635 7.200000
    endloop
  endfacet
  facet normal 0.000000 -0.000000 1.000000
    outer loop
      vertex 10.150000 112.468911 7.200000
      vertex 10.530665 112.723263 7.200000
      vertex 9.374018 114.230635 7.200000
    endloop
  endfacet
  facet normal 0.000000 0.000000 1.000000
    outer loop
      vertex 10.150000 112.468911 7.200000
      vertex 9.374018 114.230635 7.200000
      vertex 9.200000 114.114359 7.200000
    endloop
  endfacet
  facet normal 0.000000 0.000000 -1.000000
    outer loop
      vertex 10.150000 112.468911 2.000000
      vertex 9.374018 114.230635 2.000000
      vertex 10.530665 112.723263 2.000000
    endloop
  endfacet
  facet normal 0.000000 0.000000 -1.000000
    outer loop
      vertex 10.150000 112.468911 2.000000
      vertex 9.200000 114.114359 2.000000
      vertex 9.374018 114.230635 2.000000
    endloop
  endfacet
  facet normal 0.659346 -0.751840 0.000000
    outer loop
      vertex 10.530665 112.723263 2.000000
      vertex 10.874874 113.025126 2.000000
      vertex 10.874874 113.025126 7.200000
    endloop
  endfacet
  facet normal 0.659346 -0.751840 0.000000
    outer loop
      vertex 10.530665 112.723263 2.000000
      vertex 10.874874 113.025126 7.200000
      vertex 10.530665 112.723263 7.200000
    endloop
  endfacet
  facet normal -0.659346 0.751840 0.000000
    outer loop
      vertex 9.374018 114.230635 2.000000
      vertex 9.531371 114.368629 7.200000
      vertex 9.531371 114.368629 2.000000
    endloop
  endfacet
  facet normal -0.659346 0.751840 0.000000
    outer loop
      vertex 9.374018 114.230635 2.000000
      vertex 9.374018 114.230635 7.200000
      vertex 9.531371 114.368629 7.200000
    endloop
  endfacet
  facet normal 0.000000 -0.000000 1.000000
    outer loop
      vertex 10.530665 112.723263 7.200000
      vertex 10.874874 113.025126 7.200000
      vertex 9.531371 114.368629 7.200000
    endloop
  endfacet
  facet normal 0.000000 0.000000 1.000000
    outer loop
      vertex 10.530665 112.723263 7.200000
      vertex 9.531371 114.368629 7.200000
      vertex 9.374018 114.230635 7.200000
    endloop
  endfacet
  facet normal 0.000000 0.000000 -1.000000
    outer loop
      vertex 10.530665 112.723263 2.000000
      vertex 9.531371 114.368629 2.000000
      vertex 10.874874 113.025126 2.000000
    endloop
  endfacet
  facet normal 0.000000 0.000000 -1.000000
    outer loop
      vertex 10.530665 112.723263 2.000000
      vertex 9.374018 114.230635 2.000000
      vertex 9.531371 114.368629 2.000000
    endloop
  endfacet
  facet normal 0.751840 -0.659346 0.000000
    outer loop
      vertex 10.874874 113.025126 2.000000
      vertex 11.176737 113.369335 2.000000
      vertex 11.176737 113.369335 7.200000
    endloop
  endfacet
  facet normal 0.751840 -0.659346 0.000000
    outer loop
      vertex 10.874874 113.025126 2.000000
      vertex 11.176737 113.369335 7.200000
      vertex 10.874874 113.025126 7.200000
    endloop
  endfacet
  facet normal -0.751840 0.659346 0.000000
    outer loop
      vertex 9.531371 114.368629 2.000000
      vertex 9.669365 114.525982 7.200000
      vertex 9.669365 114.525982 2.000000
    endloop
  endfacet
  facet normal -0.751840 0.659346 0.000000
    outer loop
      vertex 9.531371 114.368629 2.000000
      vertex 9.531371 114.368629 7.200000
      vertex 9.669365 114.525982 7.200000
    endloop
  endfacet
  facet normal 0.000000 -0.000000 1.000000
    outer loop
      vertex 10.874874 113.025126 7.200000
      vertex 11.176737 113.369335 7.200000
      vertex 9.669365 114.525982 7.200000
    endloop
  endfacet
  facet normal 0.000000 0.000000 1.000000
    outer loop
      vertex 10.874874 113.025126 7.200000
      vertex 9.669365 114.525982 7.200000
      vertex 9.531371 114.368629 7.200000
    endloop
  endfacet
  facet normal 0.000000 0.000000 -1.000000
    outer loop
      vertex 10.874874 113.025126 2.000000
      vertex 9.669365 114.525982 2.000000
      vertex 11.176737 113.369335 2.000000
    endloop
  endfacet
  facet normal 0.000000 0.000000 -1.000000
    outer loop
      vertex 10.874874 113.025126 2.000000
      vertex 9.531371 114.368629 2.000000
      vertex 9.669365 114.525982 2.000000
    endloop
  endfacet
  facet normal 0.831470 -0.555570 0.000000
    outer loop
      vertex 11.176737 113.369335 2.000000
      vertex 11.431089 113.750000 2.000000
      vertex 11.431089 113.750000 7.200000
    endloop
  endfacet
  facet normal 0.831470 -0.555570 0.000000
    outer loop
      vertex 11.176737 113.369335 2.000000
      vertex 11.431089 113.750000 7.200000
      vertex 11.176737 113.369335 7.200000
    endloop
  endfacet
  facet normal -0.831470 0.555570 0.000000
    outer loop
      vertex 9.669365 114.525982 2.000000
      vertex 9.785641 114.700000 7.200000
      vertex 9.785641 114.700000 2.000000
    endloop
  endfacet
  facet normal -0.831470 0.555570 0.000000
    outer loop
      vertex 9.669365 114.525982 2.000000
      vertex 9.669365 114.525982 7.200000
      vertex 9.785641 114.700000 7.200000
    endloop
  endfacet
  facet normal 0.000000 -0.000000 1.000000
    outer loop
      vertex 11.176737 113.369335 7.200000
      vertex 11.431089 113.750000 7.200000
      vertex 9.785641 114.700000 7.200000
    endloop
  endfacet
  facet normal 0.000000 0.000000 1.000000
    outer loop
      vertex 11.176737 113.369335 7.200000
      vertex 9.785641 114.700000 7.200000
      vertex 9.669365 114.525982 7.200000
    endloop
  endfacet
  facet normal 0.000000 0.000000 -1.000000
    outer loop
      vertex 11.176737 113.369335 2.000000
      vertex 9.785641 114.700000 2.000000
      vertex 11.431089 113.750000 2.000000
    endloop
  endfacet
  facet normal 0.000000 0.000000 -1.000000
    outer loop
      vertex 11.176737 113.369335 2.000000
      vertex 9.669365 114.525982 2.000000
      vertex 9.785641 114.700000 2.000000
    endloop
  endfacet
  facet normal 0.896873 -0.442289 0.000000
    outer loop
      vertex 11.431089 113.750000 2.000000
      vertex 11.633578 114.160608 2.000000
      vertex 11.633578 114.160608 7.200000
    endloop
  endfacet
  facet normal 0.896873 -0.442289 0.000000
    outer loop
      vertex 11.431089 113.750000 2.000000
      vertex 11.633578 114.160608 7.200000
      vertex 11.431089 113.750000 7.200000
    endloop
  endfacet
  facet normal -0.896873 0.442289 0.000000
    outer loop
      vertex 9.785641 114.700000 2.000000
      vertex 9.878207 114.887707 7.200000
      vertex 9.878207 114.887707 2.000000
    endloop
  endfacet
  facet normal -0.896873 0.442289 0.000000
    outer loop
      vertex 9.785641 114.700000 2.000000
      vertex 9.785641 114.700000 7.200000
      vertex 9.878207 114.887707 7.200000
    endloop
  endfacet
  facet normal 0.000000 -0.000000 1.000000
    outer loop
      vertex 11.431089 113.750000 7.200000
      vertex 11.633578 114.160608 7.200000
      vertex 9.878207 114.887707 7.200000
    endloop
  endfacet
  facet normal 0.000000 0.000000 1.000000
    outer loop
      vertex 11.431089 113.750000 7.200000
      vertex 9.878207 114.887707 7.200000
      vertex 9.785641 114.700000 7.200000
    endloop
  endfacet
  facet normal 0.000000 0.000000 -1.000000
    outer loop
      vertex 11.431089 113.750000 2.000000
      vertex 9.878207 114.887707 2.000000
      vertex 11.633578 114.160608 2.000000
    endloop
  endfacet
  facet normal 0.000000 0.000000 -1.000000
    outer loop
      vertex 11.431089 113.750000 2.000000
      vertex 9.785641 114.700000 2.000000
      vertex 9.878207 114.887707 2.000000
    endloop
  endfacet
  facet normal 0.946930 -0.321439 0.000000
    outer loop
      vertex 11.633578 114.160608 2.000000
      vertex 11.780740 114.594133 2.000000
      vertex 11.780740 114.594133 7.200000
    endloop
  endfacet
  facet normal 0.946930 -0.321439 0.000000
    outer loop
      vertex 11.633578 114.160608 2.000000
      vertex 11.780740 114.594133 7.200000
      vertex 11.633578 114.160608 7.200000
    endloop
  endfacet
  facet normal -0.946930 0.321439 0.000000
    outer loop
      vertex 9.878207 114.887707 2.000000
      vertex 9.945481 115.085890 7.200000
      vertex 9.945481 115.085890 2.000000
    endloop
  endfacet
  facet normal -0.946930 0.321439 0.000000
    outer loop
      vertex 9.878207 114.887707 2.000000
      vertex 9.878207 114.887707 7.200000
      vertex 9.945481 115.085890 7.200000
    endloop
  endfacet
  facet normal 0.000000 -0.000000 1.000000
    outer loop
      vertex 11.633578 114.160608 7.200000
      vertex 11.780740 114.594133 7.200000
      vertex 9.945481 115.085890 7.200000
    endloop
  endfacet
  facet normal 0.000000 0.000000 1.000000
    outer loop
      vertex 11.633578 114.160608 7.200000
      vertex 9.945481 115.085890 7.200000
      vertex 9.878207 114.887707 7.200000
    endloop
  endfacet
  facet normal 0.000000 0.000000 -1.000000
    outer loop
      vertex 11.633578 114.160608 2.000000
      vertex 9.945481 115.085890 2.000000
      vertex 11.780740 114.594133 2.000000
    endloop
  endfacet
  facet normal 0.000000 0.000000 -1.000000
    outer loop
      vertex 11.633578 114.160608 2.000000
      vertex 9.878207 114.887707 2.000000
      vertex 9.945481 115.085890 2.000000
    endloop
  endfacet
  facet normal 0.980785 -0.195090 0.000000
    outer loop
      vertex 11.780740 114.594133 2.000000
      vertex 11.870057 115.043158 2.000000
      vertex 11.870057 115.043158 7.200000
    endloop
  endfacet
  facet normal 0.980785 -0.195090 0.000000
    outer loop
      vertex 11.780740 114.594133 2.000000
      vertex 11.870057 115.043158 7.200000
      vertex 11.780740 114.594133 7.200000
    endloop
  endfacet
  facet normal -0.980785 0.195090 0.000000
    outer loop
      vertex 9.945481 115.085890 2.000000
      vertex 9.986312 115.291158 7.200000
      vertex 9.986312 115.291158 2.000000
    endloop
  endfacet
  facet normal -0.980785 0.195090 0.000000
    outer loop
      vertex 9.945481 115.085890 2.000000
      vertex 9.945481 115.085890 7.200000
      vertex 9.986312 115.291158 7.200000
    endloop
  endfacet
  facet normal 0.000000 -0.000000 1.000000
    outer loop
      vertex 11.780740 114.594133 7.200000
      vertex 11.870057 115.043158 7.200000
      vertex 9.986312 115.291158 7.200000
    endloop
  endfacet
  facet normal 0.000000 0.000000 1.000000
    outer loop
      vertex 11.780740 114.594133 7.200000
      vertex 9.986312 115.291158 7.200000
      vertex 9.945481 115.085890 7.200000
    endloop
  endfacet
  facet normal 0.000000 0.000000 -1.000000
    outer loop
      vertex 11.780740 114.594133 2.000000
      vertex 9.986312 115.291158 2.000000
      vertex 11.870057 115.043158 2.000000
    endloop
  endfacet
  facet normal 0.000000 0.000000 -1.000000
    outer loop
      vertex 11.780740 114.594133 2.000000
      vertex 9.945481 115.085890 2.000000
      vertex 9.986312 115.291158 2.000000
    endloop
  endfacet
  facet normal 0.997859 -0.065403 0.000000
    outer loop
      vertex 11.870057 115.043158 2.000000
      vertex 11.900000 115.500000 2.000000
      vertex 11.900000 115.500000 7.200000
    endloop
  endfacet
  facet normal 0.997859 -0.065403 0.000000
    outer loop
      vertex 11.870057 115.043158 2.000000
      vertex 11.900000 115.500000 7.200000
      vertex 11.870057 115.043158 7.200000
    endloop
  endfacet
  facet normal -0.997859 0.065403 0.000000
    outer loop
      vertex 9.986312 115.291158 2.000000
      vertex 10.000000 115.500000 7.200000
      vertex 10.000000 115.500000 2.000000
    endloop
  endfacet
  facet normal -0.997859 0.065403 0.000000
    outer loop
      vertex 9.986312 115.291158 2.000000
      vertex 9.986312 115.291158 7.200000
      vertex 10.000000 115.500000 7.200000
    endloop
  endfacet
  facet normal 0.000000 -0.000000 1.000000
    outer loop
      vertex 11.870057 115.043158 7.200000
      vertex 11.900000 115.500000 7.200000
      vertex 10.000000 115.500000 7.200000
    endloop
  endfacet
  facet normal 0.000000 0.000000 1.000000
    outer loop
      vertex 11.870057 115.043158 7.200000
      vertex 10.000000 115.500000 7.200000
      vertex 9.986312 115.291158 7.200000
    endloop
  endfacet
  facet normal 0.000000 0.000000 -1.000000
    outer loop
      vertex 11.870057 115.043158 2.000000
      vertex 10.000000 115.500000 2.000000
      vertex 11.900000 115.500000 2.000000
    endloop
  endfacet
  facet normal 0.000000 0.000000 -1.000000
    outer loop
      vertex 11.870057 115.043158 2.000000
      vertex 9.986312 115.291158 2.000000
      vertex 10.000000 115.500000 2.000000
    endloop
  endfacet
  facet normal 0.997859 0.065403 0.000000
    outer loop
      vertex 11.900000 55.500000 2.000000
      vertex 11.870057 55.956842 2.000000
      vertex 11.870057 55.956842 7.200000
    endloop
  endfacet
  facet normal 0.997859 0.065403 -0.000000
    outer loop
      vertex 11.900000 55.500000 2.000000
      vertex 11.870057 55.956842 7.200000
      vertex 11.900000 55.500000 7.200000
    endloop
  endfacet
  facet normal -0.997859 -0.065403 0.000000
    outer loop
      vertex 10.000000 55.500000 2.000000
      vertex 9.986312 55.708842 7.200000
      vertex 9.986312 55.708842 2.000000
    endloop
  endfacet
  facet normal -0.997859 -0.065403 0.000000
    outer loop
      vertex 10.000000 55.500000 2.000000
      vertex 10.000000 55.500000 7.200000
      vertex 9.986312 55.708842 7.200000
    endloop
  endfacet
  facet normal 0.000000 0.000000 1.000000
    outer loop
      vertex 11.900000 55.500000 7.200000
      vertex 11.870057 55.956842 7.200000
      vertex 9.986312 55.708842 7.200000
    endloop
  endfacet
  facet normal 0.000000 0.000000 1.000000
    outer loop
      vertex 11.900000 55.500000 7.200000
      vertex 9.986312 55.708842 7.200000
      vertex 10.000000 55.500000 7.200000
    endloop
  endfacet
  facet normal 0.000000 0.000000 -1.000000
    outer loop
      vertex 11.900000 55.500000 2.000000
      vertex 9.986312 55.708842 2.000000
      vertex 11.870057 55.956842 2.000000
    endloop
  endfacet
  facet normal 0.000000 0.000000 -1.000000
    outer loop
      vertex 11.900000 55.500000 2.000000
      vertex 10.000000 55.500000 2.000000
      vertex 9.986312 55.708842 2.000000
    endloop
  endfacet
  facet normal 0.980785 0.195090 0.000000
    outer loop
      vertex 11.870057 55.956842 2.000000
      vertex 11.780740 56.405867 2.000000
      vertex 11.780740 56.405867 7.200000
    endloop
  endfacet
  facet normal 0.980785 0.195090 -0.000000
    outer loop
      vertex 11.870057 55.956842 2.000000
      vertex 11.780740 56.405867 7.200000
      vertex 11.870057 55.956842 7.200000
    endloop
  endfacet
  facet normal -0.980785 -0.195090 0.000000
    outer loop
      vertex 9.986312 55.708842 2.000000
      vertex 9.945481 55.914110 7.200000
      vertex 9.945481 55.914110 2.000000
    endloop
  endfacet
  facet normal -0.980785 -0.195090 0.000000
    outer loop
      vertex 9.986312 55.708842 2.000000
      vertex 9.986312 55.708842 7.200000
      vertex 9.945481 55.914110 7.200000
    endloop
  endfacet
  facet normal 0.000000 0.000000 1.000000
    outer loop
      vertex 11.870057 55.956842 7.200000
      vertex 11.780740 56.405867 7.200000
      vertex 9.945481 55.914110 7.200000
    endloop
  endfacet
  facet normal 0.000000 0.000000 1.000000
    outer loop
      vertex 11.870057 55.956842 7.200000
      vertex 9.945481 55.914110 7.200000
      vertex 9.986312 55.708842 7.200000
    endloop
  endfacet
  facet normal -0.000000 0.000000 -1.000000
    outer loop
      vertex 11.870057 55.956842 2.000000
      vertex 9.945481 55.914110 2.000000
      vertex 11.780740 56.405867 2.000000
    endloop
  endfacet
  facet normal 0.000000 0.000000 -1.000000
    outer loop
      vertex 11.870057 55.956842 2.000000
      vertex 9.986312 55.708842 2.000000
      vertex 9.945481 55.914110 2.000000
    endloop
  endfacet
  facet normal 0.946930 0.321439 0.000000
    outer loop
      vertex 11.780740 56.405867 2.000000
      vertex 11.633578 56.839392 2.000000
      vertex 11.633578 56.839392 7.200000
    endloop
  endfacet
  facet normal 0.946930 0.321439 -0.000000
    outer loop
      vertex 11.780740 56.405867 2.000000
      vertex 11.633578 56.839392 7.200000
      vertex 11.780740 56.405867 7.200000
    endloop
  endfacet
  facet normal -0.946930 -0.321439 0.000000
    outer loop
      vertex 9.945481 55.914110 2.000000
      vertex 9.878207 56.112293 7.200000
      vertex 9.878207 56.112293 2.000000
    endloop
  endfacet
  facet normal -0.946930 -0.321439 0.000000
    outer loop
      vertex 9.945481 55.914110 2.000000
      vertex 9.945481 55.914110 7.200000
      vertex 9.878207 56.112293 7.200000
    endloop
  endfacet
  facet normal 0.000000 0.000000 1.000000
    outer loop
      vertex 11.780740 56.405867 7.200000
      vertex 11.633578 56.839392 7.200000
      vertex 9.878207 56.112293 7.200000
    endloop
  endfacet
  facet normal 0.000000 0.000000 1.000000
    outer loop
      vertex 11.780740 56.405867 7.200000
      vertex 9.878207 56.112293 7.200000
      vertex 9.945481 55.914110 7.200000
    endloop
  endfacet
  facet normal -0.000000 0.000000 -1.000000
    outer loop
      vertex 11.780740 56.405867 2.000000
      vertex 9.878207 56.112293 2.000000
      vertex 11.633578 56.839392 2.000000
    endloop
  endfacet
  facet normal 0.000000 0.000000 -1.000000
    outer loop
      vertex 11.780740 56.405867 2.000000
      vertex 9.945481 55.914110 2.000000
      vertex 9.878207 56.112293 2.000000
    endloop
  endfacet
  facet normal 0.896873 0.442289 0.000000
    outer loop
      vertex 11.633578 56.839392 2.000000
      vertex 11.431089 57.250000 2.000000
      vertex 11.431089 57.250000 7.200000
    endloop
  endfacet
  facet normal 0.896873 0.442289 -0.000000
    outer loop
      vertex 11.633578 56.839392 2.000000
      vertex 11.431089 57.250000 7.200000
      vertex 11.633578 56.839392 7.200000
    endloop
  endfacet
  facet normal -0.896873 -0.442289 0.000000
    outer loop
      vertex 9.878207 56.112293 2.000000
      vertex 9.785641 56.300000 7.200000
      vertex 9.785641 56.300000 2.000000
    endloop
  endfacet
  facet normal -0.896873 -0.442289 0.000000
    outer loop
      vertex 9.878207 56.112293 2.000000
      vertex 9.878207 56.112293 7.200000
      vertex 9.785641 56.300000 7.200000
    endloop
  endfacet
  facet normal 0.000000 0.000000 1.000000
    outer loop
      vertex 11.633578 56.839392 7.200000
      vertex 11.431089 57.250000 7.200000
      vertex 9.785641 56.300000 7.200000
    endloop
  endfacet
  facet normal 0.000000 0.000000 1.000000
    outer loop
      vertex 11.633578 56.839392 7.200000
      vertex 9.785641 56.300000 7.200000
      vertex 9.878207 56.112293 7.200000
    endloop
  endfacet
  facet normal -0.000000 0.000000 -1.000000
    outer loop
      vertex 11.633578 56.839392 2.000000
      vertex 9.785641 56.300000 2.000000
      vertex 11.431089 57.250000 2.000000
    endloop
  endfacet
  facet normal 0.000000 0.000000 -1.000000
    outer loop
      vertex 11.633578 56.839392 2.000000
      vertex 9.878207 56.112293 2.000000
      vertex 9.785641 56.300000 2.000000
    endloop
  endfacet
  facet normal 0.831470 0.555570 0.000000
    outer loop
      vertex 11.431089 57.250000 2.000000
      vertex 11.176737 57.630665 2.000000
      vertex 11.176737 57.630665 7.200000
    endloop
  endfacet
  facet normal 0.831470 0.555570 -0.000000
    outer loop
      vertex 11.431089 57.250000 2.000000
      vertex 11.176737 57.630665 7.200000
      vertex 11.431089 57.250000 7.200000
    endloop
  endfacet
  facet normal -0.831470 -0.555570 0.000000
    outer loop
      vertex 9.785641 56.300000 2.000000
      vertex 9.669365 56.474018 7.200000
      vertex 9.669365 56.474018 2.000000
    endloop
  endfacet
  facet normal -0.831470 -0.555570 0.000000
    outer loop
      vertex 9.785641 56.300000 2.000000
      vertex 9.785641 56.300000 7.200000
      vertex 9.669365 56.474018 7.200000
    endloop
  endfacet
  facet normal 0.000000 0.000000 1.000000
    outer loop
      vertex 11.431089 57.250000 7.200000
      vertex 11.176737 57.630665 7.200000
      vertex 9.669365 56.474018 7.200000
    endloop
  endfacet
  facet normal 0.000000 0.000000 1.000000
    outer loop
      vertex 11.431089 57.250000 7.200000
      vertex 9.669365 56.474018 7.200000
      vertex 9.785641 56.300000 7.200000
    endloop
  endfacet
  facet normal -0.000000 0.000000 -1.000000
    outer loop
      vertex 11.431089 57.250000 2.000000
      vertex 9.669365 56.474018 2.000000
      vertex 11.176737 57.630665 2.000000
    endloop
  endfacet
  facet normal 0.000000 0.000000 -1.000000
    outer loop
      vertex 11.431089 57.250000 2.000000
      vertex 9.785641 56.300000 2.000000
      vertex 9.669365 56.474018 2.000000
    endloop
  endfacet
  facet normal 0.751840 0.659346 0.000000
    outer loop
      vertex 11.176737 57.630665 2.000000
      vertex 10.874874 57.974874 2.000000
      vertex 10.874874 57.974874 7.200000
    endloop
  endfacet
  facet normal 0.751840 0.659346 -0.000000
    outer loop
      vertex 11.176737 57.630665 2.000000
      vertex 10.874874 57.974874 7.200000
      vertex 11.176737 57.630665 7.200000
    endloop
  endfacet
  facet normal -0.751840 -0.659346 0.000000
    outer loop
      vertex 9.669365 56.474018 2.000000
      vertex 9.531371 56.631371 7.200000
      vertex 9.531371 56.631371 2.000000
    endloop
  endfacet
  facet normal -0.751840 -0.659346 0.000000
    outer loop
      vertex 9.669365 56.474018 2.000000
      vertex 9.669365 56.474018 7.200000
      vertex 9.531371 56.631371 7.200000
    endloop
  endfacet
  facet normal 0.000000 0.000000 1.000000
    outer loop
      vertex 11.176737 57.630665 7.200000
      vertex 10.874874 57.974874 7.200000
      vertex 9.531371 56.631371 7.200000
    endloop
  endfacet
  facet normal 0.000000 0.000000 1.000000
    outer loop
      vertex 11.176737 57.630665 7.200000
      vertex 9.531371 56.631371 7.200000
      vertex 9.669365 56.474018 7.200000
    endloop
  endfacet
  facet normal -0.000000 0.000000 -1.000000
    outer loop
      vertex 11.176737 57.630665 2.000000
      vertex 9.531371 56.631371 2.000000
      vertex 10.874874 57.974874 2.000000
    endloop
  endfacet
  facet normal 0.000000 0.000000 -1.000000
    outer loop
      vertex 11.176737 57.630665 2.000000
      vertex 9.669365 56.474018 2.000000
      vertex 9.531371 56.631371 2.000000
    endloop
  endfacet
  facet normal 0.659346 0.751840 0.000000
    outer loop
      vertex 10.874874 57.974874 2.000000
      vertex 10.530665 58.276737 2.000000
      vertex 10.530665 58.276737 7.200000
    endloop
  endfacet
  facet normal 0.659346 0.751840 -0.000000
    outer loop
      vertex 10.874874 57.974874 2.000000
      vertex 10.530665 58.276737 7.200000
      vertex 10.874874 57.974874 7.200000
    endloop
  endfacet
  facet normal -0.659346 -0.751840 0.000000
    outer loop
      vertex 9.531371 56.631371 2.000000
      vertex 9.374018 56.769365 7.200000
      vertex 9.374018 56.769365 2.000000
    endloop
  endfacet
  facet normal -0.659346 -0.751840 0.000000
    outer loop
      vertex 9.531371 56.631371 2.000000
      vertex 9.531371 56.631371 7.200000
      vertex 9.374018 56.769365 7.200000
    endloop
  endfacet
  facet normal 0.000000 0.000000 1.000000
    outer loop
      vertex 10.874874 57.974874 7.200000
      vertex 10.530665 58.276737 7.200000
      vertex 9.374018 56.769365 7.200000
    endloop
  endfacet
  facet normal 0.000000 0.000000 1.000000
    outer loop
      vertex 10.874874 57.974874 7.200000
      vertex 9.374018 56.769365 7.200000
      vertex 9.531371 56.631371 7.200000
    endloop
  endfacet
  facet normal -0.000000 0.000000 -1.000000
    outer loop
      vertex 10.874874 57.974874 2.000000
      vertex 9.374018 56.769365 2.000000
      vertex 10.530665 58.276737 2.000000
    endloop
  endfacet
  facet normal 0.000000 0.000000 -1.000000
    outer loop
      vertex 10.874874 57.974874 2.000000
      vertex 9.531371 56.631371 2.000000
      vertex 9.374018 56.769365 2.000000
    endloop
  endfacet
  facet normal 0.555570 0.831470 0.000000
    outer loop
      vertex 10.530665 58.276737 2.000000
      vertex 10.150000 58.531089 2.000000
      vertex 10.150000 58.531089 7.200000
    endloop
  endfacet
  facet normal 0.555570 0.831470 -0.000000
    outer loop
      vertex 10.530665 58.276737 2.000000
      vertex 10.150000 58.531089 7.200000
      vertex 10.530665 58.276737 7.200000
    endloop
  endfacet
  facet normal -0.555570 -0.831470 0.000000
    outer loop
      vertex 9.374018 56.769365 2.000000
      vertex 9.200000 56.885641 7.200000
      vertex 9.200000 56.885641 2.000000
    endloop
  endfacet
  facet normal -0.555570 -0.831470 0.000000
    outer loop
      vertex 9.374018 56.769365 2.000000
      vertex 9.374018 56.769365 7.200000
      vertex 9.200000 56.885641 7.200000
    endloop
  endfacet
  facet normal 0.000000 0.000000 1.000000
    outer loop
      vertex 10.530665 58.276737 7.200000
      vertex 10.150000 58.531089 7.200000
      vertex 9.200000 56.885641 7.200000
    endloop
  endfacet
  facet normal 0.000000 0.000000 1.000000
    outer loop
      vertex 10.530665 58.276737 7.200000
      vertex 9.200000 56.885641 7.200000
      vertex 9.374018 56.769365 7.200000
    endloop
  endfacet
  facet normal -0.000000 0.000000 -1.000000
    outer loop
      vertex 10.530665 58.276737 2.000000
      vertex 9.200000 56.885641 2.000000
      vertex 10.150000 58.531089 2.000000
    endloop
  endfacet
  facet normal 0.000000 0.000000 -1.000000
    outer loop
      vertex 10.530665 58.276737 2.000000
      vertex 9.374018 56.769365 2.000000
      vertex 9.200000 56.885641 2.000000
    endloop
  endfacet
  facet normal 0.442289 0.896873 0.000000
    outer loop
      vertex 10.150000 58.531089 2.000000
      vertex 9.739392 58.733578 2.000000
      vertex 9.739392 58.733578 7.200000
    endloop
  endfacet
  facet normal 0.442289 0.896873 -0.000000
    outer loop
      vertex 10.150000 58.531089 2.000000
      vertex 9.739392 58.733578 7.200000
      vertex 10.150000 58.531089 7.200000
    endloop
  endfacet
  facet normal -0.442289 -0.896873 0.000000
    outer loop
      vertex 9.200000 56.885641 2.000000
      vertex 9.012293 56.978207 7.200000
      vertex 9.012293 56.978207 2.000000
    endloop
  endfacet
  facet normal -0.442289 -0.896873 0.000000
    outer loop
      vertex 9.200000 56.885641 2.000000
      vertex 9.200000 56.885641 7.200000
      vertex 9.012293 56.978207 7.200000
    endloop
  endfacet
  facet normal 0.000000 0.000000 1.000000
    outer loop
      vertex 10.150000 58.531089 7.200000
      vertex 9.739392 58.733578 7.200000
      vertex 9.012293 56.978207 7.200000
    endloop
  endfacet
  facet normal 0.000000 0.000000 1.000000
    outer loop
      vertex 10.150000 58.531089 7.200000
      vertex 9.012293 56.978207 7.200000
      vertex 9.200000 56.885641 7.200000
    endloop
  endfacet
  facet normal -0.000000 0.000000 -1.000000
    outer loop
      vertex 10.150000 58.531089 2.000000
      vertex 9.012293 56.978207 2.000000
      vertex 9.739392 58.733578 2.000000
    endloop
  endfacet
  facet normal 0.000000 0.000000 -1.000000
    outer loop
      vertex 10.150000 58.531089 2.000000
      vertex 9.200000 56.885641 2.000000
      vertex 9.012293 56.978207 2.000000
    endloop
  endfacet
  facet normal 0.321439 0.946930 0.000000
    outer loop
      vertex 9.739392 58.733578 2.000000
      vertex 9.305867 58.880740 2.000000
      vertex 9.305867 58.880740 7.200000
    endloop
  endfacet
  facet normal 0.321439 0.946930 -0.000000
    outer loop
      vertex 9.739392 58.733578 2.000000
      vertex 9.305867 58.880740 7.200000
      vertex 9.739392 58.733578 7.200000
    endloop
  endfacet
  facet normal -0.321439 -0.946930 0.000000
    outer loop
      vertex 9.012293 56.978207 2.000000
      vertex 8.814110 57.045481 7.200000
      vertex 8.814110 57.045481 2.000000
    endloop
  endfacet
  facet normal -0.321439 -0.946930 0.000000
    outer loop
      vertex 9.012293 56.978207 2.000000
      vertex 9.012293 56.978207 7.200000
      vertex 8.814110 57.045481 7.200000
    endloop
  endfacet
  facet normal 0.000000 0.000000 1.000000
    outer loop
      vertex 9.739392 58.733578 7.200000
      vertex 9.305867 58.880740 7.200000
      vertex 8.814110 57.045481 7.200000
    endloop
  endfacet
  facet normal 0.000000 0.000000 1.000000
    outer loop
      vertex 9.739392 58.733578 7.200000
      vertex 8.814110 57.045481 7.200000
      vertex 9.012293 56.978207 7.200000
    endloop
  endfacet
  facet normal -0.000000 0.000000 -1.000000
    outer loop
      vertex 9.739392 58.733578 2.000000
      vertex 8.814110 57.045481 2.000000
      vertex 9.305867 58.880740 2.000000
    endloop
  endfacet
  facet normal 0.000000 0.000000 -1.000000
    outer loop
      vertex 9.739392 58.733578 2.000000
      vertex 9.012293 56.978207 2.000000
      vertex 8.814110 57.045481 2.000000
    endloop
  endfacet
  facet normal 0.195090 0.980785 0.000000
    outer loop
      vertex 9.305867 58.880740 2.000000
      vertex 8.856842 58.970057 2.000000
      vertex 8.856842 58.970057 7.200000
    endloop
  endfacet
  facet normal 0.195090 0.980785 -0.000000
    outer loop
      vertex 9.305867 58.880740 2.000000
      vertex 8.856842 58.970057 7.200000
      vertex 9.305867 58.880740 7.200000
    endloop
  endfacet
  facet normal -0.195090 -0.980785 0.000000
    outer loop
      vertex 8.814110 57.045481 2.000000
      vertex 8.608842 57.086312 7.200000
      vertex 8.608842 57.086312 2.000000
    endloop
  endfacet
  facet normal -0.195090 -0.980785 0.000000
    outer loop
      vertex 8.814110 57.045481 2.000000
      vertex 8.814110 57.045481 7.200000
      vertex 8.608842 57.086312 7.200000
    endloop
  endfacet
  facet normal 0.000000 0.000000 1.000000
    outer loop
      vertex 9.305867 58.880740 7.200000
      vertex 8.856842 58.970057 7.200000
      vertex 8.608842 57.086312 7.200000
    endloop
  endfacet
  facet normal 0.000000 0.000000 1.000000
    outer loop
      vertex 9.305867 58.880740 7.200000
      vertex 8.608842 57.086312 7.200000
      vertex 8.814110 57.045481 7.200000
    endloop
  endfacet
  facet normal -0.000000 0.000000 -1.000000
    outer loop
      vertex 9.305867 58.880740 2.000000
      vertex 8.608842 57.086312 2.000000
      vertex 8.856842 58.970057 2.000000
    endloop
  endfacet
  facet normal 0.000000 0.000000 -1.000000
    outer loop
      vertex 9.305867 58.880740 2.000000
      vertex 8.814110 57.045481 2.000000
      vertex 8.608842 57.086312 2.000000
    endloop
  endfacet
  facet normal 0.065403 0.997859 0.000000
    outer loop
      vertex 8.856842 58.970057 2.000000
      vertex 8.400000 59.000000 2.000000
      vertex 8.400000 59.000000 7.200000
    endloop
  endfacet
  facet normal 0.065403 0.997859 -0.000000
    outer loop
      vertex 8.856842 58.970057 2.000000
      vertex 8.400000 59.000000 7.200000
      vertex 8.856842 58.970057 7.200000
    endloop
  endfacet
  facet normal -0.065403 -0.997859 0.000000
    outer loop
      vertex 8.608842 57.086312 2.000000
      vertex 8.400000 57.100000 7.200000
      vertex 8.400000 57.100000 2.000000
    endloop
  endfacet
  facet normal -0.065403 -0.997859 0.000000
    outer loop
      vertex 8.608842 57.086312 2.000000
      vertex 8.608842 57.086312 7.200000
      vertex 8.400000 57.100000 7.200000
    endloop
  endfacet
  facet normal 0.000000 0.000000 1.000000
    outer loop
      vertex 8.856842 58.970057 7.200000
      vertex 8.400000 59.000000 7.200000
      vertex 8.400000 57.100000 7.200000
    endloop
  endfacet
  facet normal 0.000000 0.000000 1.000000
    outer loop
      vertex 8.856842 58.970057 7.200000
      vertex 8.400000 57.100000 7.200000
      vertex 8.608842 57.086312 7.200000
    endloop
  endfacet
  facet normal -0.000000 0.000000 -1.000000
    outer loop
      vertex 8.856842 58.970057 2.000000
      vertex 8.400000 57.100000 2.000000
      vertex 8.400000 59.000000 2.000000
    endloop
  endfacet
  facet normal 0.000000 0.000000 -1.000000
    outer loop
      vertex 8.856842 58.970057 2.000000
      vertex 8.608842 57.086312 2.000000
      vertex 8.400000 57.100000 2.000000
    endloop
  endfacet
  facet normal -0.065403 0.997859 0.000000
    outer loop
      vertex 8.400000 59.000000 2.000000
      vertex 7.943158 58.970057 2.000000
      vertex 7.943158 58.970057 7.200000
    endloop
  endfacet
  facet normal -0.065403 0.997859 0.000000
    outer loop
      vertex 8.400000 59.000000 2.000000
      vertex 7.943158 58.970057 7.200000
      vertex 8.400000 59.000000 7.200000
    endloop
  endfacet
  facet normal 0.065403 -0.997859 0.000000
    outer loop
      vertex 8.400000 57.100000 2.000000
      vertex 8.191158 57.086312 7.200000
      vertex 8.191158 57.086312 2.000000
    endloop
  endfacet
  facet normal 0.065403 -0.997859 0.000000
    outer loop
      vertex 8.400000 57.100000 2.000000
      vertex 8.400000 57.100000 7.200000
      vertex 8.191158 57.086312 7.200000
    endloop
  endfacet
  facet normal 0.000000 0.000000 1.000000
    outer loop
      vertex 8.400000 59.000000 7.200000
      vertex 7.943158 58.970057 7.200000
      vertex 8.191158 57.086312 7.200000
    endloop
  endfacet
  facet normal 0.000000 0.000000 1.000000
    outer loop
      vertex 8.400000 59.000000 7.200000
      vertex 8.191158 57.086312 7.200000
      vertex 8.400000 57.100000 7.200000
    endloop
  endfacet
  facet normal 0.000000 0.000000 -1.000000
    outer loop
      vertex 8.400000 59.000000 2.000000
      vertex 8.191158 57.086312 2.000000
      vertex 7.943158 58.970057 2.000000
    endloop
  endfacet
  facet normal 0.000000 -0.000000 -1.000000
    outer loop
      vertex 8.400000 59.000000 2.000000
      vertex 8.400000 57.100000 2.000000
      vertex 8.191158 57.086312 2.000000
    endloop
  endfacet
  facet normal -0.195090 0.980785 0.000000
    outer loop
      vertex 7.943158 58.970057 2.000000
      vertex 7.494133 58.880740 2.000000
      vertex 7.494133 58.880740 7.200000
    endloop
  endfacet
  facet normal -0.195090 0.980785 0.000000
    outer loop
      vertex 7.943158 58.970057 2.000000
      vertex 7.494133 58.880740 7.200000
      vertex 7.943158 58.970057 7.200000
    endloop
  endfacet
  facet normal 0.195090 -0.980785 0.000000
    outer loop
      vertex 8.191158 57.086312 2.000000
      vertex 7.985890 57.045481 7.200000
      vertex 7.985890 57.045481 2.000000
    endloop
  endfacet
  facet normal 0.195090 -0.980785 0.000000
    outer loop
      vertex 8.191158 57.086312 2.000000
      vertex 8.191158 57.086312 7.200000
      vertex 7.985890 57.045481 7.200000
    endloop
  endfacet
  facet normal 0.000000 0.000000 1.000000
    outer loop
      vertex 7.943158 58.970057 7.200000
      vertex 7.494133 58.880740 7.200000
      vertex 7.985890 57.045481 7.200000
    endloop
  endfacet
  facet normal 0.000000 0.000000 1.000000
    outer loop
      vertex 7.943158 58.970057 7.200000
      vertex 7.985890 57.045481 7.200000
      vertex 8.191158 57.086312 7.200000
    endloop
  endfacet
  facet normal 0.000000 -0.000000 -1.000000
    outer loop
      vertex 7.943158 58.970057 2.000000
      vertex 7.985890 57.045481 2.000000
      vertex 7.494133 58.880740 2.000000
    endloop
  endfacet
  facet normal 0.000000 0.000000 -1.000000
    outer loop
      vertex 7.943158 58.970057 2.000000
      vertex 8.191158 57.086312 2.000000
      vertex 7.985890 57.045481 2.000000
    endloop
  endfacet
  facet normal -0.321439 0.946930 0.000000
    outer loop
      vertex 7.494133 58.880740 2.000000
      vertex 7.060608 58.733578 2.000000
      vertex 7.060608 58.733578 7.200000
    endloop
  endfacet
  facet normal -0.321439 0.946930 0.000000
    outer loop
      vertex 7.494133 58.880740 2.000000
      vertex 7.060608 58.733578 7.200000
      vertex 7.494133 58.880740 7.200000
    endloop
  endfacet
  facet normal 0.321439 -0.946930 0.000000
    outer loop
      vertex 7.985890 57.045481 2.000000
      vertex 7.787707 56.978207 7.200000
      vertex 7.787707 56.978207 2.000000
    endloop
  endfacet
  facet normal 0.321439 -0.946930 0.000000
    outer loop
      vertex 7.985890 57.045481 2.000000
      vertex 7.985890 57.045481 7.200000
      vertex 7.787707 56.978207 7.200000
    endloop
  endfacet
  facet normal 0.000000 0.000000 1.000000
    outer loop
      vertex 7.494133 58.880740 7.200000
      vertex 7.060608 58.733578 7.200000
      vertex 7.787707 56.978207 7.200000
    endloop
  endfacet
  facet normal 0.000000 0.000000 1.000000
    outer loop
      vertex 7.494133 58.880740 7.200000
      vertex 7.787707 56.978207 7.200000
      vertex 7.985890 57.045481 7.200000
    endloop
  endfacet
  facet normal 0.000000 -0.000000 -1.000000
    outer loop
      vertex 7.494133 58.880740 2.000000
      vertex 7.787707 56.978207 2.000000
      vertex 7.060608 58.733578 2.000000
    endloop
  endfacet
  facet normal 0.000000 0.000000 -1.000000
    outer loop
      vertex 7.494133 58.880740 2.000000
      vertex 7.985890 57.045481 2.000000
      vertex 7.787707 56.978207 2.000000
    endloop
  endfacet
  facet normal -0.442289 0.896873 0.000000
    outer loop
      vertex 7.060608 58.733578 2.000000
      vertex 6.650000 58.531089 2.000000
      vertex 6.650000 58.531089 7.200000
    endloop
  endfacet
  facet normal -0.442289 0.896873 0.000000
    outer loop
      vertex 7.060608 58.733578 2.000000
      vertex 6.650000 58.531089 7.200000
      vertex 7.060608 58.733578 7.200000
    endloop
  endfacet
  facet normal 0.442289 -0.896873 0.000000
    outer loop
      vertex 7.787707 56.978207 2.000000
      vertex 7.600000 56.885641 7.200000
      vertex 7.600000 56.885641 2.000000
    endloop
  endfacet
  facet normal 0.442289 -0.896873 0.000000
    outer loop
      vertex 7.787707 56.978207 2.000000
      vertex 7.787707 56.978207 7.200000
      vertex 7.600000 56.885641 7.200000
    endloop
  endfacet
  facet normal 0.000000 0.000000 1.000000
    outer loop
      vertex 7.060608 58.733578 7.200000
      vertex 6.650000 58.531089 7.200000
      vertex 7.600000 56.885641 7.200000
    endloop
  endfacet
  facet normal 0.000000 0.000000 1.000000
    outer loop
      vertex 7.060608 58.733578 7.200000
      vertex 7.600000 56.885641 7.200000
      vertex 7.787707 56.978207 7.200000
    endloop
  endfacet
  facet normal 0.000000 -0.000000 -1.000000
    outer loop
      vertex 7.060608 58.733578 2.000000
      vertex 7.600000 56.885641 2.000000
      vertex 6.650000 58.531089 2.000000
    endloop
  endfacet
  facet normal 0.000000 0.000000 -1.000000
    outer loop
      vertex 7.060608 58.733578 2.000000
      vertex 7.787707 56.978207 2.000000
      vertex 7.600000 56.885641 2.000000
    endloop
  endfacet
  facet normal -0.555570 0.831470 0.000000
    outer loop
      vertex 6.650000 58.531089 2.000000
      vertex 6.269335 58.276737 2.000000
      vertex 6.269335 58.276737 7.200000
    endloop
  endfacet
  facet normal -0.555570 0.831470 0.000000
    outer loop
      vertex 6.650000 58.531089 2.000000
      vertex 6.269335 58.276737 7.200000
      vertex 6.650000 58.531089 7.200000
    endloop
  endfacet
  facet normal 0.555570 -0.831470 0.000000
    outer loop
      vertex 7.600000 56.885641 2.000000
      vertex 7.425982 56.769365 7.200000
      vertex 7.425982 56.769365 2.000000
    endloop
  endfacet
  facet normal 0.555570 -0.831470 0.000000
    outer loop
      vertex 7.600000 56.885641 2.000000
      vertex 7.600000 56.885641 7.200000
      vertex 7.425982 56.769365 7.200000
    endloop
  endfacet
  facet normal 0.000000 0.000000 1.000000
    outer loop
      vertex 6.650000 58.531089 7.200000
      vertex 6.269335 58.276737 7.200000
      vertex 7.425982 56.769365 7.200000
    endloop
  endfacet
  facet normal 0.000000 0.000000 1.000000
    outer loop
      vertex 6.650000 58.531089 7.200000
      vertex 7.425982 56.769365 7.200000
      vertex 7.600000 56.885641 7.200000
    endloop
  endfacet
  facet normal 0.000000 -0.000000 -1.000000
    outer loop
      vertex 6.650000 58.531089 2.000000
      vertex 7.425982 56.769365 2.000000
      vertex 6.269335 58.276737 2.000000
    endloop
  endfacet
  facet normal 0.000000 0.000000 -1.000000
    outer loop
      vertex 6.650000 58.531089 2.000000
      vertex 7.600000 56.885641 2.000000
      vertex 7.425982 56.769365 2.000000
    endloop
  endfacet
  facet normal -0.659346 0.751840 0.000000
    outer loop
      vertex 6.269335 58.276737 2.000000
      vertex 5.925126 57.974874 2.000000
      vertex 5.925126 57.974874 7.200000
    endloop
  endfacet
  facet normal -0.659346 0.751840 0.000000
    outer loop
      vertex 6.269335 58.276737 2.000000
      vertex 5.925126 57.974874 7.200000
      vertex 6.269335 58.276737 7.200000
    endloop
  endfacet
  facet normal 0.659346 -0.751840 0.000000
    outer loop
      vertex 7.425982 56.769365 2.000000
      vertex 7.268629 56.631371 7.200000
      vertex 7.268629 56.631371 2.000000
    endloop
  endfacet
  facet normal 0.659346 -0.751840 0.000000
    outer loop
      vertex 7.425982 56.769365 2.000000
      vertex 7.425982 56.769365 7.200000
      vertex 7.268629 56.631371 7.200000
    endloop
  endfacet
  facet normal 0.000000 0.000000 1.000000
    outer loop
      vertex 6.269335 58.276737 7.200000
      vertex 5.925126 57.974874 7.200000
      vertex 7.268629 56.631371 7.200000
    endloop
  endfacet
  facet normal 0.000000 0.000000 1.000000
    outer loop
      vertex 6.269335 58.276737 7.200000
      vertex 7.268629 56.631371 7.200000
      vertex 7.425982 56.769365 7.200000
    endloop
  endfacet
  facet normal 0.000000 -0.000000 -1.000000
    outer loop
      vertex 6.269335 58.276737 2.000000
      vertex 7.268629 56.631371 2.000000
      vertex 5.925126 57.974874 2.000000
    endloop
  endfacet
  facet normal 0.000000 0.000000 -1.000000
    outer loop
      vertex 6.269335 58.276737 2.000000
      vertex 7.425982 56.769365 2.000000
      vertex 7.268629 56.631371 2.000000
    endloop
  endfacet
  facet normal -0.751840 0.659346 0.000000
    outer loop
      vertex 5.925126 57.974874 2.000000
      vertex 5.623263 57.630665 2.000000
      vertex 5.623263 57.630665 7.200000
    endloop
  endfacet
  facet normal -0.751840 0.659346 0.000000
    outer loop
      vertex 5.925126 57.974874 2.000000
      vertex 5.623263 57.630665 7.200000
      vertex 5.925126 57.974874 7.200000
    endloop
  endfacet
  facet normal 0.751840 -0.659346 0.000000
    outer loop
      vertex 7.268629 56.631371 2.000000
      vertex 7.130635 56.474018 7.200000
      vertex 7.130635 56.474018 2.000000
    endloop
  endfacet
  facet normal 0.751840 -0.659346 0.000000
    outer loop
      vertex 7.268629 56.631371 2.000000
      vertex 7.268629 56.631371 7.200000
      vertex 7.130635 56.474018 7.200000
    endloop
  endfacet
  facet normal 0.000000 0.000000 1.000000
    outer loop
      vertex 5.925126 57.974874 7.200000
      vertex 5.623263 57.630665 7.200000
      vertex 7.130635 56.474018 7.200000
    endloop
  endfacet
  facet normal 0.000000 0.000000 1.000000
    outer loop
      vertex 5.925126 57.974874 7.200000
      vertex 7.130635 56.474018 7.200000
      vertex 7.268629 56.631371 7.200000
    endloop
  endfacet
  facet normal 0.000000 -0.000000 -1.000000
    outer loop
      vertex 5.925126 57.974874 2.000000
      vertex 7.130635 56.474018 2.000000
      vertex 5.623263 57.630665 2.000000
    endloop
  endfacet
  facet normal 0.000000 0.000000 -1.000000
    outer loop
      vertex 5.925126 57.974874 2.000000
      vertex 7.268629 56.631371 2.000000
      vertex 7.130635 56.474018 2.000000
    endloop
  endfacet
  facet normal -0.831470 0.555570 0.000000
    outer loop
      vertex 5.623263 57.630665 2.000000
      vertex 5.368911 57.250000 2.000000
      vertex 5.368911 57.250000 7.200000
    endloop
  endfacet
  facet normal -0.831470 0.555570 0.000000
    outer loop
      vertex 5.623263 57.630665 2.000000
      vertex 5.368911 57.250000 7.200000
      vertex 5.623263 57.630665 7.200000
    endloop
  endfacet
  facet normal 0.831470 -0.555570 0.000000
    outer loop
      vertex 7.130635 56.474018 2.000000
      vertex 7.014359 56.300000 7.200000
      vertex 7.014359 56.300000 2.000000
    endloop
  endfacet
  facet normal 0.831470 -0.555570 0.000000
    outer loop
      vertex 7.130635 56.474018 2.000000
      vertex 7.130635 56.474018 7.200000
      vertex 7.014359 56.300000 7.200000
    endloop
  endfacet
  facet normal 0.000000 0.000000 1.000000
    outer loop
      vertex 5.623263 57.630665 7.200000
      vertex 5.368911 57.250000 7.200000
      vertex 7.014359 56.300000 7.200000
    endloop
  endfacet
  facet normal 0.000000 0.000000 1.000000
    outer loop
      vertex 5.623263 57.630665 7.200000
      vertex 7.014359 56.300000 7.200000
      vertex 7.130635 56.474018 7.200000
    endloop
  endfacet
  facet normal 0.000000 -0.000000 -1.000000
    outer loop
      vertex 5.623263 57.630665 2.000000
      vertex 7.014359 56.300000 2.000000
      vertex 5.368911 57.250000 2.000000
    endloop
  endfacet
  facet normal 0.000000 0.000000 -1.000000
    outer loop
      vertex 5.623263 57.630665 2.000000
      vertex 7.130635 56.474018 2.000000
      vertex 7.014359 56.300000 2.000000
    endloop
  endfacet
  facet normal -0.896873 0.442289 0.000000
    outer loop
      vertex 5.368911 57.250000 2.000000
      vertex 5.166422 56.839392 2.000000
      vertex 5.166422 56.839392 7.200000
    endloop
  endfacet
  facet normal -0.896873 0.442289 0.000000
    outer loop
      vertex 5.368911 57.250000 2.000000
      vertex 5.166422 56.839392 7.200000
      vertex 5.368911 57.250000 7.200000
    endloop
  endfacet
  facet normal 0.896873 -0.442289 0.000000
    outer loop
      vertex 7.014359 56.300000 2.000000
      vertex 6.921793 56.112293 7.200000
      vertex 6.921793 56.112293 2.000000
    endloop
  endfacet
  facet normal 0.896873 -0.442289 0.000000
    outer loop
      vertex 7.014359 56.300000 2.000000
      vertex 7.014359 56.300000 7.200000
      vertex 6.921793 56.112293 7.200000
    endloop
  endfacet
  facet normal 0.000000 0.000000 1.000000
    outer loop
      vertex 5.368911 57.250000 7.200000
      vertex 5.166422 56.839392 7.200000
      vertex 6.921793 56.112293 7.200000
    endloop
  endfacet
  facet normal 0.000000 0.000000 1.000000
    outer loop
      vertex 5.368911 57.250000 7.200000
      vertex 6.921793 56.112293 7.200000
      vertex 7.014359 56.300000 7.200000
    endloop
  endfacet
  facet normal 0.000000 -0.000000 -1.000000
    outer loop
      vertex 5.368911 57.250000 2.000000
      vertex 6.921793 56.112293 2.000000
      vertex 5.166422 56.839392 2.000000
    endloop
  endfacet
  facet normal 0.000000 0.000000 -1.000000
    outer loop
      vertex 5.368911 57.250000 2.000000
      vertex 7.014359 56.300000 2.000000
      vertex 6.921793 56.112293 2.000000
    endloop
  endfacet
  facet normal -0.946930 0.321439 0.000000
    outer loop
      vertex 5.166422 56.839392 2.000000
      vertex 5.019260 56.405867 2.000000
      vertex 5.019260 56.405867 7.200000
    endloop
  endfacet
  facet normal -0.946930 0.321439 0.000000
    outer loop
      vertex 5.166422 56.839392 2.000000
      vertex 5.019260 56.405867 7.200000
      vertex 5.166422 56.839392 7.200000
    endloop
  endfacet
  facet normal 0.946930 -0.321439 0.000000
    outer loop
      vertex 6.921793 56.112293 2.000000
      vertex 6.854519 55.914110 7.200000
      vertex 6.854519 55.914110 2.000000
    endloop
  endfacet
  facet normal 0.946930 -0.321439 0.000000
    outer loop
      vertex 6.921793 56.112293 2.000000
      vertex 6.921793 56.112293 7.200000
      vertex 6.854519 55.914110 7.200000
    endloop
  endfacet
  facet normal 0.000000 0.000000 1.000000
    outer loop
      vertex 5.166422 56.839392 7.200000
      vertex 5.019260 56.405867 7.200000
      vertex 6.854519 55.914110 7.200000
    endloop
  endfacet
  facet normal 0.000000 0.000000 1.000000
    outer loop
      vertex 5.166422 56.839392 7.200000
      vertex 6.854519 55.914110 7.200000
      vertex 6.921793 56.112293 7.200000
    endloop
  endfacet
  facet normal 0.000000 -0.000000 -1.000000
    outer loop
      vertex 5.166422 56.839392 2.000000
      vertex 6.854519 55.914110 2.000000
      vertex 5.019260 56.405867 2.000000
    endloop
  endfacet
  facet normal 0.000000 0.000000 -1.000000
    outer loop
      vertex 5.166422 56.839392 2.000000
      vertex 6.921793 56.112293 2.000000
      vertex 6.854519 55.914110 2.000000
    endloop
  endfacet
  facet normal -0.980785 0.195090 0.000000
    outer loop
      vertex 5.019260 56.405867 2.000000
      vertex 4.929943 55.956842 2.000000
      vertex 4.929943 55.956842 7.200000
    endloop
  endfacet
  facet normal -0.980785 0.195090 0.000000
    outer loop
      vertex 5.019260 56.405867 2.000000
      vertex 4.929943 55.956842 7.200000
      vertex 5.019260 56.405867 7.200000
    endloop
  endfacet
  facet normal 0.980785 -0.195090 0.000000
    outer loop
      vertex 6.854519 55.914110 2.000000
      vertex 6.813688 55.708842 7.200000
      vertex 6.813688 55.708842 2.000000
    endloop
  endfacet
  facet normal 0.980785 -0.195090 0.000000
    outer loop
      vertex 6.854519 55.914110 2.000000
      vertex 6.854519 55.914110 7.200000
      vertex 6.813688 55.708842 7.200000
    endloop
  endfacet
  facet normal 0.000000 0.000000 1.000000
    outer loop
      vertex 5.019260 56.405867 7.200000
      vertex 4.929943 55.956842 7.200000
      vertex 6.813688 55.708842 7.200000
    endloop
  endfacet
  facet normal 0.000000 0.000000 1.000000
    outer loop
      vertex 5.019260 56.405867 7.200000
      vertex 6.813688 55.708842 7.200000
      vertex 6.854519 55.914110 7.200000
    endloop
  endfacet
  facet normal 0.000000 -0.000000 -1.000000
    outer loop
      vertex 5.019260 56.405867 2.000000
      vertex 6.813688 55.708842 2.000000
      vertex 4.929943 55.956842 2.000000
    endloop
  endfacet
  facet normal 0.000000 0.000000 -1.000000
    outer loop
      vertex 5.019260 56.405867 2.000000
      vertex 6.854519 55.914110 2.000000
      vertex 6.813688 55.708842 2.000000
    endloop
  endfacet
  facet normal -0.997859 0.065403 0.000000
    outer loop
      vertex 4.929943 55.956842 2.000000
      vertex 4.900000 55.500000 2.000000
      vertex 4.900000 55.500000 7.200000
    endloop
  endfacet
  facet normal -0.997859 0.065403 0.000000
    outer loop
      vertex 4.929943 55.956842 2.000000
      vertex 4.900000 55.500000 7.200000
      vertex 4.929943 55.956842 7.200000
    endloop
  endfacet
  facet normal 0.997859 -0.065403 0.000000
    outer loop
      vertex 6.813688 55.708842 2.000000
      vertex 6.800000 55.500000 7.200000
      vertex 6.800000 55.500000 2.000000
    endloop
  endfacet
  facet normal 0.997859 -0.065403 0.000000
    outer loop
      vertex 6.813688 55.708842 2.000000
      vertex 6.813688 55.708842 7.200000
      vertex 6.800000 55.500000 7.200000
    endloop
  endfacet
  facet normal 0.000000 0.000000 1.000000
    outer loop
      vertex 4.929943 55.956842 7.200000
      vertex 4.900000 55.500000 7.200000
      vertex 6.800000 55.500000 7.200000
    endloop
  endfacet
  facet normal 0.000000 0.000000 1.000000
    outer loop
      vertex 4.929943 55.956842 7.200000
      vertex 6.800000 55.500000 7.200000
      vertex 6.813688 55.708842 7.200000
    endloop
  endfacet
  facet normal 0.000000 -0.000000 -1.000000
    outer loop
      vertex 4.929943 55.956842 2.000000
      vertex 6.800000 55.500000 2.000000
      vertex 4.900000 55.500000 2.000000
    endloop
  endfacet
  facet normal 0.000000 0.000000 -1.000000
    outer loop
      vertex 4.929943 55.956842 2.000000
      vertex 6.813688 55.708842 2.000000
      vertex 6.800000 55.500000 2.000000
    endloop
  endfacet
  facet normal -0.997859 -0.065403 0.000000
    outer loop
      vertex 4.900000 55.500000 2.000000
      vertex 4.929943 55.043158 2.000000
      vertex 4.929943 55.043158 7.200000
    endloop
  endfacet
  facet normal -0.997859 -0.065403 0.000000
    outer loop
      vertex 4.900000 55.500000 2.000000
      vertex 4.929943 55.043158 7.200000
      vertex 4.900000 55.500000 7.200000
    endloop
  endfacet
  facet normal 0.997859 0.065403 0.000000
    outer loop
      vertex 6.800000 55.500000 2.000000
      vertex 6.813688 55.291158 7.200000
      vertex 6.813688 55.291158 2.000000
    endloop
  endfacet
  facet normal 0.997859 0.065403 -0.000000
    outer loop
      vertex 6.800000 55.500000 2.000000
      vertex 6.800000 55.500000 7.200000
      vertex 6.813688 55.291158 7.200000
    endloop
  endfacet
  facet normal 0.000000 0.000000 1.000000
    outer loop
      vertex 4.900000 55.500000 7.200000
      vertex 4.929943 55.043158 7.200000
      vertex 6.813688 55.291158 7.200000
    endloop
  endfacet
  facet normal -0.000000 0.000000 1.000000
    outer loop
      vertex 4.900000 55.500000 7.200000
      vertex 6.813688 55.291158 7.200000
      vertex 6.800000 55.500000 7.200000
    endloop
  endfacet
  facet normal 0.000000 0.000000 -1.000000
    outer loop
      vertex 4.900000 55.500000 2.000000
      vertex 6.813688 55.291158 2.000000
      vertex 4.929943 55.043158 2.000000
    endloop
  endfacet
  facet normal 0.000000 0.000000 -1.000000
    outer loop
      vertex 4.900000 55.500000 2.000000
      vertex 6.800000 55.500000 2.000000
      vertex 6.813688 55.291158 2.000000
    endloop
  endfacet
  facet normal -0.980785 -0.195090 0.000000
    outer loop
      vertex 4.929943 55.043158 2.000000
      vertex 5.019260 54.594133 2.000000
      vertex 5.019260 54.594133 7.200000
    endloop
  endfacet
  facet normal -0.980785 -0.195090 0.000000
    outer loop
      vertex 4.929943 55.043158 2.000000
      vertex 5.019260 54.594133 7.200000
      vertex 4.929943 55.043158 7.200000
    endloop
  endfacet
  facet normal 0.980785 0.195090 0.000000
    outer loop
      vertex 6.813688 55.291158 2.000000
      vertex 6.854519 55.085890 7.200000
      vertex 6.854519 55.085890 2.000000
    endloop
  endfacet
  facet normal 0.980785 0.195090 -0.000000
    outer loop
      vertex 6.813688 55.291158 2.000000
      vertex 6.813688 55.291158 7.200000
      vertex 6.854519 55.085890 7.200000
    endloop
  endfacet
  facet normal -0.000000 0.000000 1.000000
    outer loop
      vertex 4.929943 55.043158 7.200000
      vertex 5.019260 54.594133 7.200000
      vertex 6.854519 55.085890 7.200000
    endloop
  endfacet
  facet normal 0.000000 0.000000 1.000000
    outer loop
      vertex 4.929943 55.043158 7.200000
      vertex 6.854519 55.085890 7.200000
      vertex 6.813688 55.291158 7.200000
    endloop
  endfacet
  facet normal 0.000000 0.000000 -1.000000
    outer loop
      vertex 4.929943 55.043158 2.000000
      vertex 6.854519 55.085890 2.000000
      vertex 5.019260 54.594133 2.000000
    endloop
  endfacet
  facet normal 0.000000 0.000000 -1.000000
    outer loop
      vertex 4.929943 55.043158 2.000000
      vertex 6.813688 55.291158 2.000000
      vertex 6.854519 55.085890 2.000000
    endloop
  endfacet
  facet normal -0.946930 -0.321439 0.000000
    outer loop
      vertex 5.019260 54.594133 2.000000
      vertex 5.166422 54.160608 2.000000
      vertex 5.166422 54.160608 7.200000
    endloop
  endfacet
  facet normal -0.946930 -0.321439 0.000000
    outer loop
      vertex 5.019260 54.594133 2.000000
      vertex 5.166422 54.160608 7.200000
      vertex 5.019260 54.594133 7.200000
    endloop
  endfacet
  facet normal 0.946930 0.321439 0.000000
    outer loop
      vertex 6.854519 55.085890 2.000000
      vertex 6.921793 54.887707 7.200000
      vertex 6.921793 54.887707 2.000000
    endloop
  endfacet
  facet normal 0.946930 0.321439 -0.000000
    outer loop
      vertex 6.854519 55.085890 2.000000
      vertex 6.854519 55.085890 7.200000
      vertex 6.921793 54.887707 7.200000
    endloop
  endfacet
  facet normal -0.000000 0.000000 1.000000
    outer loop
      vertex 5.019260 54.594133 7.200000
      vertex 5.166422 54.160608 7.200000
      vertex 6.921793 54.887707 7.200000
    endloop
  endfacet
  facet normal 0.000000 0.000000 1.000000
    outer loop
      vertex 5.019260 54.594133 7.200000
      vertex 6.921793 54.887707 7.200000
      vertex 6.854519 55.085890 7.200000
    endloop
  endfacet
  facet normal 0.000000 0.000000 -1.000000
    outer loop
      vertex 5.019260 54.594133 2.000000
      vertex 6.921793 54.887707 2.000000
      vertex 5.166422 54.160608 2.000000
    endloop
  endfacet
  facet normal 0.000000 0.000000 -1.000000
    outer loop
      vertex 5.019260 54.594133 2.000000
      vertex 6.854519 55.085890 2.000000
      vertex 6.921793 54.887707 2.000000
    endloop
  endfacet
  facet normal -0.896873 -0.442289 0.000000
    outer loop
      vertex 5.166422 54.160608 2.000000
      vertex 5.368911 53.750000 2.000000
      vertex 5.368911 53.750000 7.200000
    endloop
  endfacet
  facet normal -0.896873 -0.442289 0.000000
    outer loop
      vertex 5.166422 54.160608 2.000000
      vertex 5.368911 53.750000 7.200000
      vertex 5.166422 54.160608 7.200000
    endloop
  endfacet
  facet normal 0.896873 0.442289 0.000000
    outer loop
      vertex 6.921793 54.887707 2.000000
      vertex 7.014359 54.700000 7.200000
      vertex 7.014359 54.700000 2.000000
    endloop
  endfacet
  facet normal 0.896873 0.442289 -0.000000
    outer loop
      vertex 6.921793 54.887707 2.000000
      vertex 6.921793 54.887707 7.200000
      vertex 7.014359 54.700000 7.200000
    endloop
  endfacet
  facet normal -0.000000 0.000000 1.000000
    outer loop
      vertex 5.166422 54.160608 7.200000
      vertex 5.368911 53.750000 7.200000
      vertex 7.014359 54.700000 7.200000
    endloop
  endfacet
  facet normal 0.000000 0.000000 1.000000
    outer loop
      vertex 5.166422 54.160608 7.200000
      vertex 7.014359 54.700000 7.200000
      vertex 6.921793 54.887707 7.200000
    endloop
  endfacet
  facet normal 0.000000 0.000000 -1.000000
    outer loop
      vertex 5.166422 54.160608 2.000000
      vertex 7.014359 54.700000 2.000000
      vertex 5.368911 53.750000 2.000000
    endloop
  endfacet
  facet normal 0.000000 0.000000 -1.000000
    outer loop
      vertex 5.166422 54.160608 2.000000
      vertex 6.921793 54.887707 2.000000
      vertex 7.014359 54.700000 2.000000
    endloop
  endfacet
  facet normal -0.831470 -0.555570 0.000000
    outer loop
      vertex 5.368911 53.750000 2.000000
      vertex 5.623263 53.369335 2.000000
      vertex 5.623263 53.369335 7.200000
    endloop
  endfacet
  facet normal -0.831470 -0.555570 0.000000
    outer loop
      vertex 5.368911 53.750000 2.000000
      vertex 5.623263 53.369335 7.200000
      vertex 5.368911 53.750000 7.200000
    endloop
  endfacet
  facet normal 0.831470 0.555570 0.000000
    outer loop
      vertex 7.014359 54.700000 2.000000
      vertex 7.130635 54.525982 7.200000
      vertex 7.130635 54.525982 2.000000
    endloop
  endfacet
  facet normal 0.831470 0.555570 -0.000000
    outer loop
      vertex 7.014359 54.700000 2.000000
      vertex 7.014359 54.700000 7.200000
      vertex 7.130635 54.525982 7.200000
    endloop
  endfacet
  facet normal -0.000000 0.000000 1.000000
    outer loop
      vertex 5.368911 53.750000 7.200000
      vertex 5.623263 53.369335 7.200000
      vertex 7.130635 54.525982 7.200000
    endloop
  endfacet
  facet normal 0.000000 0.000000 1.000000
    outer loop
      vertex 5.368911 53.750000 7.200000
      vertex 7.130635 54.525982 7.200000
      vertex 7.014359 54.700000 7.200000
    endloop
  endfacet
  facet normal 0.000000 0.000000 -1.000000
    outer loop
      vertex 5.368911 53.750000 2.000000
      vertex 7.130635 54.525982 2.000000
      vertex 5.623263 53.369335 2.000000
    endloop
  endfacet
  facet normal 0.000000 0.000000 -1.000000
    outer loop
      vertex 5.368911 53.750000 2.000000
      vertex 7.014359 54.700000 2.000000
      vertex 7.130635 54.525982 2.000000
    endloop
  endfacet
  facet normal -0.751840 -0.659346 0.000000
    outer loop
      vertex 5.623263 53.369335 2.000000
      vertex 5.925126 53.025126 2.000000
      vertex 5.925126 53.025126 7.200000
    endloop
  endfacet
  facet normal -0.751840 -0.659346 0.000000
    outer loop
      vertex 5.623263 53.369335 2.000000
      vertex 5.925126 53.025126 7.200000
      vertex 5.623263 53.369335 7.200000
    endloop
  endfacet
  facet normal 0.751840 0.659346 0.000000
    outer loop
      vertex 7.130635 54.525982 2.000000
      vertex 7.268629 54.368629 7.200000
      vertex 7.268629 54.368629 2.000000
    endloop
  endfacet
  facet normal 0.751840 0.659346 -0.000000
    outer loop
      vertex 7.130635 54.525982 2.000000
      vertex 7.130635 54.525982 7.200000
      vertex 7.268629 54.368629 7.200000
    endloop
  endfacet
  facet normal -0.000000 0.000000 1.000000
    outer loop
      vertex 5.623263 53.369335 7.200000
      vertex 5.925126 53.025126 7.200000
      vertex 7.268629 54.368629 7.200000
    endloop
  endfacet
  facet normal 0.000000 0.000000 1.000000
    outer loop
      vertex 5.623263 53.369335 7.200000
      vertex 7.268629 54.368629 7.200000
      vertex 7.130635 54.525982 7.200000
    endloop
  endfacet
  facet normal 0.000000 0.000000 -1.000000
    outer loop
      vertex 5.623263 53.369335 2.000000
      vertex 7.268629 54.368629 2.000000
      vertex 5.925126 53.025126 2.000000
    endloop
  endfacet
  facet normal 0.000000 0.000000 -1.000000
    outer loop
      vertex 5.623263 53.369335 2.000000
      vertex 7.130635 54.525982 2.000000
      vertex 7.268629 54.368629 2.000000
    endloop
  endfacet
  facet normal -0.659346 -0.751840 0.000000
    outer loop
      vertex 5.925126 53.025126 2.000000
      vertex 6.269335 52.723263 2.000000
      vertex 6.269335 52.723263 7.200000
    endloop
  endfacet
  facet normal -0.659346 -0.751840 0.000000
    outer loop
      vertex 5.925126 53.025126 2.000000
      vertex 6.269335 52.723263 7.200000
      vertex 5.925126 53.025126 7.200000
    endloop
  endfacet
  facet normal 0.659346 0.751840 0.000000
    outer loop
      vertex 7.268629 54.368629 2.000000
      vertex 7.425982 54.230635 7.200000
      vertex 7.425982 54.230635 2.000000
    endloop
  endfacet
  facet normal 0.659346 0.751840 -0.000000
    outer loop
      vertex 7.268629 54.368629 2.000000
      vertex 7.268629 54.368629 7.200000
      vertex 7.425982 54.230635 7.200000
    endloop
  endfacet
  facet normal -0.000000 0.000000 1.000000
    outer loop
      vertex 5.925126 53.025126 7.200000
      vertex 6.269335 52.723263 7.200000
      vertex 7.425982 54.230635 7.200000
    endloop
  endfacet
  facet normal 0.000000 0.000000 1.000000
    outer loop
      vertex 5.925126 53.025126 7.200000
      vertex 7.425982 54.230635 7.200000
      vertex 7.268629 54.368629 7.200000
    endloop
  endfacet
  facet normal 0.000000 0.000000 -1.000000
    outer loop
      vertex 5.925126 53.025126 2.000000
      vertex 7.425982 54.230635 2.000000
      vertex 6.269335 52.723263 2.000000
    endloop
  endfacet
  facet normal 0.000000 0.000000 -1.000000
    outer loop
      vertex 5.925126 53.025126 2.000000
      vertex 7.268629 54.368629 2.000000
      vertex 7.425982 54.230635 2.000000
    endloop
  endfacet
  facet normal -0.555570 -0.831470 0.000000
    outer loop
      vertex 6.269335 52.723263 2.000000
      vertex 6.650000 52.468911 2.000000
      vertex 6.650000 52.468911 7.200000
    endloop
  endfacet
  facet normal -0.555570 -0.831470 0.000000
    outer loop
      vertex 6.269335 52.723263 2.000000
      vertex 6.650000 52.468911 7.200000
      vertex 6.269335 52.723263 7.200000
    endloop
  endfacet
  facet normal 0.555570 0.831470 0.000000
    outer loop
      vertex 7.425982 54.230635 2.000000
      vertex 7.600000 54.114359 7.200000
      vertex 7.600000 54.114359 2.000000
    endloop
  endfacet
  facet normal 0.555570 0.831470 -0.000000
    outer loop
      vertex 7.425982 54.230635 2.000000
      vertex 7.425982 54.230635 7.200000
      vertex 7.600000 54.114359 7.200000
    endloop
  endfacet
  facet normal -0.000000 0.000000 1.000000
    outer loop
      vertex 6.269335 52.723263 7.200000
      vertex 6.650000 52.468911 7.200000
      vertex 7.600000 54.114359 7.200000
    endloop
  endfacet
  facet normal 0.000000 0.000000 1.000000
    outer loop
      vertex 6.269335 52.723263 7.200000
      vertex 7.600000 54.114359 7.200000
      vertex 7.425982 54.230635 7.200000
    endloop
  endfacet
  facet normal 0.000000 0.000000 -1.000000
    outer loop
      vertex 6.269335 52.723263 2.000000
      vertex 7.600000 54.114359 2.000000
      vertex 6.650000 52.468911 2.000000
    endloop
  endfacet
  facet normal 0.000000 0.000000 -1.000000
    outer loop
      vertex 6.269335 52.723263 2.000000
      vertex 7.425982 54.230635 2.000000
      vertex 7.600000 54.114359 2.000000
    endloop
  endfacet
  facet normal -0.442289 -0.896873 0.000000
    outer loop
      vertex 6.650000 52.468911 2.000000
      vertex 7.060608 52.266422 2.000000
      vertex 7.060608 52.266422 7.200000
    endloop
  endfacet
  facet normal -0.442289 -0.896873 0.000000
    outer loop
      vertex 6.650000 52.468911 2.000000
      vertex 7.060608 52.266422 7.200000
      vertex 6.650000 52.468911 7.200000
    endloop
  endfacet
  facet normal 0.442289 0.896873 0.000000
    outer loop
      vertex 7.600000 54.114359 2.000000
      vertex 7.787707 54.021793 7.200000
      vertex 7.787707 54.021793 2.000000
    endloop
  endfacet
  facet normal 0.442289 0.896873 -0.000000
    outer loop
      vertex 7.600000 54.114359 2.000000
      vertex 7.600000 54.114359 7.200000
      vertex 7.787707 54.021793 7.200000
    endloop
  endfacet
  facet normal -0.000000 0.000000 1.000000
    outer loop
      vertex 6.650000 52.468911 7.200000
      vertex 7.060608 52.266422 7.200000
      vertex 7.787707 54.021793 7.200000
    endloop
  endfacet
  facet normal 0.000000 0.000000 1.000000
    outer loop
      vertex 6.650000 52.468911 7.200000
      vertex 7.787707 54.021793 7.200000
      vertex 7.600000 54.114359 7.200000
    endloop
  endfacet
  facet normal 0.000000 0.000000 -1.000000
    outer loop
      vertex 6.650000 52.468911 2.000000
      vertex 7.787707 54.021793 2.000000
      vertex 7.060608 52.266422 2.000000
    endloop
  endfacet
  facet normal 0.000000 0.000000 -1.000000
    outer loop
      vertex 6.650000 52.468911 2.000000
      vertex 7.600000 54.114359 2.000000
      vertex 7.787707 54.021793 2.000000
    endloop
  endfacet
  facet normal -0.321439 -0.946930 0.000000
    outer loop
      vertex 7.060608 52.266422 2.000000
      vertex 7.494133 52.119260 2.000000
      vertex 7.494133 52.119260 7.200000
    endloop
  endfacet
  facet normal -0.321439 -0.946930 0.000000
    outer loop
      vertex 7.060608 52.266422 2.000000
      vertex 7.494133 52.119260 7.200000
      vertex 7.060608 52.266422 7.200000
    endloop
  endfacet
  facet normal 0.321439 0.946930 0.000000
    outer loop
      vertex 7.787707 54.021793 2.000000
      vertex 7.985890 53.954519 7.200000
      vertex 7.985890 53.954519 2.000000
    endloop
  endfacet
  facet normal 0.321439 0.946930 -0.000000
    outer loop
      vertex 7.787707 54.021793 2.000000
      vertex 7.787707 54.021793 7.200000
      vertex 7.985890 53.954519 7.200000
    endloop
  endfacet
  facet normal -0.000000 0.000000 1.000000
    outer loop
      vertex 7.060608 52.266422 7.200000
      vertex 7.494133 52.119260 7.200000
      vertex 7.985890 53.954519 7.200000
    endloop
  endfacet
  facet normal 0.000000 0.000000 1.000000
    outer loop
      vertex 7.060608 52.266422 7.200000
      vertex 7.985890 53.954519 7.200000
      vertex 7.787707 54.021793 7.200000
    endloop
  endfacet
  facet normal 0.000000 0.000000 -1.000000
    outer loop
      vertex 7.060608 52.266422 2.000000
      vertex 7.985890 53.954519 2.000000
      vertex 7.494133 52.119260 2.000000
    endloop
  endfacet
  facet normal 0.000000 0.000000 -1.000000
    outer loop
      vertex 7.060608 52.266422 2.000000
      vertex 7.787707 54.021793 2.000000
      vertex 7.985890 53.954519 2.000000
    endloop
  endfacet
  facet normal -0.195090 -0.980785 0.000000
    outer loop
      vertex 7.494133 52.119260 2.000000
      vertex 7.943158 52.029943 2.000000
      vertex 7.943158 52.029943 7.200000
    endloop
  endfacet
  facet normal -0.195090 -0.980785 0.000000
    outer loop
      vertex 7.494133 52.119260 2.000000
      vertex 7.943158 52.029943 7.200000
      vertex 7.494133 52.119260 7.200000
    endloop
  endfacet
  facet normal 0.195090 0.980785 0.000000
    outer loop
      vertex 7.985890 53.954519 2.000000
      vertex 8.191158 53.913688 7.200000
      vertex 8.191158 53.913688 2.000000
    endloop
  endfacet
  facet normal 0.195090 0.980785 -0.000000
    outer loop
      vertex 7.985890 53.954519 2.000000
      vertex 7.985890 53.954519 7.200000
      vertex 8.191158 53.913688 7.200000
    endloop
  endfacet
  facet normal -0.000000 0.000000 1.000000
    outer loop
      vertex 7.494133 52.119260 7.200000
      vertex 7.943158 52.029943 7.200000
      vertex 8.191158 53.913688 7.200000
    endloop
  endfacet
  facet normal 0.000000 0.000000 1.000000
    outer loop
      vertex 7.494133 52.119260 7.200000
      vertex 8.191158 53.913688 7.200000
      vertex 7.985890 53.954519 7.200000
    endloop
  endfacet
  facet normal 0.000000 0.000000 -1.000000
    outer loop
      vertex 7.494133 52.119260 2.000000
      vertex 8.191158 53.913688 2.000000
      vertex 7.943158 52.029943 2.000000
    endloop
  endfacet
  facet normal 0.000000 0.000000 -1.000000
    outer loop
      vertex 7.494133 52.119260 2.000000
      vertex 7.985890 53.954519 2.000000
      vertex 8.191158 53.913688 2.000000
    endloop
  endfacet
  facet normal -0.065403 -0.997859 0.000000
    outer loop
      vertex 7.943158 52.029943 2.000000
      vertex 8.400000 52.000000 2.000000
      vertex 8.400000 52.000000 7.200000
    endloop
  endfacet
  facet normal -0.065403 -0.997859 0.000000
    outer loop
      vertex 7.943158 52.029943 2.000000
      vertex 8.400000 52.000000 7.200000
      vertex 7.943158 52.029943 7.200000
    endloop
  endfacet
  facet normal 0.065403 0.997859 0.000000
    outer loop
      vertex 8.191158 53.913688 2.000000
      vertex 8.400000 53.900000 7.200000
      vertex 8.400000 53.900000 2.000000
    endloop
  endfacet
  facet normal 0.065403 0.997859 -0.000000
    outer loop
      vertex 8.191158 53.913688 2.000000
      vertex 8.191158 53.913688 7.200000
      vertex 8.400000 53.900000 7.200000
    endloop
  endfacet
  facet normal -0.000000 0.000000 1.000000
    outer loop
      vertex 7.943158 52.029943 7.200000
      vertex 8.400000 52.000000 7.200000
      vertex 8.400000 53.900000 7.200000
    endloop
  endfacet
  facet normal 0.000000 0.000000 1.000000
    outer loop
      vertex 7.943158 52.029943 7.200000
      vertex 8.400000 53.900000 7.200000
      vertex 8.191158 53.913688 7.200000
    endloop
  endfacet
  facet normal 0.000000 0.000000 -1.000000
    outer loop
      vertex 7.943158 52.029943 2.000000
      vertex 8.400000 53.900000 2.000000
      vertex 8.400000 52.000000 2.000000
    endloop
  endfacet
  facet normal 0.000000 0.000000 -1.000000
    outer loop
      vertex 7.943158 52.029943 2.000000
      vertex 8.191158 53.913688 2.000000
      vertex 8.400000 53.900000 2.000000
    endloop
  endfacet
  facet normal 0.065403 -0.997859 0.000000
    outer loop
      vertex 8.400000 52.000000 2.000000
      vertex 8.856842 52.029943 2.000000
      vertex 8.856842 52.029943 7.200000
    endloop
  endfacet
  facet normal 0.065403 -0.997859 0.000000
    outer loop
      vertex 8.400000 52.000000 2.000000
      vertex 8.856842 52.029943 7.200000
      vertex 8.400000 52.000000 7.200000
    endloop
  endfacet
  facet normal -0.065403 0.997859 0.000000
    outer loop
      vertex 8.400000 53.900000 2.000000
      vertex 8.608842 53.913688 7.200000
      vertex 8.608842 53.913688 2.000000
    endloop
  endfacet
  facet normal -0.065403 0.997859 0.000000
    outer loop
      vertex 8.400000 53.900000 2.000000
      vertex 8.400000 53.900000 7.200000
      vertex 8.608842 53.913688 7.200000
    endloop
  endfacet
  facet normal 0.000000 0.000000 1.000000
    outer loop
      vertex 8.400000 52.000000 7.200000
      vertex 8.856842 52.029943 7.200000
      vertex 8.608842 53.913688 7.200000
    endloop
  endfacet
  facet normal 0.000000 0.000000 1.000000
    outer loop
      vertex 8.400000 52.000000 7.200000
      vertex 8.608842 53.913688 7.200000
      vertex 8.400000 53.900000 7.200000
    endloop
  endfacet
  facet normal 0.000000 0.000000 -1.000000
    outer loop
      vertex 8.400000 52.000000 2.000000
      vertex 8.608842 53.913688 2.000000
      vertex 8.856842 52.029943 2.000000
    endloop
  endfacet
  facet normal 0.000000 0.000000 -1.000000
    outer loop
      vertex 8.400000 52.000000 2.000000
      vertex 8.400000 53.900000 2.000000
      vertex 8.608842 53.913688 2.000000
    endloop
  endfacet
  facet normal 0.195090 -0.980785 0.000000
    outer loop
      vertex 8.856842 52.029943 2.000000
      vertex 9.305867 52.119260 2.000000
      vertex 9.305867 52.119260 7.200000
    endloop
  endfacet
  facet normal 0.195090 -0.980785 0.000000
    outer loop
      vertex 8.856842 52.029943 2.000000
      vertex 9.305867 52.119260 7.200000
      vertex 8.856842 52.029943 7.200000
    endloop
  endfacet
  facet normal -0.195090 0.980785 0.000000
    outer loop
      vertex 8.608842 53.913688 2.000000
      vertex 8.814110 53.954519 7.200000
      vertex 8.814110 53.954519 2.000000
    endloop
  endfacet
  facet normal -0.195090 0.980785 0.000000
    outer loop
      vertex 8.608842 53.913688 2.000000
      vertex 8.608842 53.913688 7.200000
      vertex 8.814110 53.954519 7.200000
    endloop
  endfacet
  facet normal 0.000000 -0.000000 1.000000
    outer loop
      vertex 8.856842 52.029943 7.200000
      vertex 9.305867 52.119260 7.200000
      vertex 8.814110 53.954519 7.200000
    endloop
  endfacet
  facet normal 0.000000 0.000000 1.000000
    outer loop
      vertex 8.856842 52.029943 7.200000
      vertex 8.814110 53.954519 7.200000
      vertex 8.608842 53.913688 7.200000
    endloop
  endfacet
  facet normal 0.000000 0.000000 -1.000000
    outer loop
      vertex 8.856842 52.029943 2.000000
      vertex 8.814110 53.954519 2.000000
      vertex 9.305867 52.119260 2.000000
    endloop
  endfacet
  facet normal 0.000000 0.000000 -1.000000
    outer loop
      vertex 8.856842 52.029943 2.000000
      vertex 8.608842 53.913688 2.000000
      vertex 8.814110 53.954519 2.000000
    endloop
  endfacet
  facet normal 0.321439 -0.946930 0.000000
    outer loop
      vertex 9.305867 52.119260 2.000000
      vertex 9.739392 52.266422 2.000000
      vertex 9.739392 52.266422 7.200000
    endloop
  endfacet
  facet normal 0.321439 -0.946930 0.000000
    outer loop
      vertex 9.305867 52.119260 2.000000
      vertex 9.739392 52.266422 7.200000
      vertex 9.305867 52.119260 7.200000
    endloop
  endfacet
  facet normal -0.321439 0.946930 0.000000
    outer loop
      vertex 8.814110 53.954519 2.000000
      vertex 9.012293 54.021793 7.200000
      vertex 9.012293 54.021793 2.000000
    endloop
  endfacet
  facet normal -0.321439 0.946930 0.000000
    outer loop
      vertex 8.814110 53.954519 2.000000
      vertex 8.814110 53.954519 7.200000
      vertex 9.012293 54.021793 7.200000
    endloop
  endfacet
  facet normal 0.000000 -0.000000 1.000000
    outer loop
      vertex 9.305867 52.119260 7.200000
      vertex 9.739392 52.266422 7.200000
      vertex 9.012293 54.021793 7.200000
    endloop
  endfacet
  facet normal 0.000000 0.000000 1.000000
    outer loop
      vertex 9.305867 52.119260 7.200000
      vertex 9.012293 54.021793 7.200000
      vertex 8.814110 53.954519 7.200000
    endloop
  endfacet
  facet normal 0.000000 0.000000 -1.000000
    outer loop
      vertex 9.305867 52.119260 2.000000
      vertex 9.012293 54.021793 2.000000
      vertex 9.739392 52.266422 2.000000
    endloop
  endfacet
  facet normal 0.000000 0.000000 -1.000000
    outer loop
      vertex 9.305867 52.119260 2.000000
      vertex 8.814110 53.954519 2.000000
      vertex 9.012293 54.021793 2.000000
    endloop
  endfacet
  facet normal 0.442289 -0.896873 0.000000
    outer loop
      vertex 9.739392 52.266422 2.000000
      vertex 10.150000 52.468911 2.000000
      vertex 10.150000 52.468911 7.200000
    endloop
  endfacet
  facet normal 0.442289 -0.896873 0.000000
    outer loop
      vertex 9.739392 52.266422 2.000000
      vertex 10.150000 52.468911 7.200000
      vertex 9.739392 52.266422 7.200000
    endloop
  endfacet
  facet normal -0.442289 0.896873 0.000000
    outer loop
      vertex 9.012293 54.021793 2.000000
      vertex 9.200000 54.114359 7.200000
      vertex 9.200000 54.114359 2.000000
    endloop
  endfacet
  facet normal -0.442289 0.896873 0.000000
    outer loop
      vertex 9.012293 54.021793 2.000000
      vertex 9.012293 54.021793 7.200000
      vertex 9.200000 54.114359 7.200000
    endloop
  endfacet
  facet normal 0.000000 -0.000000 1.000000
    outer loop
      vertex 9.739392 52.266422 7.200000
      vertex 10.150000 52.468911 7.200000
      vertex 9.200000 54.114359 7.200000
    endloop
  endfacet
  facet normal 0.000000 0.000000 1.000000
    outer loop
      vertex 9.739392 52.266422 7.200000
      vertex 9.200000 54.114359 7.200000
      vertex 9.012293 54.021793 7.200000
    endloop
  endfacet
  facet normal 0.000000 0.000000 -1.000000
    outer loop
      vertex 9.739392 52.266422 2.000000
      vertex 9.200000 54.114359 2.000000
      vertex 10.150000 52.468911 2.000000
    endloop
  endfacet
  facet normal 0.000000 0.000000 -1.000000
    outer loop
      vertex 9.739392 52.266422 2.000000
      vertex 9.012293 54.021793 2.000000
      vertex 9.200000 54.114359 2.000000
    endloop
  endfacet
  facet normal 0.555570 -0.831470 0.000000
    outer loop
      vertex 10.150000 52.468911 2.000000
      vertex 10.530665 52.723263 2.000000
      vertex 10.530665 52.723263 7.200000
    endloop
  endfacet
  facet normal 0.555570 -0.831470 0.000000
    outer loop
      vertex 10.150000 52.468911 2.000000
      vertex 10.530665 52.723263 7.200000
      vertex 10.150000 52.468911 7.200000
    endloop
  endfacet
  facet normal -0.555570 0.831470 0.000000
    outer loop
      vertex 9.200000 54.114359 2.000000
      vertex 9.374018 54.230635 7.200000
      vertex 9.374018 54.230635 2.000000
    endloop
  endfacet
  facet normal -0.555570 0.831470 0.000000
    outer loop
      vertex 9.200000 54.114359 2.000000
      vertex 9.200000 54.114359 7.200000
      vertex 9.374018 54.230635 7.200000
    endloop
  endfacet
  facet normal 0.000000 -0.000000 1.000000
    outer loop
      vertex 10.150000 52.468911 7.200000
      vertex 10.530665 52.723263 7.200000
      vertex 9.374018 54.230635 7.200000
    endloop
  endfacet
  facet normal 0.000000 0.000000 1.000000
    outer loop
      vertex 10.150000 52.468911 7.200000
      vertex 9.374018 54.230635 7.200000
      vertex 9.200000 54.114359 7.200000
    endloop
  endfacet
  facet normal 0.000000 0.000000 -1.000000
    outer loop
      vertex 10.150000 52.468911 2.000000
      vertex 9.374018 54.230635 2.000000
      vertex 10.530665 52.723263 2.000000
    endloop
  endfacet
  facet normal 0.000000 0.000000 -1.000000
    outer loop
      vertex 10.150000 52.468911 2.000000
      vertex 9.200000 54.114359 2.000000
      vertex 9.374018 54.230635 2.000000
    endloop
  endfacet
  facet normal 0.659346 -0.751840 0.000000
    outer loop
      vertex 10.530665 52.723263 2.000000
      vertex 10.874874 53.025126 2.000000
      vertex 10.874874 53.025126 7.200000
    endloop
  endfacet
  facet normal 0.659346 -0.751840 0.000000
    outer loop
      vertex 10.530665 52.723263 2.000000
      vertex 10.874874 53.025126 7.200000
      vertex 10.530665 52.723263 7.200000
    endloop
  endfacet
  facet normal -0.659346 0.751840 0.000000
    outer loop
      vertex 9.374018 54.230635 2.000000
      vertex 9.531371 54.368629 7.200000
      vertex 9.531371 54.368629 2.000000
    endloop
  endfacet
  facet normal -0.659346 0.751840 0.000000
    outer loop
      vertex 9.374018 54.230635 2.000000
      vertex 9.374018 54.230635 7.200000
      vertex 9.531371 54.368629 7.200000
    endloop
  endfacet
  facet normal 0.000000 -0.000000 1.000000
    outer loop
      vertex 10.530665 52.723263 7.200000
      vertex 10.874874 53.025126 7.200000
      vertex 9.531371 54.368629 7.200000
    endloop
  endfacet
  facet normal 0.000000 0.000000 1.000000
    outer loop
      vertex 10.530665 52.723263 7.200000
      vertex 9.531371 54.368629 7.200000
      vertex 9.374018 54.230635 7.200000
    endloop
  endfacet
  facet normal 0.000000 0.000000 -1.000000
    outer loop
      vertex 10.530665 52.723263 2.000000
      vertex 9.531371 54.368629 2.000000
      vertex 10.874874 53.025126 2.000000
    endloop
  endfacet
  facet normal 0.000000 0.000000 -1.000000
    outer loop
      vertex 10.530665 52.723263 2.000000
      vertex 9.374018 54.230635 2.000000
      vertex 9.531371 54.368629 2.000000
    endloop
  endfacet
  facet normal 0.751840 -0.659346 0.000000
    outer loop
      vertex 10.874874 53.025126 2.000000
      vertex 11.176737 53.369335 2.000000
      vertex 11.176737 53.369335 7.200000
    endloop
  endfacet
  facet normal 0.751840 -0.659346 0.000000
    outer loop
      vertex 10.874874 53.025126 2.000000
      vertex 11.176737 53.369335 7.200000
      vertex 10.874874 53.025126 7.200000
    endloop
  endfacet
  facet normal -0.751840 0.659346 0.000000
    outer loop
      vertex 9.531371 54.368629 2.000000
      vertex 9.669365 54.525982 7.200000
      vertex 9.669365 54.525982 2.000000
    endloop
  endfacet
  facet normal -0.751840 0.659346 0.000000
    outer loop
      vertex 9.531371 54.368629 2.000000
      vertex 9.531371 54.368629 7.200000
      vertex 9.669365 54.525982 7.200000
    endloop
  endfacet
  facet normal 0.000000 -0.000000 1.000000
    outer loop
      vertex 10.874874 53.025126 7.200000
      vertex 11.176737 53.369335 7.200000
      vertex 9.669365 54.525982 7.200000
    endloop
  endfacet
  facet normal 0.000000 0.000000 1.000000
    outer loop
      vertex 10.874874 53.025126 7.200000
      vertex 9.669365 54.525982 7.200000
      vertex 9.531371 54.368629 7.200000
    endloop
  endfacet
  facet normal 0.000000 0.000000 -1.000000
    outer loop
      vertex 10.874874 53.025126 2.000000
      vertex 9.669365 54.525982 2.000000
      vertex 11.176737 53.369335 2.000000
    endloop
  endfacet
  facet normal 0.000000 0.000000 -1.000000
    outer loop
      vertex 10.874874 53.025126 2.000000
      vertex 9.531371 54.368629 2.000000
      vertex 9.669365 54.525982 2.000000
    endloop
  endfacet
  facet normal 0.831470 -0.555570 0.000000
    outer loop
      vertex 11.176737 53.369335 2.000000
      vertex 11.431089 53.750000 2.000000
      vertex 11.431089 53.750000 7.200000
    endloop
  endfacet
  facet normal 0.831470 -0.555570 0.000000
    outer loop
      vertex 11.176737 53.369335 2.000000
      vertex 11.431089 53.750000 7.200000
      vertex 11.176737 53.369335 7.200000
    endloop
  endfacet
  facet normal -0.831470 0.555570 0.000000
    outer loop
      vertex 9.669365 54.525982 2.000000
      vertex 9.785641 54.700000 7.200000
      vertex 9.785641 54.700000 2.000000
    endloop
  endfacet
  facet normal -0.831470 0.555570 0.000000
    outer loop
      vertex 9.669365 54.525982 2.000000
      vertex 9.669365 54.525982 7.200000
      vertex 9.785641 54.700000 7.200000
    endloop
  endfacet
  facet normal 0.000000 -0.000000 1.000000
    outer loop
      vertex 11.176737 53.369335 7.200000
      vertex 11.431089 53.750000 7.200000
      vertex 9.785641 54.700000 7.200000
    endloop
  endfacet
  facet normal 0.000000 0.000000 1.000000
    outer loop
      vertex 11.176737 53.369335 7.200000
      vertex 9.785641 54.700000 7.200000
      vertex 9.669365 54.525982 7.200000
    endloop
  endfacet
  facet normal 0.000000 0.000000 -1.000000
    outer loop
      vertex 11.176737 53.369335 2.000000
      vertex 9.785641 54.700000 2.000000
      vertex 11.431089 53.750000 2.000000
    endloop
  endfacet
  facet normal 0.000000 0.000000 -1.000000
    outer loop
      vertex 11.176737 53.369335 2.000000
      vertex 9.669365 54.525982 2.000000
      vertex 9.785641 54.700000 2.000000
    endloop
  endfacet
  facet normal 0.896873 -0.442289 0.000000
    outer loop
      vertex 11.431089 53.750000 2.000000
      vertex 11.633578 54.160608 2.000000
      vertex 11.633578 54.160608 7.200000
    endloop
  endfacet
  facet normal 0.896873 -0.442289 0.000000
    outer loop
      vertex 11.431089 53.750000 2.000000
      vertex 11.633578 54.160608 7.200000
      vertex 11.431089 53.750000 7.200000
    endloop
  endfacet
  facet normal -0.896873 0.442289 0.000000
    outer loop
      vertex 9.785641 54.700000 2.000000
      vertex 9.878207 54.887707 7.200000
      vertex 9.878207 54.887707 2.000000
    endloop
  endfacet
  facet normal -0.896873 0.442289 0.000000
    outer loop
      vertex 9.785641 54.700000 2.000000
      vertex 9.785641 54.700000 7.200000
      vertex 9.878207 54.887707 7.200000
    endloop
  endfacet
  facet normal 0.000000 -0.000000 1.000000
    outer loop
      vertex 11.431089 53.750000 7.200000
      vertex 11.633578 54.160608 7.200000
      vertex 9.878207 54.887707 7.200000
    endloop
  endfacet
  facet normal 0.000000 0.000000 1.000000
    outer loop
      vertex 11.431089 53.750000 7.200000
      vertex 9.878207 54.887707 7.200000
      vertex 9.785641 54.700000 7.200000
    endloop
  endfacet
  facet normal 0.000000 0.000000 -1.000000
    outer loop
      vertex 11.431089 53.750000 2.000000
      vertex 9.878207 54.887707 2.000000
      vertex 11.633578 54.160608 2.000000
    endloop
  endfacet
  facet normal 0.000000 0.000000 -1.000000
    outer loop
      vertex 11.431089 53.750000 2.000000
      vertex 9.785641 54.700000 2.000000
      vertex 9.878207 54.887707 2.000000
    endloop
  endfacet
  facet normal 0.946930 -0.321439 0.000000
    outer loop
      vertex 11.633578 54.160608 2.000000
      vertex 11.780740 54.594133 2.000000
      vertex 11.780740 54.594133 7.200000
    endloop
  endfacet
  facet normal 0.946930 -0.321439 0.000000
    outer loop
      vertex 11.633578 54.160608 2.000000
      vertex 11.780740 54.594133 7.200000
      vertex 11.633578 54.160608 7.200000
    endloop
  endfacet
  facet normal -0.946930 0.321439 0.000000
    outer loop
      vertex 9.878207 54.887707 2.000000
      vertex 9.945481 55.085890 7.200000
      vertex 9.945481 55.085890 2.000000
    endloop
  endfacet
  facet normal -0.946930 0.321439 0.000000
    outer loop
      vertex 9.878207 54.887707 2.000000
      vertex 9.878207 54.887707 7.200000
      vertex 9.945481 55.085890 7.200000
    endloop
  endfacet
  facet normal 0.000000 -0.000000 1.000000
    outer loop
      vertex 11.633578 54.160608 7.200000
      vertex 11.780740 54.594133 7.200000
      vertex 9.945481 55.085890 7.200000
    endloop
  endfacet
  facet normal 0.000000 0.000000 1.000000
    outer loop
      vertex 11.633578 54.160608 7.200000
      vertex 9.945481 55.085890 7.200000
      vertex 9.878207 54.887707 7.200000
    endloop
  endfacet
  facet normal 0.000000 0.000000 -1.000000
    outer loop
      vertex 11.633578 54.160608 2.000000
      vertex 9.945481 55.085890 2.000000
      vertex 11.780740 54.594133 2.000000
    endloop
  endfacet
  facet normal 0.000000 0.000000 -1.000000
    outer loop
      vertex 11.633578 54.160608 2.000000
      vertex 9.878207 54.887707 2.000000
      vertex 9.945481 55.085890 2.000000
    endloop
  endfacet
  facet normal 0.980785 -0.195090 0.000000
    outer loop
      vertex 11.780740 54.594133 2.000000
      vertex 11.870057 55.043158 2.000000
      vertex 11.870057 55.043158 7.200000
    endloop
  endfacet
  facet normal 0.980785 -0.195090 0.000000
    outer loop
      vertex 11.780740 54.594133 2.000000
      vertex 11.870057 55.043158 7.200000
      vertex 11.780740 54.594133 7.200000
    endloop
  endfacet
  facet normal -0.980785 0.195090 0.000000
    outer loop
      vertex 9.945481 55.085890 2.000000
      vertex 9.986312 55.291158 7.200000
      vertex 9.986312 55.291158 2.000000
    endloop
  endfacet
  facet normal -0.980785 0.195090 0.000000
    outer loop
      vertex 9.945481 55.085890 2.000000
      vertex 9.945481 55.085890 7.200000
      vertex 9.986312 55.291158 7.200000
    endloop
  endfacet
  facet normal 0.000000 -0.000000 1.000000
    outer loop
      vertex 11.780740 54.594133 7.200000
      vertex 11.870057 55.043158 7.200000
      vertex 9.986312 55.291158 7.200000
    endloop
  endfacet
  facet normal 0.000000 0.000000 1.000000
    outer loop
      vertex 11.780740 54.594133 7.200000
      vertex 9.986312 55.291158 7.200000
      vertex 9.945481 55.085890 7.200000
    endloop
  endfacet
  facet normal 0.000000 0.000000 -1.000000
    outer loop
      vertex 11.780740 54.594133 2.000000
      vertex 9.986312 55.291158 2.000000
      vertex 11.870057 55.043158 2.000000
    endloop
  endfacet
  facet normal 0.000000 0.000000 -1.000000
    outer loop
      vertex 11.780740 54.594133 2.000000
      vertex 9.945481 55.085890 2.000000
      vertex 9.986312 55.291158 2.000000
    endloop
  endfacet
  facet normal 0.997859 -0.065403 0.000000
    outer loop
      vertex 11.870057 55.043158 2.000000
      vertex 11.900000 55.500000 2.000000
      vertex 11.900000 55.500000 7.200000
    endloop
  endfacet
  facet normal 0.997859 -0.065403 0.000000
    outer loop
      vertex 11.870057 55.043158 2.000000
      vertex 11.900000 55.500000 7.200000
      vertex 11.870057 55.043158 7.200000
    endloop
  endfacet
  facet normal -0.997859 0.065403 0.000000
    outer loop
      vertex 9.986312 55.291158 2.000000
      vertex 10.000000 55.500000 7.200000
      vertex 10.000000 55.500000 2.000000
    endloop
  endfacet
  facet normal -0.997859 0.065403 0.000000
    outer loop
      vertex 9.986312 55.291158 2.000000
      vertex 9.986312 55.291158 7.200000
      vertex 10.000000 55.500000 7.200000
    endloop
  endfacet
  facet normal 0.000000 -0.000000 1.000000
    outer loop
      vertex 11.870057 55.043158 7.200000
      vertex 11.900000 55.500000 7.200000
      vertex 10.000000 55.500000 7.200000
    endloop
  endfacet
  facet normal 0.000000 0.000000 1.000000
    outer loop
      vertex 11.870057 55.043158 7.200000
      vertex 10.000000 55.500000 7.200000
      vertex 9.986312 55.291158 7.200000
    endloop
  endfacet
  facet normal 0.000000 0.000000 -1.000000
    outer loop
      vertex 11.870057 55.043158 2.000000
      vertex 10.000000 55.500000 2.000000
      vertex 11.900000 55.500000 2.000000
    endloop
  endfacet
  facet normal 0.000000 0.000000 -1.000000
    outer loop
      vertex 11.870057 55.043158 2.000000
      vertex 9.986312 55.291158 2.000000
      vertex 10.000000 55.500000 2.000000
    endloop
  endfacet
  facet normal 0.997859 0.065403 0.000000
    outer loop
      vertex 72.900000 139.500000 2.000000
      vertex 72.870057 139.956842 2.000000
      vertex 72.870057 139.956842 7.200000
    endloop
  endfacet
  facet normal 0.997859 0.065403 -0.000000
    outer loop
      vertex 72.900000 139.500000 2.000000
      vertex 72.870057 139.956842 7.200000
      vertex 72.900000 139.500000 7.200000
    endloop
  endfacet
  facet normal -0.997859 -0.065403 0.000000
    outer loop
      vertex 71.000000 139.500000 2.000000
      vertex 70.986312 139.708842 7.200000
      vertex 70.986312 139.708842 2.000000
    endloop
  endfacet
  facet normal -0.997859 -0.065403 0.000000
    outer loop
      vertex 71.000000 139.500000 2.000000
      vertex 71.000000 139.500000 7.200000
      vertex 70.986312 139.708842 7.200000
    endloop
  endfacet
  facet normal 0.000000 0.000000 1.000000
    outer loop
      vertex 72.900000 139.500000 7.200000
      vertex 72.870057 139.956842 7.200000
      vertex 70.986312 139.708842 7.200000
    endloop
  endfacet
  facet normal 0.000000 0.000000 1.000000
    outer loop
      vertex 72.900000 139.500000 7.200000
      vertex 70.986312 139.708842 7.200000
      vertex 71.000000 139.500000 7.200000
    endloop
  endfacet
  facet normal 0.000000 0.000000 -1.000000
    outer loop
      vertex 72.900000 139.500000 2.000000
      vertex 70.986312 139.708842 2.000000
      vertex 72.870057 139.956842 2.000000
    endloop
  endfacet
  facet normal 0.000000 0.000000 -1.000000
    outer loop
      vertex 72.900000 139.500000 2.000000
      vertex 71.000000 139.500000 2.000000
      vertex 70.986312 139.708842 2.000000
    endloop
  endfacet
  facet normal 0.980785 0.195090 0.000000
    outer loop
      vertex 72.870057 139.956842 2.000000
      vertex 72.780740 140.405867 2.000000
      vertex 72.780740 140.405867 7.200000
    endloop
  endfacet
  facet normal 0.980785 0.195090 -0.000000
    outer loop
      vertex 72.870057 139.956842 2.000000
      vertex 72.780740 140.405867 7.200000
      vertex 72.870057 139.956842 7.200000
    endloop
  endfacet
  facet normal -0.980785 -0.195090 0.000000
    outer loop
      vertex 70.986312 139.708842 2.000000
      vertex 70.945481 139.914110 7.200000
      vertex 70.945481 139.914110 2.000000
    endloop
  endfacet
  facet normal -0.980785 -0.195090 0.000000
    outer loop
      vertex 70.986312 139.708842 2.000000
      vertex 70.986312 139.708842 7.200000
      vertex 70.945481 139.914110 7.200000
    endloop
  endfacet
  facet normal 0.000000 0.000000 1.000000
    outer loop
      vertex 72.870057 139.956842 7.200000
      vertex 72.780740 140.405867 7.200000
      vertex 70.945481 139.914110 7.200000
    endloop
  endfacet
  facet normal 0.000000 0.000000 1.000000
    outer loop
      vertex 72.870057 139.956842 7.200000
      vertex 70.945481 139.914110 7.200000
      vertex 70.986312 139.708842 7.200000
    endloop
  endfacet
  facet normal -0.000000 0.000000 -1.000000
    outer loop
      vertex 72.870057 139.956842 2.000000
      vertex 70.945481 139.914110 2.000000
      vertex 72.780740 140.405867 2.000000
    endloop
  endfacet
  facet normal 0.000000 0.000000 -1.000000
    outer loop
      vertex 72.870057 139.956842 2.000000
      vertex 70.986312 139.708842 2.000000
      vertex 70.945481 139.914110 2.000000
    endloop
  endfacet
  facet normal 0.946930 0.321439 0.000000
    outer loop
      vertex 72.780740 140.405867 2.000000
      vertex 72.633578 140.839392 2.000000
      vertex 72.633578 140.839392 7.200000
    endloop
  endfacet
  facet normal 0.946930 0.321439 -0.000000
    outer loop
      vertex 72.780740 140.405867 2.000000
      vertex 72.633578 140.839392 7.200000
      vertex 72.780740 140.405867 7.200000
    endloop
  endfacet
  facet normal -0.946930 -0.321439 0.000000
    outer loop
      vertex 70.945481 139.914110 2.000000
      vertex 70.878207 140.112293 7.200000
      vertex 70.878207 140.112293 2.000000
    endloop
  endfacet
  facet normal -0.946930 -0.321439 0.000000
    outer loop
      vertex 70.945481 139.914110 2.000000
      vertex 70.945481 139.914110 7.200000
      vertex 70.878207 140.112293 7.200000
    endloop
  endfacet
  facet normal 0.000000 0.000000 1.000000
    outer loop
      vertex 72.780740 140.405867 7.200000
      vertex 72.633578 140.839392 7.200000
      vertex 70.878207 140.112293 7.200000
    endloop
  endfacet
  facet normal 0.000000 0.000000 1.000000
    outer loop
      vertex 72.780740 140.405867 7.200000
      vertex 70.878207 140.112293 7.200000
      vertex 70.945481 139.914110 7.200000
    endloop
  endfacet
  facet normal -0.000000 0.000000 -1.000000
    outer loop
      vertex 72.780740 140.405867 2.000000
      vertex 70.878207 140.112293 2.000000
      vertex 72.633578 140.839392 2.000000
    endloop
  endfacet
  facet normal 0.000000 0.000000 -1.000000
    outer loop
      vertex 72.780740 140.405867 2.000000
      vertex 70.945481 139.914110 2.000000
      vertex 70.878207 140.112293 2.000000
    endloop
  endfacet
  facet normal 0.896873 0.442289 0.000000
    outer loop
      vertex 72.633578 140.839392 2.000000
      vertex 72.431089 141.250000 2.000000
      vertex 72.431089 141.250000 7.200000
    endloop
  endfacet
  facet normal 0.896873 0.442289 -0.000000
    outer loop
      vertex 72.633578 140.839392 2.000000
      vertex 72.431089 141.250000 7.200000
      vertex 72.633578 140.839392 7.200000
    endloop
  endfacet
  facet normal -0.896873 -0.442289 0.000000
    outer loop
      vertex 70.878207 140.112293 2.000000
      vertex 70.785641 140.300000 7.200000
      vertex 70.785641 140.300000 2.000000
    endloop
  endfacet
  facet normal -0.896873 -0.442289 0.000000
    outer loop
      vertex 70.878207 140.112293 2.000000
      vertex 70.878207 140.112293 7.200000
      vertex 70.785641 140.300000 7.200000
    endloop
  endfacet
  facet normal 0.000000 0.000000 1.000000
    outer loop
      vertex 72.633578 140.839392 7.200000
      vertex 72.431089 141.250000 7.200000
      vertex 70.785641 140.300000 7.200000
    endloop
  endfacet
  facet normal 0.000000 0.000000 1.000000
    outer loop
      vertex 72.633578 140.839392 7.200000
      vertex 70.785641 140.300000 7.200000
      vertex 70.878207 140.112293 7.200000
    endloop
  endfacet
  facet normal -0.000000 0.000000 -1.000000
    outer loop
      vertex 72.633578 140.839392 2.000000
      vertex 70.785641 140.300000 2.000000
      vertex 72.431089 141.250000 2.000000
    endloop
  endfacet
  facet normal 0.000000 0.000000 -1.000000
    outer loop
      vertex 72.633578 140.839392 2.000000
      vertex 70.878207 140.112293 2.000000
      vertex 70.785641 140.300000 2.000000
    endloop
  endfacet
  facet normal 0.831470 0.555570 0.000000
    outer loop
      vertex 72.431089 141.250000 2.000000
      vertex 72.176737 141.630665 2.000000
      vertex 72.176737 141.630665 7.200000
    endloop
  endfacet
  facet normal 0.831470 0.555570 -0.000000
    outer loop
      vertex 72.431089 141.250000 2.000000
      vertex 72.176737 141.630665 7.200000
      vertex 72.431089 141.250000 7.200000
    endloop
  endfacet
  facet normal -0.831470 -0.555570 0.000000
    outer loop
      vertex 70.785641 140.300000 2.000000
      vertex 70.669365 140.474018 7.200000
      vertex 70.669365 140.474018 2.000000
    endloop
  endfacet
  facet normal -0.831470 -0.555570 0.000000
    outer loop
      vertex 70.785641 140.300000 2.000000
      vertex 70.785641 140.300000 7.200000
      vertex 70.669365 140.474018 7.200000
    endloop
  endfacet
  facet normal 0.000000 0.000000 1.000000
    outer loop
      vertex 72.431089 141.250000 7.200000
      vertex 72.176737 141.630665 7.200000
      vertex 70.669365 140.474018 7.200000
    endloop
  endfacet
  facet normal 0.000000 0.000000 1.000000
    outer loop
      vertex 72.431089 141.250000 7.200000
      vertex 70.669365 140.474018 7.200000
      vertex 70.785641 140.300000 7.200000
    endloop
  endfacet
  facet normal -0.000000 0.000000 -1.000000
    outer loop
      vertex 72.431089 141.250000 2.000000
      vertex 70.669365 140.474018 2.000000
      vertex 72.176737 141.630665 2.000000
    endloop
  endfacet
  facet normal 0.000000 0.000000 -1.000000
    outer loop
      vertex 72.431089 141.250000 2.000000
      vertex 70.785641 140.300000 2.000000
      vertex 70.669365 140.474018 2.000000
    endloop
  endfacet
  facet normal 0.751840 0.659346 0.000000
    outer loop
      vertex 72.176737 141.630665 2.000000
      vertex 71.874874 141.974874 2.000000
      vertex 71.874874 141.974874 7.200000
    endloop
  endfacet
  facet normal 0.751840 0.659346 -0.000000
    outer loop
      vertex 72.176737 141.630665 2.000000
      vertex 71.874874 141.974874 7.200000
      vertex 72.176737 141.630665 7.200000
    endloop
  endfacet
  facet normal -0.751840 -0.659346 0.000000
    outer loop
      vertex 70.669365 140.474018 2.000000
      vertex 70.531371 140.631371 7.200000
      vertex 70.531371 140.631371 2.000000
    endloop
  endfacet
  facet normal -0.751840 -0.659346 0.000000
    outer loop
      vertex 70.669365 140.474018 2.000000
      vertex 70.669365 140.474018 7.200000
      vertex 70.531371 140.631371 7.200000
    endloop
  endfacet
  facet normal 0.000000 0.000000 1.000000
    outer loop
      vertex 72.176737 141.630665 7.200000
      vertex 71.874874 141.974874 7.200000
      vertex 70.531371 140.631371 7.200000
    endloop
  endfacet
  facet normal 0.000000 0.000000 1.000000
    outer loop
      vertex 72.176737 141.630665 7.200000
      vertex 70.531371 140.631371 7.200000
      vertex 70.669365 140.474018 7.200000
    endloop
  endfacet
  facet normal -0.000000 0.000000 -1.000000
    outer loop
      vertex 72.176737 141.630665 2.000000
      vertex 70.531371 140.631371 2.000000
      vertex 71.874874 141.974874 2.000000
    endloop
  endfacet
  facet normal 0.000000 0.000000 -1.000000
    outer loop
      vertex 72.176737 141.630665 2.000000
      vertex 70.669365 140.474018 2.000000
      vertex 70.531371 140.631371 2.000000
    endloop
  endfacet
  facet normal 0.659346 0.751840 0.000000
    outer loop
      vertex 71.874874 141.974874 2.000000
      vertex 71.530665 142.276737 2.000000
      vertex 71.530665 142.276737 7.200000
    endloop
  endfacet
  facet normal 0.659346 0.751840 -0.000000
    outer loop
      vertex 71.874874 141.974874 2.000000
      vertex 71.530665 142.276737 7.200000
      vertex 71.874874 141.974874 7.200000
    endloop
  endfacet
  facet normal -0.659346 -0.751840 0.000000
    outer loop
      vertex 70.531371 140.631371 2.000000
      vertex 70.374018 140.769365 7.200000
      vertex 70.374018 140.769365 2.000000
    endloop
  endfacet
  facet normal -0.659346 -0.751840 0.000000
    outer loop
      vertex 70.531371 140.631371 2.000000
      vertex 70.531371 140.631371 7.200000
      vertex 70.374018 140.769365 7.200000
    endloop
  endfacet
  facet normal 0.000000 0.000000 1.000000
    outer loop
      vertex 71.874874 141.974874 7.200000
      vertex 71.530665 142.276737 7.200000
      vertex 70.374018 140.769365 7.200000
    endloop
  endfacet
  facet normal 0.000000 0.000000 1.000000
    outer loop
      vertex 71.874874 141.974874 7.200000
      vertex 70.374018 140.769365 7.200000
      vertex 70.531371 140.631371 7.200000
    endloop
  endfacet
  facet normal -0.000000 0.000000 -1.000000
    outer loop
      vertex 71.874874 141.974874 2.000000
      vertex 70.374018 140.769365 2.000000
      vertex 71.530665 142.276737 2.000000
    endloop
  endfacet
  facet normal 0.000000 0.000000 -1.000000
    outer loop
      vertex 71.874874 141.974874 2.000000
      vertex 70.531371 140.631371 2.000000
      vertex 70.374018 140.769365 2.000000
    endloop
  endfacet
  facet normal 0.555570 0.831470 0.000000
    outer loop
      vertex 71.530665 142.276737 2.000000
      vertex 71.150000 142.531089 2.000000
      vertex 71.150000 142.531089 7.200000
    endloop
  endfacet
  facet normal 0.555570 0.831470 -0.000000
    outer loop
      vertex 71.530665 142.276737 2.000000
      vertex 71.150000 142.531089 7.200000
      vertex 71.530665 142.276737 7.200000
    endloop
  endfacet
  facet normal -0.555570 -0.831470 0.000000
    outer loop
      vertex 70.374018 140.769365 2.000000
      vertex 70.200000 140.885641 7.200000
      vertex 70.200000 140.885641 2.000000
    endloop
  endfacet
  facet normal -0.555570 -0.831470 0.000000
    outer loop
      vertex 70.374018 140.769365 2.000000
      vertex 70.374018 140.769365 7.200000
      vertex 70.200000 140.885641 7.200000
    endloop
  endfacet
  facet normal 0.000000 0.000000 1.000000
    outer loop
      vertex 71.530665 142.276737 7.200000
      vertex 71.150000 142.531089 7.200000
      vertex 70.200000 140.885641 7.200000
    endloop
  endfacet
  facet normal 0.000000 0.000000 1.000000
    outer loop
      vertex 71.530665 142.276737 7.200000
      vertex 70.200000 140.885641 7.200000
      vertex 70.374018 140.769365 7.200000
    endloop
  endfacet
  facet normal -0.000000 0.000000 -1.000000
    outer loop
      vertex 71.530665 142.276737 2.000000
      vertex 70.200000 140.885641 2.000000
      vertex 71.150000 142.531089 2.000000
    endloop
  endfacet
  facet normal 0.000000 0.000000 -1.000000
    outer loop
      vertex 71.530665 142.276737 2.000000
      vertex 70.374018 140.769365 2.000000
      vertex 70.200000 140.885641 2.000000
    endloop
  endfacet
  facet normal 0.442289 0.896873 0.000000
    outer loop
      vertex 71.150000 142.531089 2.000000
      vertex 70.739392 142.733578 2.000000
      vertex 70.739392 142.733578 7.200000
    endloop
  endfacet
  facet normal 0.442289 0.896873 -0.000000
    outer loop
      vertex 71.150000 142.531089 2.000000
      vertex 70.739392 142.733578 7.200000
      vertex 71.150000 142.531089 7.200000
    endloop
  endfacet
  facet normal -0.442289 -0.896873 0.000000
    outer loop
      vertex 70.200000 140.885641 2.000000
      vertex 70.012293 140.978207 7.200000
      vertex 70.012293 140.978207 2.000000
    endloop
  endfacet
  facet normal -0.442289 -0.896873 0.000000
    outer loop
      vertex 70.200000 140.885641 2.000000
      vertex 70.200000 140.885641 7.200000
      vertex 70.012293 140.978207 7.200000
    endloop
  endfacet
  facet normal 0.000000 0.000000 1.000000
    outer loop
      vertex 71.150000 142.531089 7.200000
      vertex 70.739392 142.733578 7.200000
      vertex 70.012293 140.978207 7.200000
    endloop
  endfacet
  facet normal 0.000000 0.000000 1.000000
    outer loop
      vertex 71.150000 142.531089 7.200000
      vertex 70.012293 140.978207 7.200000
      vertex 70.200000 140.885641 7.200000
    endloop
  endfacet
  facet normal -0.000000 0.000000 -1.000000
    outer loop
      vertex 71.150000 142.531089 2.000000
      vertex 70.012293 140.978207 2.000000
      vertex 70.739392 142.733578 2.000000
    endloop
  endfacet
  facet normal 0.000000 0.000000 -1.000000
    outer loop
      vertex 71.150000 142.531089 2.000000
      vertex 70.200000 140.885641 2.000000
      vertex 70.012293 140.978207 2.000000
    endloop
  endfacet
  facet normal 0.321439 0.946930 0.000000
    outer loop
      vertex 70.739392 142.733578 2.000000
      vertex 70.305867 142.880740 2.000000
      vertex 70.305867 142.880740 7.200000
    endloop
  endfacet
  facet normal 0.321439 0.946930 -0.000000
    outer loop
      vertex 70.739392 142.733578 2.000000
      vertex 70.305867 142.880740 7.200000
      vertex 70.739392 142.733578 7.200000
    endloop
  endfacet
  facet normal -0.321439 -0.946930 0.000000
    outer loop
      vertex 70.012293 140.978207 2.000000
      vertex 69.814110 141.045481 7.200000
      vertex 69.814110 141.045481 2.000000
    endloop
  endfacet
  facet normal -0.321439 -0.946930 0.000000
    outer loop
      vertex 70.012293 140.978207 2.000000
      vertex 70.012293 140.978207 7.200000
      vertex 69.814110 141.045481 7.200000
    endloop
  endfacet
  facet normal 0.000000 0.000000 1.000000
    outer loop
      vertex 70.739392 142.733578 7.200000
      vertex 70.305867 142.880740 7.200000
      vertex 69.814110 141.045481 7.200000
    endloop
  endfacet
  facet normal 0.000000 0.000000 1.000000
    outer loop
      vertex 70.739392 142.733578 7.200000
      vertex 69.814110 141.045481 7.200000
      vertex 70.012293 140.978207 7.200000
    endloop
  endfacet
  facet normal -0.000000 0.000000 -1.000000
    outer loop
      vertex 70.739392 142.733578 2.000000
      vertex 69.814110 141.045481 2.000000
      vertex 70.305867 142.880740 2.000000
    endloop
  endfacet
  facet normal 0.000000 0.000000 -1.000000
    outer loop
      vertex 70.739392 142.733578 2.000000
      vertex 70.012293 140.978207 2.000000
      vertex 69.814110 141.045481 2.000000
    endloop
  endfacet
  facet normal 0.195090 0.980785 0.000000
    outer loop
      vertex 70.305867 142.880740 2.000000
      vertex 69.856842 142.970057 2.000000
      vertex 69.856842 142.970057 7.200000
    endloop
  endfacet
  facet normal 0.195090 0.980785 -0.000000
    outer loop
      vertex 70.305867 142.880740 2.000000
      vertex 69.856842 142.970057 7.200000
      vertex 70.305867 142.880740 7.200000
    endloop
  endfacet
  facet normal -0.195090 -0.980785 0.000000
    outer loop
      vertex 69.814110 141.045481 2.000000
      vertex 69.608842 141.086312 7.200000
      vertex 69.608842 141.086312 2.000000
    endloop
  endfacet
  facet normal -0.195090 -0.980785 0.000000
    outer loop
      vertex 69.814110 141.045481 2.000000
      vertex 69.814110 141.045481 7.200000
      vertex 69.608842 141.086312 7.200000
    endloop
  endfacet
  facet normal 0.000000 0.000000 1.000000
    outer loop
      vertex 70.305867 142.880740 7.200000
      vertex 69.856842 142.970057 7.200000
      vertex 69.608842 141.086312 7.200000
    endloop
  endfacet
  facet normal 0.000000 0.000000 1.000000
    outer loop
      vertex 70.305867 142.880740 7.200000
      vertex 69.608842 141.086312 7.200000
      vertex 69.814110 141.045481 7.200000
    endloop
  endfacet
  facet normal -0.000000 0.000000 -1.000000
    outer loop
      vertex 70.305867 142.880740 2.000000
      vertex 69.608842 141.086312 2.000000
      vertex 69.856842 142.970057 2.000000
    endloop
  endfacet
  facet normal 0.000000 0.000000 -1.000000
    outer loop
      vertex 70.305867 142.880740 2.000000
      vertex 69.814110 141.045481 2.000000
      vertex 69.608842 141.086312 2.000000
    endloop
  endfacet
  facet normal 0.065403 0.997859 0.000000
    outer loop
      vertex 69.856842 142.970057 2.000000
      vertex 69.400000 143.000000 2.000000
      vertex 69.400000 143.000000 7.200000
    endloop
  endfacet
  facet normal 0.065403 0.997859 -0.000000
    outer loop
      vertex 69.856842 142.970057 2.000000
      vertex 69.400000 143.000000 7.200000
      vertex 69.856842 142.970057 7.200000
    endloop
  endfacet
  facet normal -0.065403 -0.997859 0.000000
    outer loop
      vertex 69.608842 141.086312 2.000000
      vertex 69.400000 141.100000 7.200000
      vertex 69.400000 141.100000 2.000000
    endloop
  endfacet
  facet normal -0.065403 -0.997859 0.000000
    outer loop
      vertex 69.608842 141.086312 2.000000
      vertex 69.608842 141.086312 7.200000
      vertex 69.400000 141.100000 7.200000
    endloop
  endfacet
  facet normal 0.000000 0.000000 1.000000
    outer loop
      vertex 69.856842 142.970057 7.200000
      vertex 69.400000 143.000000 7.200000
      vertex 69.400000 141.100000 7.200000
    endloop
  endfacet
  facet normal 0.000000 0.000000 1.000000
    outer loop
      vertex 69.856842 142.970057 7.200000
      vertex 69.400000 141.100000 7.200000
      vertex 69.608842 141.086312 7.200000
    endloop
  endfacet
  facet normal -0.000000 0.000000 -1.000000
    outer loop
      vertex 69.856842 142.970057 2.000000
      vertex 69.400000 141.100000 2.000000
      vertex 69.400000 143.000000 2.000000
    endloop
  endfacet
  facet normal 0.000000 0.000000 -1.000000
    outer loop
      vertex 69.856842 142.970057 2.000000
      vertex 69.608842 141.086312 2.000000
      vertex 69.400000 141.100000 2.000000
    endloop
  endfacet
  facet normal -0.065403 0.997859 0.000000
    outer loop
      vertex 69.400000 143.000000 2.000000
      vertex 68.943158 142.970057 2.000000
      vertex 68.943158 142.970057 7.200000
    endloop
  endfacet
  facet normal -0.065403 0.997859 0.000000
    outer loop
      vertex 69.400000 143.000000 2.000000
      vertex 68.943158 142.970057 7.200000
      vertex 69.400000 143.000000 7.200000
    endloop
  endfacet
  facet normal 0.065403 -0.997859 0.000000
    outer loop
      vertex 69.400000 141.100000 2.000000
      vertex 69.191158 141.086312 7.200000
      vertex 69.191158 141.086312 2.000000
    endloop
  endfacet
  facet normal 0.065403 -0.997859 0.000000
    outer loop
      vertex 69.400000 141.100000 2.000000
      vertex 69.400000 141.100000 7.200000
      vertex 69.191158 141.086312 7.200000
    endloop
  endfacet
  facet normal 0.000000 0.000000 1.000000
    outer loop
      vertex 69.400000 143.000000 7.200000
      vertex 68.943158 142.970057 7.200000
      vertex 69.191158 141.086312 7.200000
    endloop
  endfacet
  facet normal 0.000000 0.000000 1.000000
    outer loop
      vertex 69.400000 143.000000 7.200000
      vertex 69.191158 141.086312 7.200000
      vertex 69.400000 141.100000 7.200000
    endloop
  endfacet
  facet normal 0.000000 0.000000 -1.000000
    outer loop
      vertex 69.400000 143.000000 2.000000
      vertex 69.191158 141.086312 2.000000
      vertex 68.943158 142.970057 2.000000
    endloop
  endfacet
  facet normal 0.000000 -0.000000 -1.000000
    outer loop
      vertex 69.400000 143.000000 2.000000
      vertex 69.400000 141.100000 2.000000
      vertex 69.191158 141.086312 2.000000
    endloop
  endfacet
  facet normal -0.195090 0.980785 0.000000
    outer loop
      vertex 68.943158 142.970057 2.000000
      vertex 68.494133 142.880740 2.000000
      vertex 68.494133 142.880740 7.200000
    endloop
  endfacet
  facet normal -0.195090 0.980785 0.000000
    outer loop
      vertex 68.943158 142.970057 2.000000
      vertex 68.494133 142.880740 7.200000
      vertex 68.943158 142.970057 7.200000
    endloop
  endfacet
  facet normal 0.195090 -0.980785 0.000000
    outer loop
      vertex 69.191158 141.086312 2.000000
      vertex 68.985890 141.045481 7.200000
      vertex 68.985890 141.045481 2.000000
    endloop
  endfacet
  facet normal 0.195090 -0.980785 0.000000
    outer loop
      vertex 69.191158 141.086312 2.000000
      vertex 69.191158 141.086312 7.200000
      vertex 68.985890 141.045481 7.200000
    endloop
  endfacet
  facet normal 0.000000 0.000000 1.000000
    outer loop
      vertex 68.943158 142.970057 7.200000
      vertex 68.494133 142.880740 7.200000
      vertex 68.985890 141.045481 7.200000
    endloop
  endfacet
  facet normal 0.000000 0.000000 1.000000
    outer loop
      vertex 68.943158 142.970057 7.200000
      vertex 68.985890 141.045481 7.200000
      vertex 69.191158 141.086312 7.200000
    endloop
  endfacet
  facet normal 0.000000 -0.000000 -1.000000
    outer loop
      vertex 68.943158 142.970057 2.000000
      vertex 68.985890 141.045481 2.000000
      vertex 68.494133 142.880740 2.000000
    endloop
  endfacet
  facet normal 0.000000 0.000000 -1.000000
    outer loop
      vertex 68.943158 142.970057 2.000000
      vertex 69.191158 141.086312 2.000000
      vertex 68.985890 141.045481 2.000000
    endloop
  endfacet
  facet normal -0.321439 0.946930 0.000000
    outer loop
      vertex 68.494133 142.880740 2.000000
      vertex 68.060608 142.733578 2.000000
      vertex 68.060608 142.733578 7.200000
    endloop
  endfacet
  facet normal -0.321439 0.946930 0.000000
    outer loop
      vertex 68.494133 142.880740 2.000000
      vertex 68.060608 142.733578 7.200000
      vertex 68.494133 142.880740 7.200000
    endloop
  endfacet
  facet normal 0.321439 -0.946930 0.000000
    outer loop
      vertex 68.985890 141.045481 2.000000
      vertex 68.787707 140.978207 7.200000
      vertex 68.787707 140.978207 2.000000
    endloop
  endfacet
  facet normal 0.321439 -0.946930 0.000000
    outer loop
      vertex 68.985890 141.045481 2.000000
      vertex 68.985890 141.045481 7.200000
      vertex 68.787707 140.978207 7.200000
    endloop
  endfacet
  facet normal 0.000000 0.000000 1.000000
    outer loop
      vertex 68.494133 142.880740 7.200000
      vertex 68.060608 142.733578 7.200000
      vertex 68.787707 140.978207 7.200000
    endloop
  endfacet
  facet normal 0.000000 0.000000 1.000000
    outer loop
      vertex 68.494133 142.880740 7.200000
      vertex 68.787707 140.978207 7.200000
      vertex 68.985890 141.045481 7.200000
    endloop
  endfacet
  facet normal 0.000000 -0.000000 -1.000000
    outer loop
      vertex 68.494133 142.880740 2.000000
      vertex 68.787707 140.978207 2.000000
      vertex 68.060608 142.733578 2.000000
    endloop
  endfacet
  facet normal 0.000000 0.000000 -1.000000
    outer loop
      vertex 68.494133 142.880740 2.000000
      vertex 68.985890 141.045481 2.000000
      vertex 68.787707 140.978207 2.000000
    endloop
  endfacet
  facet normal -0.442289 0.896873 0.000000
    outer loop
      vertex 68.060608 142.733578 2.000000
      vertex 67.650000 142.531089 2.000000
      vertex 67.650000 142.531089 7.200000
    endloop
  endfacet
  facet normal -0.442289 0.896873 0.000000
    outer loop
      vertex 68.060608 142.733578 2.000000
      vertex 67.650000 142.531089 7.200000
      vertex 68.060608 142.733578 7.200000
    endloop
  endfacet
  facet normal 0.442289 -0.896873 0.000000
    outer loop
      vertex 68.787707 140.978207 2.000000
      vertex 68.600000 140.885641 7.200000
      vertex 68.600000 140.885641 2.000000
    endloop
  endfacet
  facet normal 0.442289 -0.896873 0.000000
    outer loop
      vertex 68.787707 140.978207 2.000000
      vertex 68.787707 140.978207 7.200000
      vertex 68.600000 140.885641 7.200000
    endloop
  endfacet
  facet normal 0.000000 0.000000 1.000000
    outer loop
      vertex 68.060608 142.733578 7.200000
      vertex 67.650000 142.531089 7.200000
      vertex 68.600000 140.885641 7.200000
    endloop
  endfacet
  facet normal 0.000000 0.000000 1.000000
    outer loop
      vertex 68.060608 142.733578 7.200000
      vertex 68.600000 140.885641 7.200000
      vertex 68.787707 140.978207 7.200000
    endloop
  endfacet
  facet normal 0.000000 -0.000000 -1.000000
    outer loop
      vertex 68.060608 142.733578 2.000000
      vertex 68.600000 140.885641 2.000000
      vertex 67.650000 142.531089 2.000000
    endloop
  endfacet
  facet normal 0.000000 0.000000 -1.000000
    outer loop
      vertex 68.060608 142.733578 2.000000
      vertex 68.787707 140.978207 2.000000
      vertex 68.600000 140.885641 2.000000
    endloop
  endfacet
  facet normal -0.555570 0.831470 0.000000
    outer loop
      vertex 67.650000 142.531089 2.000000
      vertex 67.269335 142.276737 2.000000
      vertex 67.269335 142.276737 7.200000
    endloop
  endfacet
  facet normal -0.555570 0.831470 0.000000
    outer loop
      vertex 67.650000 142.531089 2.000000
      vertex 67.269335 142.276737 7.200000
      vertex 67.650000 142.531089 7.200000
    endloop
  endfacet
  facet normal 0.555570 -0.831470 0.000000
    outer loop
      vertex 68.600000 140.885641 2.000000
      vertex 68.425982 140.769365 7.200000
      vertex 68.425982 140.769365 2.000000
    endloop
  endfacet
  facet normal 0.555570 -0.831470 0.000000
    outer loop
      vertex 68.600000 140.885641 2.000000
      vertex 68.600000 140.885641 7.200000
      vertex 68.425982 140.769365 7.200000
    endloop
  endfacet
  facet normal 0.000000 0.000000 1.000000
    outer loop
      vertex 67.650000 142.531089 7.200000
      vertex 67.269335 142.276737 7.200000
      vertex 68.425982 140.769365 7.200000
    endloop
  endfacet
  facet normal 0.000000 0.000000 1.000000
    outer loop
      vertex 67.650000 142.531089 7.200000
      vertex 68.425982 140.769365 7.200000
      vertex 68.600000 140.885641 7.200000
    endloop
  endfacet
  facet normal 0.000000 -0.000000 -1.000000
    outer loop
      vertex 67.650000 142.531089 2.000000
      vertex 68.425982 140.769365 2.000000
      vertex 67.269335 142.276737 2.000000
    endloop
  endfacet
  facet normal 0.000000 0.000000 -1.000000
    outer loop
      vertex 67.650000 142.531089 2.000000
      vertex 68.600000 140.885641 2.000000
      vertex 68.425982 140.769365 2.000000
    endloop
  endfacet
  facet normal -0.659346 0.751840 0.000000
    outer loop
      vertex 67.269335 142.276737 2.000000
      vertex 66.925126 141.974874 2.000000
      vertex 66.925126 141.974874 7.200000
    endloop
  endfacet
  facet normal -0.659346 0.751840 0.000000
    outer loop
      vertex 67.269335 142.276737 2.000000
      vertex 66.925126 141.974874 7.200000
      vertex 67.269335 142.276737 7.200000
    endloop
  endfacet
  facet normal 0.659346 -0.751840 0.000000
    outer loop
      vertex 68.425982 140.769365 2.000000
      vertex 68.268629 140.631371 7.200000
      vertex 68.268629 140.631371 2.000000
    endloop
  endfacet
  facet normal 0.659346 -0.751840 0.000000
    outer loop
      vertex 68.425982 140.769365 2.000000
      vertex 68.425982 140.769365 7.200000
      vertex 68.268629 140.631371 7.200000
    endloop
  endfacet
  facet normal 0.000000 0.000000 1.000000
    outer loop
      vertex 67.269335 142.276737 7.200000
      vertex 66.925126 141.974874 7.200000
      vertex 68.268629 140.631371 7.200000
    endloop
  endfacet
  facet normal 0.000000 0.000000 1.000000
    outer loop
      vertex 67.269335 142.276737 7.200000
      vertex 68.268629 140.631371 7.200000
      vertex 68.425982 140.769365 7.200000
    endloop
  endfacet
  facet normal 0.000000 -0.000000 -1.000000
    outer loop
      vertex 67.269335 142.276737 2.000000
      vertex 68.268629 140.631371 2.000000
      vertex 66.925126 141.974874 2.000000
    endloop
  endfacet
  facet normal 0.000000 0.000000 -1.000000
    outer loop
      vertex 67.269335 142.276737 2.000000
      vertex 68.425982 140.769365 2.000000
      vertex 68.268629 140.631371 2.000000
    endloop
  endfacet
  facet normal -0.751840 0.659346 0.000000
    outer loop
      vertex 66.925126 141.974874 2.000000
      vertex 66.623263 141.630665 2.000000
      vertex 66.623263 141.630665 7.200000
    endloop
  endfacet
  facet normal -0.751840 0.659346 0.000000
    outer loop
      vertex 66.925126 141.974874 2.000000
      vertex 66.623263 141.630665 7.200000
      vertex 66.925126 141.974874 7.200000
    endloop
  endfacet
  facet normal 0.751840 -0.659346 0.000000
    outer loop
      vertex 68.268629 140.631371 2.000000
      vertex 68.130635 140.474018 7.200000
      vertex 68.130635 140.474018 2.000000
    endloop
  endfacet
  facet normal 0.751840 -0.659346 0.000000
    outer loop
      vertex 68.268629 140.631371 2.000000
      vertex 68.268629 140.631371 7.200000
      vertex 68.130635 140.474018 7.200000
    endloop
  endfacet
  facet normal 0.000000 0.000000 1.000000
    outer loop
      vertex 66.925126 141.974874 7.200000
      vertex 66.623263 141.630665 7.200000
      vertex 68.130635 140.474018 7.200000
    endloop
  endfacet
  facet normal 0.000000 0.000000 1.000000
    outer loop
      vertex 66.925126 141.974874 7.200000
      vertex 68.130635 140.474018 7.200000
      vertex 68.268629 140.631371 7.200000
    endloop
  endfacet
  facet normal 0.000000 -0.000000 -1.000000
    outer loop
      vertex 66.925126 141.974874 2.000000
      vertex 68.130635 140.474018 2.000000
      vertex 66.623263 141.630665 2.000000
    endloop
  endfacet
  facet normal 0.000000 0.000000 -1.000000
    outer loop
      vertex 66.925126 141.974874 2.000000
      vertex 68.268629 140.631371 2.000000
      vertex 68.130635 140.474018 2.000000
    endloop
  endfacet
  facet normal -0.831470 0.555570 0.000000
    outer loop
      vertex 66.623263 141.630665 2.000000
      vertex 66.368911 141.250000 2.000000
      vertex 66.368911 141.250000 7.200000
    endloop
  endfacet
  facet normal -0.831470 0.555570 0.000000
    outer loop
      vertex 66.623263 141.630665 2.000000
      vertex 66.368911 141.250000 7.200000
      vertex 66.623263 141.630665 7.200000
    endloop
  endfacet
  facet normal 0.831470 -0.555570 0.000000
    outer loop
      vertex 68.130635 140.474018 2.000000
      vertex 68.014359 140.300000 7.200000
      vertex 68.014359 140.300000 2.000000
    endloop
  endfacet
  facet normal 0.831470 -0.555570 0.000000
    outer loop
      vertex 68.130635 140.474018 2.000000
      vertex 68.130635 140.474018 7.200000
      vertex 68.014359 140.300000 7.200000
    endloop
  endfacet
  facet normal 0.000000 0.000000 1.000000
    outer loop
      vertex 66.623263 141.630665 7.200000
      vertex 66.368911 141.250000 7.200000
      vertex 68.014359 140.300000 7.200000
    endloop
  endfacet
  facet normal 0.000000 0.000000 1.000000
    outer loop
      vertex 66.623263 141.630665 7.200000
      vertex 68.014359 140.300000 7.200000
      vertex 68.130635 140.474018 7.200000
    endloop
  endfacet
  facet normal 0.000000 -0.000000 -1.000000
    outer loop
      vertex 66.623263 141.630665 2.000000
      vertex 68.014359 140.300000 2.000000
      vertex 66.368911 141.250000 2.000000
    endloop
  endfacet
  facet normal 0.000000 0.000000 -1.000000
    outer loop
      vertex 66.623263 141.630665 2.000000
      vertex 68.130635 140.474018 2.000000
      vertex 68.014359 140.300000 2.000000
    endloop
  endfacet
  facet normal -0.896873 0.442289 0.000000
    outer loop
      vertex 66.368911 141.250000 2.000000
      vertex 66.166422 140.839392 2.000000
      vertex 66.166422 140.839392 7.200000
    endloop
  endfacet
  facet normal -0.896873 0.442289 0.000000
    outer loop
      vertex 66.368911 141.250000 2.000000
      vertex 66.166422 140.839392 7.200000
      vertex 66.368911 141.250000 7.200000
    endloop
  endfacet
  facet normal 0.896873 -0.442289 0.000000
    outer loop
      vertex 68.014359 140.300000 2.000000
      vertex 67.921793 140.112293 7.200000
      vertex 67.921793 140.112293 2.000000
    endloop
  endfacet
  facet normal 0.896873 -0.442289 0.000000
    outer loop
      vertex 68.014359 140.300000 2.000000
      vertex 68.014359 140.300000 7.200000
      vertex 67.921793 140.112293 7.200000
    endloop
  endfacet
  facet normal 0.000000 0.000000 1.000000
    outer loop
      vertex 66.368911 141.250000 7.200000
      vertex 66.166422 140.839392 7.200000
      vertex 67.921793 140.112293 7.200000
    endloop
  endfacet
  facet normal 0.000000 0.000000 1.000000
    outer loop
      vertex 66.368911 141.250000 7.200000
      vertex 67.921793 140.112293 7.200000
      vertex 68.014359 140.300000 7.200000
    endloop
  endfacet
  facet normal 0.000000 -0.000000 -1.000000
    outer loop
      vertex 66.368911 141.250000 2.000000
      vertex 67.921793 140.112293 2.000000
      vertex 66.166422 140.839392 2.000000
    endloop
  endfacet
  facet normal 0.000000 0.000000 -1.000000
    outer loop
      vertex 66.368911 141.250000 2.000000
      vertex 68.014359 140.300000 2.000000
      vertex 67.921793 140.112293 2.000000
    endloop
  endfacet
  facet normal -0.946930 0.321439 0.000000
    outer loop
      vertex 66.166422 140.839392 2.000000
      vertex 66.019260 140.405867 2.000000
      vertex 66.019260 140.405867 7.200000
    endloop
  endfacet
  facet normal -0.946930 0.321439 0.000000
    outer loop
      vertex 66.166422 140.839392 2.000000
      vertex 66.019260 140.405867 7.200000
      vertex 66.166422 140.839392 7.200000
    endloop
  endfacet
  facet normal 0.946930 -0.321439 0.000000
    outer loop
      vertex 67.921793 140.112293 2.000000
      vertex 67.854519 139.914110 7.200000
      vertex 67.854519 139.914110 2.000000
    endloop
  endfacet
  facet normal 0.946930 -0.321439 0.000000
    outer loop
      vertex 67.921793 140.112293 2.000000
      vertex 67.921793 140.112293 7.200000
      vertex 67.854519 139.914110 7.200000
    endloop
  endfacet
  facet normal 0.000000 0.000000 1.000000
    outer loop
      vertex 66.166422 140.839392 7.200000
      vertex 66.019260 140.405867 7.200000
      vertex 67.854519 139.914110 7.200000
    endloop
  endfacet
  facet normal 0.000000 0.000000 1.000000
    outer loop
      vertex 66.166422 140.839392 7.200000
      vertex 67.854519 139.914110 7.200000
      vertex 67.921793 140.112293 7.200000
    endloop
  endfacet
  facet normal 0.000000 -0.000000 -1.000000
    outer loop
      vertex 66.166422 140.839392 2.000000
      vertex 67.854519 139.914110 2.000000
      vertex 66.019260 140.405867 2.000000
    endloop
  endfacet
  facet normal 0.000000 0.000000 -1.000000
    outer loop
      vertex 66.166422 140.839392 2.000000
      vertex 67.921793 140.112293 2.000000
      vertex 67.854519 139.914110 2.000000
    endloop
  endfacet
  facet normal -0.980785 0.195090 0.000000
    outer loop
      vertex 66.019260 140.405867 2.000000
      vertex 65.929943 139.956842 2.000000
      vertex 65.929943 139.956842 7.200000
    endloop
  endfacet
  facet normal -0.980785 0.195090 0.000000
    outer loop
      vertex 66.019260 140.405867 2.000000
      vertex 65.929943 139.956842 7.200000
      vertex 66.019260 140.405867 7.200000
    endloop
  endfacet
  facet normal 0.980785 -0.195090 0.000000
    outer loop
      vertex 67.854519 139.914110 2.000000
      vertex 67.813688 139.708842 7.200000
      vertex 67.813688 139.708842 2.000000
    endloop
  endfacet
  facet normal 0.980785 -0.195090 0.000000
    outer loop
      vertex 67.854519 139.914110 2.000000
      vertex 67.854519 139.914110 7.200000
      vertex 67.813688 139.708842 7.200000
    endloop
  endfacet
  facet normal 0.000000 0.000000 1.000000
    outer loop
      vertex 66.019260 140.405867 7.200000
      vertex 65.929943 139.956842 7.200000
      vertex 67.813688 139.708842 7.200000
    endloop
  endfacet
  facet normal 0.000000 0.000000 1.000000
    outer loop
      vertex 66.019260 140.405867 7.200000
      vertex 67.813688 139.708842 7.200000
      vertex 67.854519 139.914110 7.200000
    endloop
  endfacet
  facet normal 0.000000 -0.000000 -1.000000
    outer loop
      vertex 66.019260 140.405867 2.000000
      vertex 67.813688 139.708842 2.000000
      vertex 65.929943 139.956842 2.000000
    endloop
  endfacet
  facet normal 0.000000 0.000000 -1.000000
    outer loop
      vertex 66.019260 140.405867 2.000000
      vertex 67.854519 139.914110 2.000000
      vertex 67.813688 139.708842 2.000000
    endloop
  endfacet
  facet normal -0.997859 0.065403 0.000000
    outer loop
      vertex 65.929943 139.956842 2.000000
      vertex 65.900000 139.500000 2.000000
      vertex 65.900000 139.500000 7.200000
    endloop
  endfacet
  facet normal -0.997859 0.065403 0.000000
    outer loop
      vertex 65.929943 139.956842 2.000000
      vertex 65.900000 139.500000 7.200000
      vertex 65.929943 139.956842 7.200000
    endloop
  endfacet
  facet normal 0.997859 -0.065403 0.000000
    outer loop
      vertex 67.813688 139.708842 2.000000
      vertex 67.800000 139.500000 7.200000
      vertex 67.800000 139.500000 2.000000
    endloop
  endfacet
  facet normal 0.997859 -0.065403 0.000000
    outer loop
      vertex 67.813688 139.708842 2.000000
      vertex 67.813688 139.708842 7.200000
      vertex 67.800000 139.500000 7.200000
    endloop
  endfacet
  facet normal 0.000000 0.000000 1.000000
    outer loop
      vertex 65.929943 139.956842 7.200000
      vertex 65.900000 139.500000 7.200000
      vertex 67.800000 139.500000 7.200000
    endloop
  endfacet
  facet normal 0.000000 0.000000 1.000000
    outer loop
      vertex 65.929943 139.956842 7.200000
      vertex 67.800000 139.500000 7.200000
      vertex 67.813688 139.708842 7.200000
    endloop
  endfacet
  facet normal 0.000000 -0.000000 -1.000000
    outer loop
      vertex 65.929943 139.956842 2.000000
      vertex 67.800000 139.500000 2.000000
      vertex 65.900000 139.500000 2.000000
    endloop
  endfacet
  facet normal 0.000000 0.000000 -1.000000
    outer loop
      vertex 65.929943 139.956842 2.000000
      vertex 67.813688 139.708842 2.000000
      vertex 67.800000 139.500000 2.000000
    endloop
  endfacet
  facet normal -0.997859 -0.065403 0.000000
    outer loop
      vertex 65.900000 139.500000 2.000000
      vertex 65.929943 139.043158 2.000000
      vertex 65.929943 139.043158 7.200000
    endloop
  endfacet
  facet normal -0.997859 -0.065403 0.000000
    outer loop
      vertex 65.900000 139.500000 2.000000
      vertex 65.929943 139.043158 7.200000
      vertex 65.900000 139.500000 7.200000
    endloop
  endfacet
  facet normal 0.997859 0.065403 0.000000
    outer loop
      vertex 67.800000 139.500000 2.000000
      vertex 67.813688 139.291158 7.200000
      vertex 67.813688 139.291158 2.000000
    endloop
  endfacet
  facet normal 0.997859 0.065403 -0.000000
    outer loop
      vertex 67.800000 139.500000 2.000000
      vertex 67.800000 139.500000 7.200000
      vertex 67.813688 139.291158 7.200000
    endloop
  endfacet
  facet normal 0.000000 0.000000 1.000000
    outer loop
      vertex 65.900000 139.500000 7.200000
      vertex 65.929943 139.043158 7.200000
      vertex 67.813688 139.291158 7.200000
    endloop
  endfacet
  facet normal -0.000000 0.000000 1.000000
    outer loop
      vertex 65.900000 139.500000 7.200000
      vertex 67.813688 139.291158 7.200000
      vertex 67.800000 139.500000 7.200000
    endloop
  endfacet
  facet normal 0.000000 0.000000 -1.000000
    outer loop
      vertex 65.900000 139.500000 2.000000
      vertex 67.813688 139.291158 2.000000
      vertex 65.929943 139.043158 2.000000
    endloop
  endfacet
  facet normal 0.000000 0.000000 -1.000000
    outer loop
      vertex 65.900000 139.500000 2.000000
      vertex 67.800000 139.500000 2.000000
      vertex 67.813688 139.291158 2.000000
    endloop
  endfacet
  facet normal -0.980785 -0.195090 0.000000
    outer loop
      vertex 65.929943 139.043158 2.000000
      vertex 66.019260 138.594133 2.000000
      vertex 66.019260 138.594133 7.200000
    endloop
  endfacet
  facet normal -0.980785 -0.195090 0.000000
    outer loop
      vertex 65.929943 139.043158 2.000000
      vertex 66.019260 138.594133 7.200000
      vertex 65.929943 139.043158 7.200000
    endloop
  endfacet
  facet normal 0.980785 0.195090 0.000000
    outer loop
      vertex 67.813688 139.291158 2.000000
      vertex 67.854519 139.085890 7.200000
      vertex 67.854519 139.085890 2.000000
    endloop
  endfacet
  facet normal 0.980785 0.195090 -0.000000
    outer loop
      vertex 67.813688 139.291158 2.000000
      vertex 67.813688 139.291158 7.200000
      vertex 67.854519 139.085890 7.200000
    endloop
  endfacet
  facet normal -0.000000 0.000000 1.000000
    outer loop
      vertex 65.929943 139.043158 7.200000
      vertex 66.019260 138.594133 7.200000
      vertex 67.854519 139.085890 7.200000
    endloop
  endfacet
  facet normal 0.000000 0.000000 1.000000
    outer loop
      vertex 65.929943 139.043158 7.200000
      vertex 67.854519 139.085890 7.200000
      vertex 67.813688 139.291158 7.200000
    endloop
  endfacet
  facet normal 0.000000 0.000000 -1.000000
    outer loop
      vertex 65.929943 139.043158 2.000000
      vertex 67.854519 139.085890 2.000000
      vertex 66.019260 138.594133 2.000000
    endloop
  endfacet
  facet normal 0.000000 0.000000 -1.000000
    outer loop
      vertex 65.929943 139.043158 2.000000
      vertex 67.813688 139.291158 2.000000
      vertex 67.854519 139.085890 2.000000
    endloop
  endfacet
  facet normal -0.946930 -0.321439 0.000000
    outer loop
      vertex 66.019260 138.594133 2.000000
      vertex 66.166422 138.160608 2.000000
      vertex 66.166422 138.160608 7.200000
    endloop
  endfacet
  facet normal -0.946930 -0.321439 0.000000
    outer loop
      vertex 66.019260 138.594133 2.000000
      vertex 66.166422 138.160608 7.200000
      vertex 66.019260 138.594133 7.200000
    endloop
  endfacet
  facet normal 0.946930 0.321439 0.000000
    outer loop
      vertex 67.854519 139.085890 2.000000
      vertex 67.921793 138.887707 7.200000
      vertex 67.921793 138.887707 2.000000
    endloop
  endfacet
  facet normal 0.946930 0.321439 -0.000000
    outer loop
      vertex 67.854519 139.085890 2.000000
      vertex 67.854519 139.085890 7.200000
      vertex 67.921793 138.887707 7.200000
    endloop
  endfacet
  facet normal -0.000000 0.000000 1.000000
    outer loop
      vertex 66.019260 138.594133 7.200000
      vertex 66.166422 138.160608 7.200000
      vertex 67.921793 138.887707 7.200000
    endloop
  endfacet
  facet normal 0.000000 0.000000 1.000000
    outer loop
      vertex 66.019260 138.594133 7.200000
      vertex 67.921793 138.887707 7.200000
      vertex 67.854519 139.085890 7.200000
    endloop
  endfacet
  facet normal 0.000000 0.000000 -1.000000
    outer loop
      vertex 66.019260 138.594133 2.000000
      vertex 67.921793 138.887707 2.000000
      vertex 66.166422 138.160608 2.000000
    endloop
  endfacet
  facet normal 0.000000 0.000000 -1.000000
    outer loop
      vertex 66.019260 138.594133 2.000000
      vertex 67.854519 139.085890 2.000000
      vertex 67.921793 138.887707 2.000000
    endloop
  endfacet
  facet normal -0.896873 -0.442289 0.000000
    outer loop
      vertex 66.166422 138.160608 2.000000
      vertex 66.368911 137.750000 2.000000
      vertex 66.368911 137.750000 7.200000
    endloop
  endfacet
  facet normal -0.896873 -0.442289 0.000000
    outer loop
      vertex 66.166422 138.160608 2.000000
      vertex 66.368911 137.750000 7.200000
      vertex 66.166422 138.160608 7.200000
    endloop
  endfacet
  facet normal 0.896873 0.442289 0.000000
    outer loop
      vertex 67.921793 138.887707 2.000000
      vertex 68.014359 138.700000 7.200000
      vertex 68.014359 138.700000 2.000000
    endloop
  endfacet
  facet normal 0.896873 0.442289 -0.000000
    outer loop
      vertex 67.921793 138.887707 2.000000
      vertex 67.921793 138.887707 7.200000
      vertex 68.014359 138.700000 7.200000
    endloop
  endfacet
  facet normal -0.000000 0.000000 1.000000
    outer loop
      vertex 66.166422 138.160608 7.200000
      vertex 66.368911 137.750000 7.200000
      vertex 68.014359 138.700000 7.200000
    endloop
  endfacet
  facet normal 0.000000 0.000000 1.000000
    outer loop
      vertex 66.166422 138.160608 7.200000
      vertex 68.014359 138.700000 7.200000
      vertex 67.921793 138.887707 7.200000
    endloop
  endfacet
  facet normal 0.000000 0.000000 -1.000000
    outer loop
      vertex 66.166422 138.160608 2.000000
      vertex 68.014359 138.700000 2.000000
      vertex 66.368911 137.750000 2.000000
    endloop
  endfacet
  facet normal 0.000000 0.000000 -1.000000
    outer loop
      vertex 66.166422 138.160608 2.000000
      vertex 67.921793 138.887707 2.000000
      vertex 68.014359 138.700000 2.000000
    endloop
  endfacet
  facet normal -0.831470 -0.555570 0.000000
    outer loop
      vertex 66.368911 137.750000 2.000000
      vertex 66.623263 137.369335 2.000000
      vertex 66.623263 137.369335 7.200000
    endloop
  endfacet
  facet normal -0.831470 -0.555570 0.000000
    outer loop
      vertex 66.368911 137.750000 2.000000
      vertex 66.623263 137.369335 7.200000
      vertex 66.368911 137.750000 7.200000
    endloop
  endfacet
  facet normal 0.831470 0.555570 0.000000
    outer loop
      vertex 68.014359 138.700000 2.000000
      vertex 68.130635 138.525982 7.200000
      vertex 68.130635 138.525982 2.000000
    endloop
  endfacet
  facet normal 0.831470 0.555570 -0.000000
    outer loop
      vertex 68.014359 138.700000 2.000000
      vertex 68.014359 138.700000 7.200000
      vertex 68.130635 138.525982 7.200000
    endloop
  endfacet
  facet normal -0.000000 0.000000 1.000000
    outer loop
      vertex 66.368911 137.750000 7.200000
      vertex 66.623263 137.369335 7.200000
      vertex 68.130635 138.525982 7.200000
    endloop
  endfacet
  facet normal 0.000000 0.000000 1.000000
    outer loop
      vertex 66.368911 137.750000 7.200000
      vertex 68.130635 138.525982 7.200000
      vertex 68.014359 138.700000 7.200000
    endloop
  endfacet
  facet normal 0.000000 0.000000 -1.000000
    outer loop
      vertex 66.368911 137.750000 2.000000
      vertex 68.130635 138.525982 2.000000
      vertex 66.623263 137.369335 2.000000
    endloop
  endfacet
  facet normal 0.000000 0.000000 -1.000000
    outer loop
      vertex 66.368911 137.750000 2.000000
      vertex 68.014359 138.700000 2.000000
      vertex 68.130635 138.525982 2.000000
    endloop
  endfacet
  facet normal -0.751840 -0.659346 0.000000
    outer loop
      vertex 66.623263 137.369335 2.000000
      vertex 66.925126 137.025126 2.000000
      vertex 66.925126 137.025126 7.200000
    endloop
  endfacet
  facet normal -0.751840 -0.659346 0.000000
    outer loop
      vertex 66.623263 137.369335 2.000000
      vertex 66.925126 137.025126 7.200000
      vertex 66.623263 137.369335 7.200000
    endloop
  endfacet
  facet normal 0.751840 0.659346 0.000000
    outer loop
      vertex 68.130635 138.525982 2.000000
      vertex 68.268629 138.368629 7.200000
      vertex 68.268629 138.368629 2.000000
    endloop
  endfacet
  facet normal 0.751840 0.659346 -0.000000
    outer loop
      vertex 68.130635 138.525982 2.000000
      vertex 68.130635 138.525982 7.200000
      vertex 68.268629 138.368629 7.200000
    endloop
  endfacet
  facet normal -0.000000 0.000000 1.000000
    outer loop
      vertex 66.623263 137.369335 7.200000
      vertex 66.925126 137.025126 7.200000
      vertex 68.268629 138.368629 7.200000
    endloop
  endfacet
  facet normal 0.000000 0.000000 1.000000
    outer loop
      vertex 66.623263 137.369335 7.200000
      vertex 68.268629 138.368629 7.200000
      vertex 68.130635 138.525982 7.200000
    endloop
  endfacet
  facet normal 0.000000 0.000000 -1.000000
    outer loop
      vertex 66.623263 137.369335 2.000000
      vertex 68.268629 138.368629 2.000000
      vertex 66.925126 137.025126 2.000000
    endloop
  endfacet
  facet normal 0.000000 0.000000 -1.000000
    outer loop
      vertex 66.623263 137.369335 2.000000
      vertex 68.130635 138.525982 2.000000
      vertex 68.268629 138.368629 2.000000
    endloop
  endfacet
  facet normal -0.659346 -0.751840 0.000000
    outer loop
      vertex 66.925126 137.025126 2.000000
      vertex 67.269335 136.723263 2.000000
      vertex 67.269335 136.723263 7.200000
    endloop
  endfacet
  facet normal -0.659346 -0.751840 0.000000
    outer loop
      vertex 66.925126 137.025126 2.000000
      vertex 67.269335 136.723263 7.200000
      vertex 66.925126 137.025126 7.200000
    endloop
  endfacet
  facet normal 0.659346 0.751840 0.000000
    outer loop
      vertex 68.268629 138.368629 2.000000
      vertex 68.425982 138.230635 7.200000
      vertex 68.425982 138.230635 2.000000
    endloop
  endfacet
  facet normal 0.659346 0.751840 -0.000000
    outer loop
      vertex 68.268629 138.368629 2.000000
      vertex 68.268629 138.368629 7.200000
      vertex 68.425982 138.230635 7.200000
    endloop
  endfacet
  facet normal -0.000000 0.000000 1.000000
    outer loop
      vertex 66.925126 137.025126 7.200000
      vertex 67.269335 136.723263 7.200000
      vertex 68.425982 138.230635 7.200000
    endloop
  endfacet
  facet normal 0.000000 0.000000 1.000000
    outer loop
      vertex 66.925126 137.025126 7.200000
      vertex 68.425982 138.230635 7.200000
      vertex 68.268629 138.368629 7.200000
    endloop
  endfacet
  facet normal 0.000000 0.000000 -1.000000
    outer loop
      vertex 66.925126 137.025126 2.000000
      vertex 68.425982 138.230635 2.000000
      vertex 67.269335 136.723263 2.000000
    endloop
  endfacet
  facet normal 0.000000 0.000000 -1.000000
    outer loop
      vertex 66.925126 137.025126 2.000000
      vertex 68.268629 138.368629 2.000000
      vertex 68.425982 138.230635 2.000000
    endloop
  endfacet
  facet normal -0.555570 -0.831470 0.000000
    outer loop
      vertex 67.269335 136.723263 2.000000
      vertex 67.650000 136.468911 2.000000
      vertex 67.650000 136.468911 7.200000
    endloop
  endfacet
  facet normal -0.555570 -0.831470 0.000000
    outer loop
      vertex 67.269335 136.723263 2.000000
      vertex 67.650000 136.468911 7.200000
      vertex 67.269335 136.723263 7.200000
    endloop
  endfacet
  facet normal 0.555570 0.831470 0.000000
    outer loop
      vertex 68.425982 138.230635 2.000000
      vertex 68.600000 138.114359 7.200000
      vertex 68.600000 138.114359 2.000000
    endloop
  endfacet
  facet normal 0.555570 0.831470 -0.000000
    outer loop
      vertex 68.425982 138.230635 2.000000
      vertex 68.425982 138.230635 7.200000
      vertex 68.600000 138.114359 7.200000
    endloop
  endfacet
  facet normal -0.000000 0.000000 1.000000
    outer loop
      vertex 67.269335 136.723263 7.200000
      vertex 67.650000 136.468911 7.200000
      vertex 68.600000 138.114359 7.200000
    endloop
  endfacet
  facet normal 0.000000 0.000000 1.000000
    outer loop
      vertex 67.269335 136.723263 7.200000
      vertex 68.600000 138.114359 7.200000
      vertex 68.425982 138.230635 7.200000
    endloop
  endfacet
  facet normal 0.000000 0.000000 -1.000000
    outer loop
      vertex 67.269335 136.723263 2.000000
      vertex 68.600000 138.114359 2.000000
      vertex 67.650000 136.468911 2.000000
    endloop
  endfacet
  facet normal 0.000000 0.000000 -1.000000
    outer loop
      vertex 67.269335 136.723263 2.000000
      vertex 68.425982 138.230635 2.000000
      vertex 68.600000 138.114359 2.000000
    endloop
  endfacet
  facet normal -0.442289 -0.896873 0.000000
    outer loop
      vertex 67.650000 136.468911 2.000000
      vertex 68.060608 136.266422 2.000000
      vertex 68.060608 136.266422 7.200000
    endloop
  endfacet
  facet normal -0.442289 -0.896873 0.000000
    outer loop
      vertex 67.650000 136.468911 2.000000
      vertex 68.060608 136.266422 7.200000
      vertex 67.650000 136.468911 7.200000
    endloop
  endfacet
  facet normal 0.442289 0.896873 0.000000
    outer loop
      vertex 68.600000 138.114359 2.000000
      vertex 68.787707 138.021793 7.200000
      vertex 68.787707 138.021793 2.000000
    endloop
  endfacet
  facet normal 0.442289 0.896873 -0.000000
    outer loop
      vertex 68.600000 138.114359 2.000000
      vertex 68.600000 138.114359 7.200000
      vertex 68.787707 138.021793 7.200000
    endloop
  endfacet
  facet normal -0.000000 0.000000 1.000000
    outer loop
      vertex 67.650000 136.468911 7.200000
      vertex 68.060608 136.266422 7.200000
      vertex 68.787707 138.021793 7.200000
    endloop
  endfacet
  facet normal 0.000000 0.000000 1.000000
    outer loop
      vertex 67.650000 136.468911 7.200000
      vertex 68.787707 138.021793 7.200000
      vertex 68.600000 138.114359 7.200000
    endloop
  endfacet
  facet normal 0.000000 0.000000 -1.000000
    outer loop
      vertex 67.650000 136.468911 2.000000
      vertex 68.787707 138.021793 2.000000
      vertex 68.060608 136.266422 2.000000
    endloop
  endfacet
  facet normal 0.000000 0.000000 -1.000000
    outer loop
      vertex 67.650000 136.468911 2.000000
      vertex 68.600000 138.114359 2.000000
      vertex 68.787707 138.021793 2.000000
    endloop
  endfacet
  facet normal -0.321439 -0.946930 0.000000
    outer loop
      vertex 68.060608 136.266422 2.000000
      vertex 68.494133 136.119260 2.000000
      vertex 68.494133 136.119260 7.200000
    endloop
  endfacet
  facet normal -0.321439 -0.946930 0.000000
    outer loop
      vertex 68.060608 136.266422 2.000000
      vertex 68.494133 136.119260 7.200000
      vertex 68.060608 136.266422 7.200000
    endloop
  endfacet
  facet normal 0.321439 0.946930 0.000000
    outer loop
      vertex 68.787707 138.021793 2.000000
      vertex 68.985890 137.954519 7.200000
      vertex 68.985890 137.954519 2.000000
    endloop
  endfacet
  facet normal 0.321439 0.946930 -0.000000
    outer loop
      vertex 68.787707 138.021793 2.000000
      vertex 68.787707 138.021793 7.200000
      vertex 68.985890 137.954519 7.200000
    endloop
  endfacet
  facet normal -0.000000 0.000000 1.000000
    outer loop
      vertex 68.060608 136.266422 7.200000
      vertex 68.494133 136.119260 7.200000
      vertex 68.985890 137.954519 7.200000
    endloop
  endfacet
  facet normal 0.000000 0.000000 1.000000
    outer loop
      vertex 68.060608 136.266422 7.200000
      vertex 68.985890 137.954519 7.200000
      vertex 68.787707 138.021793 7.200000
    endloop
  endfacet
  facet normal 0.000000 0.000000 -1.000000
    outer loop
      vertex 68.060608 136.266422 2.000000
      vertex 68.985890 137.954519 2.000000
      vertex 68.494133 136.119260 2.000000
    endloop
  endfacet
  facet normal 0.000000 0.000000 -1.000000
    outer loop
      vertex 68.060608 136.266422 2.000000
      vertex 68.787707 138.021793 2.000000
      vertex 68.985890 137.954519 2.000000
    endloop
  endfacet
  facet normal -0.195090 -0.980785 0.000000
    outer loop
      vertex 68.494133 136.119260 2.000000
      vertex 68.943158 136.029943 2.000000
      vertex 68.943158 136.029943 7.200000
    endloop
  endfacet
  facet normal -0.195090 -0.980785 0.000000
    outer loop
      vertex 68.494133 136.119260 2.000000
      vertex 68.943158 136.029943 7.200000
      vertex 68.494133 136.119260 7.200000
    endloop
  endfacet
  facet normal 0.195090 0.980785 0.000000
    outer loop
      vertex 68.985890 137.954519 2.000000
      vertex 69.191158 137.913688 7.200000
      vertex 69.191158 137.913688 2.000000
    endloop
  endfacet
  facet normal 0.195090 0.980785 -0.000000
    outer loop
      vertex 68.985890 137.954519 2.000000
      vertex 68.985890 137.954519 7.200000
      vertex 69.191158 137.913688 7.200000
    endloop
  endfacet
  facet normal -0.000000 0.000000 1.000000
    outer loop
      vertex 68.494133 136.119260 7.200000
      vertex 68.943158 136.029943 7.200000
      vertex 69.191158 137.913688 7.200000
    endloop
  endfacet
  facet normal 0.000000 0.000000 1.000000
    outer loop
      vertex 68.494133 136.119260 7.200000
      vertex 69.191158 137.913688 7.200000
      vertex 68.985890 137.954519 7.200000
    endloop
  endfacet
  facet normal 0.000000 0.000000 -1.000000
    outer loop
      vertex 68.494133 136.119260 2.000000
      vertex 69.191158 137.913688 2.000000
      vertex 68.943158 136.029943 2.000000
    endloop
  endfacet
  facet normal 0.000000 0.000000 -1.000000
    outer loop
      vertex 68.494133 136.119260 2.000000
      vertex 68.985890 137.954519 2.000000
      vertex 69.191158 137.913688 2.000000
    endloop
  endfacet
  facet normal -0.065403 -0.997859 0.000000
    outer loop
      vertex 68.943158 136.029943 2.000000
      vertex 69.400000 136.000000 2.000000
      vertex 69.400000 136.000000 7.200000
    endloop
  endfacet
  facet normal -0.065403 -0.997859 0.000000
    outer loop
      vertex 68.943158 136.029943 2.000000
      vertex 69.400000 136.000000 7.200000
      vertex 68.943158 136.029943 7.200000
    endloop
  endfacet
  facet normal 0.065403 0.997859 0.000000
    outer loop
      vertex 69.191158 137.913688 2.000000
      vertex 69.400000 137.900000 7.200000
      vertex 69.400000 137.900000 2.000000
    endloop
  endfacet
  facet normal 0.065403 0.997859 -0.000000
    outer loop
      vertex 69.191158 137.913688 2.000000
      vertex 69.191158 137.913688 7.200000
      vertex 69.400000 137.900000 7.200000
    endloop
  endfacet
  facet normal -0.000000 0.000000 1.000000
    outer loop
      vertex 68.943158 136.029943 7.200000
      vertex 69.400000 136.000000 7.200000
      vertex 69.400000 137.900000 7.200000
    endloop
  endfacet
  facet normal 0.000000 0.000000 1.000000
    outer loop
      vertex 68.943158 136.029943 7.200000
      vertex 69.400000 137.900000 7.200000
      vertex 69.191158 137.913688 7.200000
    endloop
  endfacet
  facet normal 0.000000 0.000000 -1.000000
    outer loop
      vertex 68.943158 136.029943 2.000000
      vertex 69.400000 137.900000 2.000000
      vertex 69.400000 136.000000 2.000000
    endloop
  endfacet
  facet normal 0.000000 0.000000 -1.000000
    outer loop
      vertex 68.943158 136.029943 2.000000
      vertex 69.191158 137.913688 2.000000
      vertex 69.400000 137.900000 2.000000
    endloop
  endfacet
  facet normal 0.065403 -0.997859 0.000000
    outer loop
      vertex 69.400000 136.000000 2.000000
      vertex 69.856842 136.029943 2.000000
      vertex 69.856842 136.029943 7.200000
    endloop
  endfacet
  facet normal 0.065403 -0.997859 0.000000
    outer loop
      vertex 69.400000 136.000000 2.000000
      vertex 69.856842 136.029943 7.200000
      vertex 69.400000 136.000000 7.200000
    endloop
  endfacet
  facet normal -0.065403 0.997859 0.000000
    outer loop
      vertex 69.400000 137.900000 2.000000
      vertex 69.608842 137.913688 7.200000
      vertex 69.608842 137.913688 2.000000
    endloop
  endfacet
  facet normal -0.065403 0.997859 0.000000
    outer loop
      vertex 69.400000 137.900000 2.000000
      vertex 69.400000 137.900000 7.200000
      vertex 69.608842 137.913688 7.200000
    endloop
  endfacet
  facet normal 0.000000 0.000000 1.000000
    outer loop
      vertex 69.400000 136.000000 7.200000
      vertex 69.856842 136.029943 7.200000
      vertex 69.608842 137.913688 7.200000
    endloop
  endfacet
  facet normal 0.000000 0.000000 1.000000
    outer loop
      vertex 69.400000 136.000000 7.200000
      vertex 69.608842 137.913688 7.200000
      vertex 69.400000 137.900000 7.200000
    endloop
  endfacet
  facet normal 0.000000 0.000000 -1.000000
    outer loop
      vertex 69.400000 136.000000 2.000000
      vertex 69.608842 137.913688 2.000000
      vertex 69.856842 136.029943 2.000000
    endloop
  endfacet
  facet normal 0.000000 0.000000 -1.000000
    outer loop
      vertex 69.400000 136.000000 2.000000
      vertex 69.400000 137.900000 2.000000
      vertex 69.608842 137.913688 2.000000
    endloop
  endfacet
  facet normal 0.195090 -0.980785 0.000000
    outer loop
      vertex 69.856842 136.029943 2.000000
      vertex 70.305867 136.119260 2.000000
      vertex 70.305867 136.119260 7.200000
    endloop
  endfacet
  facet normal 0.195090 -0.980785 0.000000
    outer loop
      vertex 69.856842 136.029943 2.000000
      vertex 70.305867 136.119260 7.200000
      vertex 69.856842 136.029943 7.200000
    endloop
  endfacet
  facet normal -0.195090 0.980785 0.000000
    outer loop
      vertex 69.608842 137.913688 2.000000
      vertex 69.814110 137.954519 7.200000
      vertex 69.814110 137.954519 2.000000
    endloop
  endfacet
  facet normal -0.195090 0.980785 0.000000
    outer loop
      vertex 69.608842 137.913688 2.000000
      vertex 69.608842 137.913688 7.200000
      vertex 69.814110 137.954519 7.200000
    endloop
  endfacet
  facet normal 0.000000 -0.000000 1.000000
    outer loop
      vertex 69.856842 136.029943 7.200000
      vertex 70.305867 136.119260 7.200000
      vertex 69.814110 137.954519 7.200000
    endloop
  endfacet
  facet normal 0.000000 0.000000 1.000000
    outer loop
      vertex 69.856842 136.029943 7.200000
      vertex 69.814110 137.954519 7.200000
      vertex 69.608842 137.913688 7.200000
    endloop
  endfacet
  facet normal 0.000000 0.000000 -1.000000
    outer loop
      vertex 69.856842 136.029943 2.000000
      vertex 69.814110 137.954519 2.000000
      vertex 70.305867 136.119260 2.000000
    endloop
  endfacet
  facet normal 0.000000 0.000000 -1.000000
    outer loop
      vertex 69.856842 136.029943 2.000000
      vertex 69.608842 137.913688 2.000000
      vertex 69.814110 137.954519 2.000000
    endloop
  endfacet
  facet normal 0.321439 -0.946930 0.000000
    outer loop
      vertex 70.305867 136.119260 2.000000
      vertex 70.739392 136.266422 2.000000
      vertex 70.739392 136.266422 7.200000
    endloop
  endfacet
  facet normal 0.321439 -0.946930 0.000000
    outer loop
      vertex 70.305867 136.119260 2.000000
      vertex 70.739392 136.266422 7.200000
      vertex 70.305867 136.119260 7.200000
    endloop
  endfacet
  facet normal -0.321439 0.946930 0.000000
    outer loop
      vertex 69.814110 137.954519 2.000000
      vertex 70.012293 138.021793 7.200000
      vertex 70.012293 138.021793 2.000000
    endloop
  endfacet
  facet normal -0.321439 0.946930 0.000000
    outer loop
      vertex 69.814110 137.954519 2.000000
      vertex 69.814110 137.954519 7.200000
      vertex 70.012293 138.021793 7.200000
    endloop
  endfacet
  facet normal 0.000000 -0.000000 1.000000
    outer loop
      vertex 70.305867 136.119260 7.200000
      vertex 70.739392 136.266422 7.200000
      vertex 70.012293 138.021793 7.200000
    endloop
  endfacet
  facet normal 0.000000 0.000000 1.000000
    outer loop
      vertex 70.305867 136.119260 7.200000
      vertex 70.012293 138.021793 7.200000
      vertex 69.814110 137.954519 7.200000
    endloop
  endfacet
  facet normal 0.000000 0.000000 -1.000000
    outer loop
      vertex 70.305867 136.119260 2.000000
      vertex 70.012293 138.021793 2.000000
      vertex 70.739392 136.266422 2.000000
    endloop
  endfacet
  facet normal 0.000000 0.000000 -1.000000
    outer loop
      vertex 70.305867 136.119260 2.000000
      vertex 69.814110 137.954519 2.000000
      vertex 70.012293 138.021793 2.000000
    endloop
  endfacet
  facet normal 0.442289 -0.896873 0.000000
    outer loop
      vertex 70.739392 136.266422 2.000000
      vertex 71.150000 136.468911 2.000000
      vertex 71.150000 136.468911 7.200000
    endloop
  endfacet
  facet normal 0.442289 -0.896873 0.000000
    outer loop
      vertex 70.739392 136.266422 2.000000
      vertex 71.150000 136.468911 7.200000
      vertex 70.739392 136.266422 7.200000
    endloop
  endfacet
  facet normal -0.442289 0.896873 0.000000
    outer loop
      vertex 70.012293 138.021793 2.000000
      vertex 70.200000 138.114359 7.200000
      vertex 70.200000 138.114359 2.000000
    endloop
  endfacet
  facet normal -0.442289 0.896873 0.000000
    outer loop
      vertex 70.012293 138.021793 2.000000
      vertex 70.012293 138.021793 7.200000
      vertex 70.200000 138.114359 7.200000
    endloop
  endfacet
  facet normal 0.000000 -0.000000 1.000000
    outer loop
      vertex 70.739392 136.266422 7.200000
      vertex 71.150000 136.468911 7.200000
      vertex 70.200000 138.114359 7.200000
    endloop
  endfacet
  facet normal 0.000000 0.000000 1.000000
    outer loop
      vertex 70.739392 136.266422 7.200000
      vertex 70.200000 138.114359 7.200000
      vertex 70.012293 138.021793 7.200000
    endloop
  endfacet
  facet normal 0.000000 0.000000 -1.000000
    outer loop
      vertex 70.739392 136.266422 2.000000
      vertex 70.200000 138.114359 2.000000
      vertex 71.150000 136.468911 2.000000
    endloop
  endfacet
  facet normal 0.000000 0.000000 -1.000000
    outer loop
      vertex 70.739392 136.266422 2.000000
      vertex 70.012293 138.021793 2.000000
      vertex 70.200000 138.114359 2.000000
    endloop
  endfacet
  facet normal 0.555570 -0.831470 0.000000
    outer loop
      vertex 71.150000 136.468911 2.000000
      vertex 71.530665 136.723263 2.000000
      vertex 71.530665 136.723263 7.200000
    endloop
  endfacet
  facet normal 0.555570 -0.831470 0.000000
    outer loop
      vertex 71.150000 136.468911 2.000000
      vertex 71.530665 136.723263 7.200000
      vertex 71.150000 136.468911 7.200000
    endloop
  endfacet
  facet normal -0.555570 0.831470 0.000000
    outer loop
      vertex 70.200000 138.114359 2.000000
      vertex 70.374018 138.230635 7.200000
      vertex 70.374018 138.230635 2.000000
    endloop
  endfacet
  facet normal -0.555570 0.831470 0.000000
    outer loop
      vertex 70.200000 138.114359 2.000000
      vertex 70.200000 138.114359 7.200000
      vertex 70.374018 138.230635 7.200000
    endloop
  endfacet
  facet normal 0.000000 -0.000000 1.000000
    outer loop
      vertex 71.150000 136.468911 7.200000
      vertex 71.530665 136.723263 7.200000
      vertex 70.374018 138.230635 7.200000
    endloop
  endfacet
  facet normal 0.000000 0.000000 1.000000
    outer loop
      vertex 71.150000 136.468911 7.200000
      vertex 70.374018 138.230635 7.200000
      vertex 70.200000 138.114359 7.200000
    endloop
  endfacet
  facet normal 0.000000 0.000000 -1.000000
    outer loop
      vertex 71.150000 136.468911 2.000000
      vertex 70.374018 138.230635 2.000000
      vertex 71.530665 136.723263 2.000000
    endloop
  endfacet
  facet normal 0.000000 0.000000 -1.000000
    outer loop
      vertex 71.150000 136.468911 2.000000
      vertex 70.200000 138.114359 2.000000
      vertex 70.374018 138.230635 2.000000
    endloop
  endfacet
  facet normal 0.659346 -0.751840 0.000000
    outer loop
      vertex 71.530665 136.723263 2.000000
      vertex 71.874874 137.025126 2.000000
      vertex 71.874874 137.025126 7.200000
    endloop
  endfacet
  facet normal 0.659346 -0.751840 0.000000
    outer loop
      vertex 71.530665 136.723263 2.000000
      vertex 71.874874 137.025126 7.200000
      vertex 71.530665 136.723263 7.200000
    endloop
  endfacet
  facet normal -0.659346 0.751840 0.000000
    outer loop
      vertex 70.374018 138.230635 2.000000
      vertex 70.531371 138.368629 7.200000
      vertex 70.531371 138.368629 2.000000
    endloop
  endfacet
  facet normal -0.659346 0.751840 0.000000
    outer loop
      vertex 70.374018 138.230635 2.000000
      vertex 70.374018 138.230635 7.200000
      vertex 70.531371 138.368629 7.200000
    endloop
  endfacet
  facet normal 0.000000 -0.000000 1.000000
    outer loop
      vertex 71.530665 136.723263 7.200000
      vertex 71.874874 137.025126 7.200000
      vertex 70.531371 138.368629 7.200000
    endloop
  endfacet
  facet normal 0.000000 0.000000 1.000000
    outer loop
      vertex 71.530665 136.723263 7.200000
      vertex 70.531371 138.368629 7.200000
      vertex 70.374018 138.230635 7.200000
    endloop
  endfacet
  facet normal 0.000000 0.000000 -1.000000
    outer loop
      vertex 71.530665 136.723263 2.000000
      vertex 70.531371 138.368629 2.000000
      vertex 71.874874 137.025126 2.000000
    endloop
  endfacet
  facet normal 0.000000 0.000000 -1.000000
    outer loop
      vertex 71.530665 136.723263 2.000000
      vertex 70.374018 138.230635 2.000000
      vertex 70.531371 138.368629 2.000000
    endloop
  endfacet
  facet normal 0.751840 -0.659346 0.000000
    outer loop
      vertex 71.874874 137.025126 2.000000
      vertex 72.176737 137.369335 2.000000
      vertex 72.176737 137.369335 7.200000
    endloop
  endfacet
  facet normal 0.751840 -0.659346 0.000000
    outer loop
      vertex 71.874874 137.025126 2.000000
      vertex 72.176737 137.369335 7.200000
      vertex 71.874874 137.025126 7.200000
    endloop
  endfacet
  facet normal -0.751840 0.659346 0.000000
    outer loop
      vertex 70.531371 138.368629 2.000000
      vertex 70.669365 138.525982 7.200000
      vertex 70.669365 138.525982 2.000000
    endloop
  endfacet
  facet normal -0.751840 0.659346 0.000000
    outer loop
      vertex 70.531371 138.368629 2.000000
      vertex 70.531371 138.368629 7.200000
      vertex 70.669365 138.525982 7.200000
    endloop
  endfacet
  facet normal 0.000000 -0.000000 1.000000
    outer loop
      vertex 71.874874 137.025126 7.200000
      vertex 72.176737 137.369335 7.200000
      vertex 70.669365 138.525982 7.200000
    endloop
  endfacet
  facet normal 0.000000 0.000000 1.000000
    outer loop
      vertex 71.874874 137.025126 7.200000
      vertex 70.669365 138.525982 7.200000
      vertex 70.531371 138.368629 7.200000
    endloop
  endfacet
  facet normal 0.000000 0.000000 -1.000000
    outer loop
      vertex 71.874874 137.025126 2.000000
      vertex 70.669365 138.525982 2.000000
      vertex 72.176737 137.369335 2.000000
    endloop
  endfacet
  facet normal 0.000000 0.000000 -1.000000
    outer loop
      vertex 71.874874 137.025126 2.000000
      vertex 70.531371 138.368629 2.000000
      vertex 70.669365 138.525982 2.000000
    endloop
  endfacet
  facet normal 0.831470 -0.555570 0.000000
    outer loop
      vertex 72.176737 137.369335 2.000000
      vertex 72.431089 137.750000 2.000000
      vertex 72.431089 137.750000 7.200000
    endloop
  endfacet
  facet normal 0.831470 -0.555570 0.000000
    outer loop
      vertex 72.176737 137.369335 2.000000
      vertex 72.431089 137.750000 7.200000
      vertex 72.176737 137.369335 7.200000
    endloop
  endfacet
  facet normal -0.831470 0.555570 0.000000
    outer loop
      vertex 70.669365 138.525982 2.000000
      vertex 70.785641 138.700000 7.200000
      vertex 70.785641 138.700000 2.000000
    endloop
  endfacet
  facet normal -0.831470 0.555570 0.000000
    outer loop
      vertex 70.669365 138.525982 2.000000
      vertex 70.669365 138.525982 7.200000
      vertex 70.785641 138.700000 7.200000
    endloop
  endfacet
  facet normal 0.000000 -0.000000 1.000000
    outer loop
      vertex 72.176737 137.369335 7.200000
      vertex 72.431089 137.750000 7.200000
      vertex 70.785641 138.700000 7.200000
    endloop
  endfacet
  facet normal 0.000000 0.000000 1.000000
    outer loop
      vertex 72.176737 137.369335 7.200000
      vertex 70.785641 138.700000 7.200000
      vertex 70.669365 138.525982 7.200000
    endloop
  endfacet
  facet normal 0.000000 0.000000 -1.000000
    outer loop
      vertex 72.176737 137.369335 2.000000
      vertex 70.785641 138.700000 2.000000
      vertex 72.431089 137.750000 2.000000
    endloop
  endfacet
  facet normal 0.000000 0.000000 -1.000000
    outer loop
      vertex 72.176737 137.369335 2.000000
      vertex 70.669365 138.525982 2.000000
      vertex 70.785641 138.700000 2.000000
    endloop
  endfacet
  facet normal 0.896873 -0.442289 0.000000
    outer loop
      vertex 72.431089 137.750000 2.000000
      vertex 72.633578 138.160608 2.000000
      vertex 72.633578 138.160608 7.200000
    endloop
  endfacet
  facet normal 0.896873 -0.442289 0.000000
    outer loop
      vertex 72.431089 137.750000 2.000000
      vertex 72.633578 138.160608 7.200000
      vertex 72.431089 137.750000 7.200000
    endloop
  endfacet
  facet normal -0.896873 0.442289 0.000000
    outer loop
      vertex 70.785641 138.700000 2.000000
      vertex 70.878207 138.887707 7.200000
      vertex 70.878207 138.887707 2.000000
    endloop
  endfacet
  facet normal -0.896873 0.442289 0.000000
    outer loop
      vertex 70.785641 138.700000 2.000000
      vertex 70.785641 138.700000 7.200000
      vertex 70.878207 138.887707 7.200000
    endloop
  endfacet
  facet normal 0.000000 -0.000000 1.000000
    outer loop
      vertex 72.431089 137.750000 7.200000
      vertex 72.633578 138.160608 7.200000
      vertex 70.878207 138.887707 7.200000
    endloop
  endfacet
  facet normal 0.000000 0.000000 1.000000
    outer loop
      vertex 72.431089 137.750000 7.200000
      vertex 70.878207 138.887707 7.200000
      vertex 70.785641 138.700000 7.200000
    endloop
  endfacet
  facet normal 0.000000 0.000000 -1.000000
    outer loop
      vertex 72.431089 137.750000 2.000000
      vertex 70.878207 138.887707 2.000000
      vertex 72.633578 138.160608 2.000000
    endloop
  endfacet
  facet normal 0.000000 0.000000 -1.000000
    outer loop
      vertex 72.431089 137.750000 2.000000
      vertex 70.785641 138.700000 2.000000
      vertex 70.878207 138.887707 2.000000
    endloop
  endfacet
  facet normal 0.946930 -0.321439 0.000000
    outer loop
      vertex 72.633578 138.160608 2.000000
      vertex 72.780740 138.594133 2.000000
      vertex 72.780740 138.594133 7.200000
    endloop
  endfacet
  facet normal 0.946930 -0.321439 0.000000
    outer loop
      vertex 72.633578 138.160608 2.000000
      vertex 72.780740 138.594133 7.200000
      vertex 72.633578 138.160608 7.200000
    endloop
  endfacet
  facet normal -0.946930 0.321439 0.000000
    outer loop
      vertex 70.878207 138.887707 2.000000
      vertex 70.945481 139.085890 7.200000
      vertex 70.945481 139.085890 2.000000
    endloop
  endfacet
  facet normal -0.946930 0.321439 0.000000
    outer loop
      vertex 70.878207 138.887707 2.000000
      vertex 70.878207 138.887707 7.200000
      vertex 70.945481 139.085890 7.200000
    endloop
  endfacet
  facet normal 0.000000 -0.000000 1.000000
    outer loop
      vertex 72.633578 138.160608 7.200000
      vertex 72.780740 138.594133 7.200000
      vertex 70.945481 139.085890 7.200000
    endloop
  endfacet
  facet normal 0.000000 0.000000 1.000000
    outer loop
      vertex 72.633578 138.160608 7.200000
      vertex 70.945481 139.085890 7.200000
      vertex 70.878207 138.887707 7.200000
    endloop
  endfacet
  facet normal 0.000000 0.000000 -1.000000
    outer loop
      vertex 72.633578 138.160608 2.000000
      vertex 70.945481 139.085890 2.000000
      vertex 72.780740 138.594133 2.000000
    endloop
  endfacet
  facet normal 0.000000 0.000000 -1.000000
    outer loop
      vertex 72.633578 138.160608 2.000000
      vertex 70.878207 138.887707 2.000000
      vertex 70.945481 139.085890 2.000000
    endloop
  endfacet
  facet normal 0.980785 -0.195090 0.000000
    outer loop
      vertex 72.780740 138.594133 2.000000
      vertex 72.870057 139.043158 2.000000
      vertex 72.870057 139.043158 7.200000
    endloop
  endfacet
  facet normal 0.980785 -0.195090 0.000000
    outer loop
      vertex 72.780740 138.594133 2.000000
      vertex 72.870057 139.043158 7.200000
      vertex 72.780740 138.594133 7.200000
    endloop
  endfacet
  facet normal -0.980785 0.195090 0.000000
    outer loop
      vertex 70.945481 139.085890 2.000000
      vertex 70.986312 139.291158 7.200000
      vertex 70.986312 139.291158 2.000000
    endloop
  endfacet
  facet normal -0.980785 0.195090 0.000000
    outer loop
      vertex 70.945481 139.085890 2.000000
      vertex 70.945481 139.085890 7.200000
      vertex 70.986312 139.291158 7.200000
    endloop
  endfacet
  facet normal 0.000000 -0.000000 1.000000
    outer loop
      vertex 72.780740 138.594133 7.200000
      vertex 72.870057 139.043158 7.200000
      vertex 70.986312 139.291158 7.200000
    endloop
  endfacet
  facet normal 0.000000 0.000000 1.000000
    outer loop
      vertex 72.780740 138.594133 7.200000
      vertex 70.986312 139.291158 7.200000
      vertex 70.945481 139.085890 7.200000
    endloop
  endfacet
  facet normal 0.000000 0.000000 -1.000000
    outer loop
      vertex 72.780740 138.594133 2.000000
      vertex 70.986312 139.291158 2.000000
      vertex 72.870057 139.043158 2.000000
    endloop
  endfacet
  facet normal 0.000000 0.000000 -1.000000
    outer loop
      vertex 72.780740 138.594133 2.000000
      vertex 70.945481 139.085890 2.000000
      vertex 70.986312 139.291158 2.000000
    endloop
  endfacet
  facet normal 0.997859 -0.065403 0.000000
    outer loop
      vertex 72.870057 139.043158 2.000000
      vertex 72.900000 139.500000 2.000000
      vertex 72.900000 139.500000 7.200000
    endloop
  endfacet
  facet normal 0.997859 -0.065403 0.000000
    outer loop
      vertex 72.870057 139.043158 2.000000
      vertex 72.900000 139.500000 7.200000
      vertex 72.870057 139.043158 7.200000
    endloop
  endfacet
  facet normal -0.997859 0.065403 0.000000
    outer loop
      vertex 70.986312 139.291158 2.000000
      vertex 71.000000 139.500000 7.200000
      vertex 71.000000 139.500000 2.000000
    endloop
  endfacet
  facet normal -0.997859 0.065403 0.000000
    outer loop
      vertex 70.986312 139.291158 2.000000
      vertex 70.986312 139.291158 7.200000
      vertex 71.000000 139.500000 7.200000
    endloop
  endfacet
  facet normal 0.000000 -0.000000 1.000000
    outer loop
      vertex 72.870057 139.043158 7.200000
      vertex 72.900000 139.500000 7.200000
      vertex 71.000000 139.500000 7.200000
    endloop
  endfacet
  facet normal 0.000000 0.000000 1.000000
    outer loop
      vertex 72.870057 139.043158 7.200000
      vertex 71.000000 139.500000 7.200000
      vertex 70.986312 139.291158 7.200000
    endloop
  endfacet
  facet normal 0.000000 0.000000 -1.000000
    outer loop
      vertex 72.870057 139.043158 2.000000
      vertex 71.000000 139.500000 2.000000
      vertex 72.900000 139.500000 2.000000
    endloop
  endfacet
  facet normal 0.000000 0.000000 -1.000000
    outer loop
      vertex 72.870057 139.043158 2.000000
      vertex 70.986312 139.291158 2.000000
      vertex 71.000000 139.500000 2.000000
    endloop
  endfacet
endsolid 01_phone_back_sled
