solid 02_main_board_retainer
  facet normal 0.000000 0.000000 -1.000000
    outer loop
      vertex 2.600000 6.700000 0.000000
      vertex 74.200000 8.300000 0.000000
      vertex 74.200000 6.700000 0.000000
    endloop
  endfacet
  facet normal 0.000000 0.000000 -1.000000
    outer loop
      vertex 2.600000 6.700000 0.000000
      vertex 2.600000 8.300000 0.000000
      vertex 74.200000 8.300000 0.000000
    endloop
  endfacet
  facet normal 0.000000 0.000000 1.000000
    outer loop
      vertex 2.600000 6.700000 6.200000
      vertex 74.200000 6.700000 6.200000
      vertex 74.200000 8.300000 6.200000
    endloop
  endfacet
  facet normal 0.000000 0.000000 1.000000
    outer loop
      vertex 2.600000 6.700000 6.200000
      vertex 74.200000 8.300000 6.200000
      vertex 2.600000 8.300000 6.200000
    endloop
  endfacet
  facet normal 0.000000 -1.000000 0.000000
    outer loop
      vertex 2.600000 6.700000 0.000000
      vertex 74.200000 6.700000 0.000000
      vertex 74.200000 6.700000 6.200000
    endloop
  endfacet
  facet normal 0.000000 -1.000000 0.000000
    outer loop
      vertex 2.600000 6.700000 0.000000
      vertex 74.200000 6.700000 6.200000
      vertex 2.600000 6.700000 6.200000
    endloop
  endfacet
  facet normal 1.000000 0.000000 0.000000
    outer loop
      vertex 74.200000 6.700000 0.000000
      vertex 74.200000 8.300000 0.000000
      vertex 74.200000 8.300000 6.200000
    endloop
  endfacet
  facet normal 1.000000 0.000000 0.000000
    outer loop
      vertex 74.200000 6.700000 0.000000
      vertex 74.200000 8.300000 6.200000
      vertex 74.200000 6.700000 6.200000
    endloop
  endfacet
  facet normal 0.000000 1.000000 0.000000
    outer loop
      vertex 74.200000 8.300000 0.000000
      vertex 2.600000 8.300000 0.000000
      vertex 2.600000 8.300000 6.200000
    endloop
  endfacet
  facet normal 0.000000 1.000000 -0.000000
    outer loop
      vertex 74.200000 8.300000 0.000000
      vertex 2.600000 8.300000 6.200000
      vertex 74.200000 8.300000 6.200000
    endloop
  endfacet
  facet normal -1.000000 0.000000 0.000000
    outer loop
      vertex 2.600000 8.300000 0.000000
      vertex 2.600000 6.700000 0.000000
      vertex 2.600000 6.700000 6.200000
    endloop
  endfacet
  facet normal -1.000000 0.000000 0.000000
    outer loop
      vertex 2.600000 8.300000 0.000000
      vertex 2.600000 6.700000 6.200000
      vertex 2.600000 8.300000 6.200000
    endloop
  endfacet
  facet normal 0.000000 0.000000 -1.000000
    outer loop
      vertex 2.600000 142.700000 0.000000
      vertex 74.200000 144.300000 0.000000
      vertex 74.200000 142.700000 0.000000
    endloop
  endfacet
  facet normal 0.000000 0.000000 -1.000000
    outer loop
      vertex 2.600000 142.700000 0.000000
      vertex 2.600000 144.300000 0.000000
      vertex 74.200000 144.300000 0.000000
    endloop
  endfacet
  facet normal 0.000000 0.000000 1.000000
    outer loop
      vertex 2.600000 142.700000 6.200000
      vertex 74.200000 142.700000 6.200000
      vertex 74.200000 144.300000 6.200000
    endloop
  endfacet
  facet normal 0.000000 0.000000 1.000000
    outer loop
      vertex 2.600000 142.700000 6.200000
      vertex 74.200000 144.300000 6.200000
      vertex 2.600000 144.300000 6.200000
    endloop
  endfacet
  facet normal 0.000000 -1.000000 0.000000
    outer loop
      vertex 2.600000 142.700000 0.000000
      vertex 74.200000 142.700000 0.000000
      vertex 74.200000 142.700000 6.200000
    endloop
  endfacet
  facet normal 0.000000 -1.000000 0.000000
    outer loop
      vertex 2.600000 142.700000 0.000000
      vertex 74.200000 142.700000 6.200000
      vertex 2.600000 142.700000 6.200000
    endloop
  endfacet
  facet normal 1.000000 0.000000 0.000000
    outer loop
      vertex 74.200000 142.700000 0.000000
      vertex 74.200000 144.300000 0.000000
      vertex 74.200000 144.300000 6.200000
    endloop
  endfacet
  facet normal 1.000000 0.000000 0.000000
    outer loop
      vertex 74.200000 142.700000 0.000000
      vertex 74.200000 144.300000 6.200000
      vertex 74.200000 142.700000 6.200000
    endloop
  endfacet
  facet normal 0.000000 1.000000 0.000000
    outer loop
      vertex 74.200000 144.300000 0.000000
      vertex 2.600000 144.300000 0.000000
      vertex 2.600000 144.300000 6.200000
    endloop
  endfacet
  facet normal 0.000000 1.000000 -0.000000
    outer loop
      vertex 74.200000 144.300000 0.000000
      vertex 2.600000 144.300000 6.200000
      vertex 74.200000 144.300000 6.200000
    endloop
  endfacet
  facet normal -1.000000 0.000000 0.000000
    outer loop
      vertex 2.600000 144.300000 0.000000
      vertex 2.600000 142.700000 0.000000
      vertex 2.600000 142.700000 6.200000
    endloop
  endfacet
  facet normal -1.000000 0.000000 0.000000
    outer loop
      vertex 2.600000 144.300000 0.000000
      vertex 2.600000 142.700000 6.200000
      vertex 2.600000 144.300000 6.200000
    endloop
  endfacet
  facet normal 0.000000 0.000000 -1.000000
    outer loop
      vertex 2.600000 8.300000 0.000000
      vertex 4.200000 142.700000 0.000000
      vertex 4.200000 8.300000 0.000000
    endloop
  endfacet
  facet normal 0.000000 0.000000 -1.000000
    outer loop
      vertex 2.600000 8.300000 0.000000
      vertex 2.600000 142.700000 0.000000
      vertex 4.200000 142.700000 0.000000
    endloop
  endfacet
  facet normal 0.000000 0.000000 1.000000
    outer loop
      vertex 2.600000 8.300000 6.200000
      vertex 4.200000 8.300000 6.200000
      vertex 4.200000 142.700000 6.200000
    endloop
  endfacet
  facet normal 0.000000 0.000000 1.000000
    outer loop
      vertex 2.600000 8.300000 6.200000
      vertex 4.200000 142.700000 6.200000
      vertex 2.600000 142.700000 6.200000
    endloop
  endfacet
  facet normal 0.000000 -1.000000 0.000000
    outer loop
      vertex 2.600000 8.300000 0.000000
      vertex 4.200000 8.300000 0.000000
      vertex 4.200000 8.300000 6.200000
    endloop
  endfacet
  facet normal 0.000000 -1.000000 0.000000
    outer loop
      vertex 2.600000 8.300000 0.000000
      vertex 4.200000 8.300000 6.200000
      vertex 2.600000 8.300000 6.200000
    endloop
  endfacet
  facet normal 1.000000 0.000000 0.000000
    outer loop
      vertex 4.200000 8.300000 0.000000
      vertex 4.200000 142.700000 0.000000
      vertex 4.200000 142.700000 6.200000
    endloop
  endfacet
  facet normal 1.000000 0.000000 0.000000
    outer loop
      vertex 4.200000 8.300000 0.000000
      vertex 4.200000 142.700000 6.200000
      vertex 4.200000 8.300000 6.200000
    endloop
  endfacet
  facet normal 0.000000 1.000000 0.000000
    outer loop
      vertex 4.200000 142.700000 0.000000
      vertex 2.600000 142.700000 0.000000
      vertex 2.600000 142.700000 6.200000
    endloop
  endfacet
  facet normal 0.000000 1.000000 -0.000000
    outer loop
      vertex 4.200000 142.700000 0.000000
      vertex 2.600000 142.700000 6.200000
      vertex 4.200000 142.700000 6.200000
    endloop
  endfacet
  facet normal -1.000000 0.000000 0.000000
    outer loop
      vertex 2.600000 142.700000 0.000000
      vertex 2.600000 8.300000 0.000000
      vertex 2.600000 8.300000 6.200000
    endloop
  endfacet
  facet normal -1.000000 0.000000 0.000000
    outer loop
      vertex 2.600000 142.700000 0.000000
      vertex 2.600000 8.300000 6.200000
      vertex 2.600000 142.700000 6.200000
    endloop
  endfacet
  facet normal 0.000000 0.000000 -1.000000
    outer loop
      vertex 72.600000 8.300000 0.000000
      vertex 74.200000 142.700000 0.000000
      vertex 74.200000 8.300000 0.000000
    endloop
  endfacet
  facet normal 0.000000 0.000000 -1.000000
    outer loop
      vertex 72.600000 8.300000 0.000000
      vertex 72.600000 142.700000 0.000000
      vertex 74.200000 142.700000 0.000000
    endloop
  endfacet
  facet normal 0.000000 0.000000 1.000000
    outer loop
      vertex 72.600000 8.300000 6.200000
      vertex 74.200000 8.300000 6.200000
      vertex 74.200000 142.700000 6.200000
    endloop
  endfacet
  facet normal 0.000000 0.000000 1.000000
    outer loop
      vertex 72.600000 8.300000 6.200000
      vertex 74.200000 142.700000 6.200000
      vertex 72.600000 142.700000 6.200000
    endloop
  endfacet
  facet normal 0.000000 -1.000000 0.000000
    outer loop
      vertex 72.600000 8.300000 0.000000
      vertex 74.200000 8.300000 0.000000
      vertex 74.200000 8.300000 6.200000
    endloop
  endfacet
  facet normal 0.000000 -1.000000 0.000000
    outer loop
      vertex 72.600000 8.300000 0.000000
      vertex 74.200000 8.300000 6.200000
      vertex 72.600000 8.300000 6.200000
    endloop
  endfacet
  facet normal 1.000000 0.000000 0.000000
    outer loop
      vertex 74.200000 8.300000 0.000000
      vertex 74.200000 142.700000 0.000000
      vertex 74.200000 142.700000 6.200000
    endloop
  endfacet
  facet normal 1.000000 0.000000 0.000000
    outer loop
      vertex 74.200000 8.300000 0.000000
      vertex 74.200000 142.700000 6.200000
      vertex 74.200000 8.300000 6.200000
    endloop
  endfacet
  facet normal 0.000000 1.000000 0.000000
    outer loop
      vertex 74.200000 142.700000 0.000000
      vertex 72.600000 142.700000 0.000000
      vertex 72.600000 142.700000 6.200000
    endloop
  endfacet
  facet normal 0.000000 1.000000 -0.000000
    outer loop
      vertex 74.200000 142.700000 0.000000
      vertex 72.600000 142.700000 6.200000
      vertex 74.200000 142.700000 6.200000
    endloop
  endfacet
  facet normal -1.000000 0.000000 0.000000
    outer loop
      vertex 72.600000 142.700000 0.000000
      vertex 72.600000 8.300000 0.000000
      vertex 72.600000 8.300000 6.200000
    endloop
  endfacet
  facet normal -1.000000 0.000000 0.000000
    outer loop
      vertex 72.600000 142.700000 0.000000
      vertex 72.600000 8.300000 6.200000
      vertex 72.600000 142.700000 6.200000
    endloop
  endfacet
  facet normal 0.000000 0.000000 -1.000000
    outer loop
      vertex 37.500000 3.000000 0.000000
      vertex 61.500000 4.600000 0.000000
      vertex 61.500000 3.000000 0.000000
    endloop
  endfacet
  facet normal 0.000000 0.000000 -1.000000
    outer loop
      vertex 37.500000 3.000000 0.000000
      vertex 37.500000 4.600000 0.000000
      vertex 61.500000 4.600000 0.000000
    endloop
  endfacet
  facet normal 0.000000 0.000000 1.000000
    outer loop
      vertex 37.500000 3.000000 4.000000
      vertex 61.500000 3.000000 4.000000
      vertex 61.500000 4.600000 4.000000
    endloop
  endfacet
  facet normal 0.000000 0.000000 1.000000
    outer loop
      vertex 37.500000 3.000000 4.000000
      vertex 61.500000 4.600000 4.000000
      vertex 37.500000 4.600000 4.000000
    endloop
  endfacet
  facet normal 0.000000 -1.000000 0.000000
    outer loop
      vertex 37.500000 3.000000 0.000000
      vertex 61.500000 3.000000 0.000000
      vertex 61.500000 3.000000 4.000000
    endloop
  endfacet
  facet normal 0.000000 -1.000000 0.000000
    outer loop
      vertex 37.500000 3.000000 0.000000
      vertex 61.500000 3.000000 4.000000
      vertex 37.500000 3.000000 4.000000
    endloop
  endfacet
  facet normal 1.000000 0.000000 0.000000
    outer loop
      vertex 61.500000 3.000000 0.000000
      vertex 61.500000 4.600000 0.000000
      vertex 61.500000 4.600000 4.000000
    endloop
  endfacet
  facet normal 1.000000 0.000000 0.000000
    outer loop
      vertex 61.500000 3.000000 0.000000
      vertex 61.500000 4.600000 4.000000
      vertex 61.500000 3.000000 4.000000
    endloop
  endfacet
  facet normal 0.000000 1.000000 0.000000
    outer loop
      vertex 61.500000 4.600000 0.000000
      vertex 37.500000 4.600000 0.000000
      vertex 37.500000 4.600000 4.000000
    endloop
  endfacet
  facet normal 0.000000 1.000000 -0.000000
    outer loop
      vertex 61.500000 4.600000 0.000000
      vertex 37.500000 4.600000 4.000000
      vertex 61.500000 4.600000 4.000000
    endloop
  endfacet
  facet normal -1.000000 0.000000 0.000000
    outer loop
      vertex 37.500000 4.600000 0.000000
      vertex 37.500000 3.000000 0.000000
      vertex 37.500000 3.000000 4.000000
    endloop
  endfacet
  facet normal -1.000000 0.000000 0.000000
    outer loop
      vertex 37.500000 4.600000 0.000000
      vertex 37.500000 3.000000 4.000000
      vertex 37.500000 4.600000 4.000000
    endloop
  endfacet
  facet normal 0.997859 0.065403 0.000000
    outer loop
      vertex 11.900000 115.500000 0.000000
      vertex 11.870057 115.956842 0.000000
      vertex 11.870057 115.956842 8.000000
    endloop
  endfacet
  facet normal 0.997859 0.065403 -0.000000
    outer loop
      vertex 11.900000 115.500000 0.000000
      vertex 11.870057 115.956842 8.000000
      vertex 11.900000 115.500000 8.000000
    endloop
  endfacet
  facet normal -0.997859 -0.065403 0.000000
    outer loop
      vertex 10.000000 115.500000 0.000000
      vertex 9.986312 115.708842 8.000000
      vertex 9.986312 115.708842 0.000000
    endloop
  endfacet
  facet normal -0.997859 -0.065403 0.000000
    outer loop
      vertex 10.000000 115.500000 0.000000
      vertex 10.000000 115.500000 8.000000
      vertex 9.986312 115.708842 8.000000
    endloop
  endfacet
  facet normal 0.000000 0.000000 1.000000
    outer loop
      vertex 11.900000 115.500000 8.000000
      vertex 11.870057 115.956842 8.000000
      vertex 9.986312 115.708842 8.000000
    endloop
  endfacet
  facet normal 0.000000 0.000000 1.000000
    outer loop
      vertex 11.900000 115.500000 8.000000
      vertex 9.986312 115.708842 8.000000
      vertex 10.000000 115.500000 8.000000
    endloop
  endfacet
  facet normal 0.000000 0.000000 -1.000000
    outer loop
      vertex 11.900000 115.500000 0.000000
      vertex 9.986312 115.708842 0.000000
      vertex 11.870057 115.956842 0.000000
    endloop
  endfacet
  facet normal 0.000000 0.000000 -1.000000
    outer loop
      vertex 11.900000 115.500000 0.000000
      vertex 10.000000 115.500000 0.000000
      vertex 9.986312 115.708842 0.000000
    endloop
  endfacet
  facet normal 0.980785 0.195090 0.000000
    outer loop
      vertex 11.870057 115.956842 0.000000
      vertex 11.780740 116.405867 0.000000
      vertex 11.780740 116.405867 8.000000
    endloop
  endfacet
  facet normal 0.980785 0.195090 -0.000000
    outer loop
      vertex 11.870057 115.956842 0.000000
      vertex 11.780740 116.405867 8.000000
      vertex 11.870057 115.956842 8.000000
    endloop
  endfacet
  facet normal -0.980785 -0.195090 0.000000
    outer loop
      vertex 9.986312 115.708842 0.000000
      vertex 9.945481 115.914110 8.000000
      vertex 9.945481 115.914110 0.000000
    endloop
  endfacet
  facet normal -0.980785 -0.195090 0.000000
    outer loop
      vertex 9.986312 115.708842 0.000000
      vertex 9.986312 115.708842 8.000000
      vertex 9.945481 115.914110 8.000000
    endloop
  endfacet
  facet normal 0.000000 0.000000 1.000000
    outer loop
      vertex 11.870057 115.956842 8.000000
      vertex 11.780740 116.405867 8.000000
      vertex 9.945481 115.914110 8.000000
    endloop
  endfacet
  facet normal 0.000000 0.000000 1.000000
    outer loop
      vertex 11.870057 115.956842 8.000000
      vertex 9.945481 115.914110 8.000000
      vertex 9.986312 115.708842 8.000000
    endloop
  endfacet
  facet normal -0.000000 0.000000 -1.000000
    outer loop
      vertex 11.870057 115.956842 0.000000
      vertex 9.945481 115.914110 0.000000
      vertex 11.780740 116.405867 0.000000
    endloop
  endfacet
  facet normal 0.000000 0.000000 -1.000000
    outer loop
      vertex 11.870057 115.956842 0.000000
      vertex 9.986312 115.708842 0.000000
      vertex 9.945481 115.914110 0.000000
    endloop
  endfacet
  facet normal 0.946930 0.321439 0.000000
    outer loop
      vertex 11.780740 116.405867 0.000000
      vertex 11.633578 116.839392 0.000000
      vertex 11.633578 116.839392 8.000000
    endloop
  endfacet
  facet normal 0.946930 0.321439 -0.000000
    outer loop
      vertex 11.780740 116.405867 0.000000
      vertex 11.633578 116.839392 8.000000
      vertex 11.780740 116.405867 8.000000
    endloop
  endfacet
  facet normal -0.946930 -0.321439 0.000000
    outer loop
      vertex 9.945481 115.914110 0.000000
      vertex 9.878207 116.112293 8.000000
      vertex 9.878207 116.112293 0.000000
    endloop
  endfacet
  facet normal -0.946930 -0.321439 0.000000
    outer loop
      vertex 9.945481 115.914110 0.000000
      vertex 9.945481 115.914110 8.000000
      vertex 9.878207 116.112293 8.000000
    endloop
  endfacet
  facet normal 0.000000 0.000000 1.000000
    outer loop
      vertex 11.780740 116.405867 8.000000
      vertex 11.633578 116.839392 8.000000
      vertex 9.878207 116.112293 8.000000
    endloop
  endfacet
  facet normal 0.000000 0.000000 1.000000
    outer loop
      vertex 11.780740 116.405867 8.000000
      vertex 9.878207 116.112293 8.000000
      vertex 9.945481 115.914110 8.000000
    endloop
  endfacet
  facet normal -0.000000 0.000000 -1.000000
    outer loop
      vertex 11.780740 116.405867 0.000000
      vertex 9.878207 116.112293 0.000000
      vertex 11.633578 116.839392 0.000000
    endloop
  endfacet
  facet normal 0.000000 0.000000 -1.000000
    outer loop
      vertex 11.780740 116.405867 0.000000
      vertex 9.945481 115.914110 0.000000
      vertex 9.878207 116.112293 0.000000
    endloop
  endfacet
  facet normal 0.896873 0.442289 0.000000
    outer loop
      vertex 11.633578 116.839392 0.000000
      vertex 11.431089 117.250000 0.000000
      vertex 11.431089 117.250000 8.000000
    endloop
  endfacet
  facet normal 0.896873 0.442289 -0.000000
    outer loop
      vertex 11.633578 116.839392 0.000000
      vertex 11.431089 117.250000 8.000000
      vertex 11.633578 116.839392 8.000000
    endloop
  endfacet
  facet normal -0.896873 -0.442289 0.000000
    outer loop
      vertex 9.878207 116.112293 0.000000
      vertex 9.785641 116.300000 8.000000
      vertex 9.785641 116.300000 0.000000
    endloop
  endfacet
  facet normal -0.896873 -0.442289 0.000000
    outer loop
      vertex 9.878207 116.112293 0.000000
      vertex 9.878207 116.112293 8.000000
      vertex 9.785641 116.300000 8.000000
    endloop
  endfacet
  facet normal 0.000000 0.000000 1.000000
    outer loop
      vertex 11.633578 116.839392 8.000000
      vertex 11.431089 117.250000 8.000000
      vertex 9.785641 116.300000 8.000000
    endloop
  endfacet
  facet normal 0.000000 0.000000 1.000000
    outer loop
      vertex 11.633578 116.839392 8.000000
      vertex 9.785641 116.300000 8.000000
      vertex 9.878207 116.112293 8.000000
    endloop
  endfacet
  facet normal -0.000000 0.000000 -1.000000
    outer loop
      vertex 11.633578 116.839392 0.000000
      vertex 9.785641 116.300000 0.000000
      vertex 11.431089 117.250000 0.000000
    endloop
  endfacet
  facet normal 0.000000 0.000000 -1.000000
    outer loop
      vertex 11.633578 116.839392 0.000000
      vertex 9.878207 116.112293 0.000000
      vertex 9.785641 116.300000 0.000000
    endloop
  endfacet
  facet normal 0.831470 0.555570 0.000000
    outer loop
      vertex 11.431089 117.250000 0.000000
      vertex 11.176737 117.630665 0.000000
      vertex 11.176737 117.630665 8.000000
    endloop
  endfacet
  facet normal 0.831470 0.555570 -0.000000
    outer loop
      vertex 11.431089 117.250000 0.000000
      vertex 11.176737 117.630665 8.000000
      vertex 11.431089 117.250000 8.000000
    endloop
  endfacet
  facet normal -0.831470 -0.555570 0.000000
    outer loop
      vertex 9.785641 116.300000 0.000000
      vertex 9.669365 116.474018 8.000000
      vertex 9.669365 116.474018 0.000000
    endloop
  endfacet
  facet normal -0.831470 -0.555570 0.000000
    outer loop
      vertex 9.785641 116.300000 0.000000
      vertex 9.785641 116.300000 8.000000
      vertex 9.669365 116.474018 8.000000
    endloop
  endfacet
  facet normal 0.000000 0.000000 1.000000
    outer loop
      vertex 11.431089 117.250000 8.000000
      vertex 11.176737 117.630665 8.000000
      vertex 9.669365 116.474018 8.000000
    endloop
  endfacet
  facet normal 0.000000 0.000000 1.000000
    outer loop
      vertex 11.431089 117.250000 8.000000
      vertex 9.669365 116.474018 8.000000
      vertex 9.785641 116.300000 8.000000
    endloop
  endfacet
  facet normal -0.000000 0.000000 -1.000000
    outer loop
      vertex 11.431089 117.250000 0.000000
      vertex 9.669365 116.474018 0.000000
      vertex 11.176737 117.630665 0.000000
    endloop
  endfacet
  facet normal 0.000000 0.000000 -1.000000
    outer loop
      vertex 11.431089 117.250000 0.000000
      vertex 9.785641 116.300000 0.000000
      vertex 9.669365 116.474018 0.000000
    endloop
  endfacet
  facet normal 0.751840 0.659346 0.000000
    outer loop
      vertex 11.176737 117.630665 0.000000
      vertex 10.874874 117.974874 0.000000
      vertex 10.874874 117.974874 8.000000
    endloop
  endfacet
  facet normal 0.751840 0.659346 -0.000000
    outer loop
      vertex 11.176737 117.630665 0.000000
      vertex 10.874874 117.974874 8.000000
      vertex 11.176737 117.630665 8.000000
    endloop
  endfacet
  facet normal -0.751840 -0.659346 0.000000
    outer loop
      vertex 9.669365 116.474018 0.000000
      vertex 9.531371 116.631371 8.000000
      vertex 9.531371 116.631371 0.000000
    endloop
  endfacet
  facet normal -0.751840 -0.659346 0.000000
    outer loop
      vertex 9.669365 116.474018 0.000000
      vertex 9.669365 116.474018 8.000000
      vertex 9.531371 116.631371 8.000000
    endloop
  endfacet
  facet normal 0.000000 0.000000 1.000000
    outer loop
      vertex 11.176737 117.630665 8.000000
      vertex 10.874874 117.974874 8.000000
      vertex 9.531371 116.631371 8.000000
    endloop
  endfacet
  facet normal 0.000000 0.000000 1.000000
    outer loop
      vertex 11.176737 117.630665 8.000000
      vertex 9.531371 116.631371 8.000000
      vertex 9.669365 116.474018 8.000000
    endloop
  endfacet
  facet normal -0.000000 0.000000 -1.000000
    outer loop
      vertex 11.176737 117.630665 0.000000
      vertex 9.531371 116.631371 0.000000
      vertex 10.874874 117.974874 0.000000
    endloop
  endfacet
  facet normal 0.000000 0.000000 -1.000000
    outer loop
      vertex 11.176737 117.630665 0.000000
      vertex 9.669365 116.474018 0.000000
      vertex 9.531371 116.631371 0.000000
    endloop
  endfacet
  facet normal 0.659346 0.751840 0.000000
    outer loop
      vertex 10.874874 117.974874 0.000000
      vertex 10.530665 118.276737 0.000000
      vertex 10.530665 118.276737 8.000000
    endloop
  endfacet
  facet normal 0.659346 0.751840 -0.000000
    outer loop
      vertex 10.874874 117.974874 0.000000
      vertex 10.530665 118.276737 8.000000
      vertex 10.874874 117.974874 8.000000
    endloop
  endfacet
  facet normal -0.659346 -0.751840 0.000000
    outer loop
      vertex 9.531371 116.631371 0.000000
      vertex 9.374018 116.769365 8.000000
      vertex 9.374018 116.769365 0.000000
    endloop
  endfacet
  facet normal -0.659346 -0.751840 0.000000
    outer loop
      vertex 9.531371 116.631371 0.000000
      vertex 9.531371 116.631371 8.000000
      vertex 9.374018 116.769365 8.000000
    endloop
  endfacet
  facet normal 0.000000 0.000000 1.000000
    outer loop
      vertex 10.874874 117.974874 8.000000
      vertex 10.530665 118.276737 8.000000
      vertex 9.374018 116.769365 8.000000
    endloop
  endfacet
  facet normal 0.000000 0.000000 1.000000
    outer loop
      vertex 10.874874 117.974874 8.000000
      vertex 9.374018 116.769365 8.000000
      vertex 9.531371 116.631371 8.000000
    endloop
  endfacet
  facet normal -0.000000 0.000000 -1.000000
    outer loop
      vertex 10.874874 117.974874 0.000000
      vertex 9.374018 116.769365 0.000000
      vertex 10.530665 118.276737 0.000000
    endloop
  endfacet
  facet normal 0.000000 0.000000 -1.000000
    outer loop
      vertex 10.874874 117.974874 0.000000
      vertex 9.531371 116.631371 0.000000
      vertex 9.374018 116.769365 0.000000
    endloop
  endfacet
  facet normal 0.555570 0.831470 0.000000
    outer loop
      vertex 10.530665 118.276737 0.000000
      vertex 10.150000 118.531089 0.000000
      vertex 10.150000 118.531089 8.000000
    endloop
  endfacet
  facet normal 0.555570 0.831470 -0.000000
    outer loop
      vertex 10.530665 118.276737 0.000000
      vertex 10.150000 118.531089 8.000000
      vertex 10.530665 118.276737 8.000000
    endloop
  endfacet
  facet normal -0.555570 -0.831470 0.000000
    outer loop
      vertex 9.374018 116.769365 0.000000
      vertex 9.200000 116.885641 8.000000
      vertex 9.200000 116.885641 0.000000
    endloop
  endfacet
  facet normal -0.555570 -0.831470 0.000000
    outer loop
      vertex 9.374018 116.769365 0.000000
      vertex 9.374018 116.769365 8.000000
      vertex 9.200000 116.885641 8.000000
    endloop
  endfacet
  facet normal 0.000000 0.000000 1.000000
    outer loop
      vertex 10.530665 118.276737 8.000000
      vertex 10.150000 118.531089 8.000000
      vertex 9.200000 116.885641 8.000000
    endloop
  endfacet
  facet normal 0.000000 0.000000 1.000000
    outer loop
      vertex 10.530665 118.276737 8.000000
      vertex 9.200000 116.885641 8.000000
      vertex 9.374018 116.769365 8.000000
    endloop
  endfacet
  facet normal -0.000000 0.000000 -1.000000
    outer loop
      vertex 10.530665 118.276737 0.000000
      vertex 9.200000 116.885641 0.000000
      vertex 10.150000 118.531089 0.000000
    endloop
  endfacet
  facet normal 0.000000 0.000000 -1.000000
    outer loop
      vertex 10.530665 118.276737 0.000000
      vertex 9.374018 116.769365 0.000000
      vertex 9.200000 116.885641 0.000000
    endloop
  endfacet
  facet normal 0.442289 0.896873 0.000000
    outer loop
      vertex 10.150000 118.531089 0.000000
      vertex 9.739392 118.733578 0.000000
      vertex 9.739392 118.733578 8.000000
    endloop
  endfacet
  facet normal 0.442289 0.896873 -0.000000
    outer loop
      vertex 10.150000 118.531089 0.000000
      vertex 9.739392 118.733578 8.000000
      vertex 10.150000 118.531089 8.000000
    endloop
  endfacet
  facet normal -0.442289 -0.896873 0.000000
    outer loop
      vertex 9.200000 116.885641 0.000000
      vertex 9.012293 116.978207 8.000000
      vertex 9.012293 116.978207 0.000000
    endloop
  endfacet
  facet normal -0.442289 -0.896873 0.000000
    outer loop
      vertex 9.200000 116.885641 0.000000
      vertex 9.200000 116.885641 8.000000
      vertex 9.012293 116.978207 8.000000
    endloop
  endfacet
  facet normal 0.000000 0.000000 1.000000
    outer loop
      vertex 10.150000 118.531089 8.000000
      vertex 9.739392 118.733578 8.000000
      vertex 9.012293 116.978207 8.000000
    endloop
  endfacet
  facet normal 0.000000 0.000000 1.000000
    outer loop
      vertex 10.150000 118.531089 8.000000
      vertex 9.012293 116.978207 8.000000
      vertex 9.200000 116.885641 8.000000
    endloop
  endfacet
  facet normal -0.000000 0.000000 -1.000000
    outer loop
      vertex 10.150000 118.531089 0.000000
      vertex 9.012293 116.978207 0.000000
      vertex 9.739392 118.733578 0.000000
    endloop
  endfacet
  facet normal 0.000000 0.000000 -1.000000
    outer loop
      vertex 10.150000 118.531089 0.000000
      vertex 9.200000 116.885641 0.000000
      vertex 9.012293 116.978207 0.000000
    endloop
  endfacet
  facet normal 0.321439 0.946930 0.000000
    outer loop
      vertex 9.739392 118.733578 0.000000
      vertex 9.305867 118.880740 0.000000
      vertex 9.305867 118.880740 8.000000
    endloop
  endfacet
  facet normal 0.321439 0.946930 -0.000000
    outer loop
      vertex 9.739392 118.733578 0.000000
      vertex 9.305867 118.880740 8.000000
      vertex 9.739392 118.733578 8.000000
    endloop
  endfacet
  facet normal -0.321439 -0.946930 0.000000
    outer loop
      vertex 9.012293 116.978207 0.000000
      vertex 8.814110 117.045481 8.000000
      vertex 8.814110 117.045481 0.000000
    endloop
  endfacet
  facet normal -0.321439 -0.946930 0.000000
    outer loop
      vertex 9.012293 116.978207 0.000000
      vertex 9.012293 116.978207 8.000000
      vertex 8.814110 117.045481 8.000000
    endloop
  endfacet
  facet normal 0.000000 0.000000 1.000000
    outer loop
      vertex 9.739392 118.733578 8.000000
      vertex 9.305867 118.880740 8.000000
      vertex 8.814110 117.045481 8.000000
    endloop
  endfacet
  facet normal 0.000000 0.000000 1.000000
    outer loop
      vertex 9.739392 118.733578 8.000000
      vertex 8.814110 117.045481 8.000000
      vertex 9.012293 116.978207 8.000000
    endloop
  endfacet
  facet normal -0.000000 0.000000 -1.000000
    outer loop
      vertex 9.739392 118.733578 0.000000
      vertex 8.814110 117.045481 0.000000
      vertex 9.305867 118.880740 0.000000
    endloop
  endfacet
  facet normal 0.000000 0.000000 -1.000000
    outer loop
      vertex 9.739392 118.733578 0.000000
      vertex 9.012293 116.978207 0.000000
      vertex 8.814110 117.045481 0.000000
    endloop
  endfacet
  facet normal 0.195090 0.980785 0.000000
    outer loop
      vertex 9.305867 118.880740 0.000000
      vertex 8.856842 118.970057 0.000000
      vertex 8.856842 118.970057 8.000000
    endloop
  endfacet
  facet normal 0.195090 0.980785 -0.000000
    outer loop
      vertex 9.305867 118.880740 0.000000
      vertex 8.856842 118.970057 8.000000
      vertex 9.305867 118.880740 8.000000
    endloop
  endfacet
  facet normal -0.195090 -0.980785 0.000000
    outer loop
      vertex 8.814110 117.045481 0.000000
      vertex 8.608842 117.086312 8.000000
      vertex 8.608842 117.086312 0.000000
    endloop
  endfacet
  facet normal -0.195090 -0.980785 0.000000
    outer loop
      vertex 8.814110 117.045481 0.000000
      vertex 8.814110 117.045481 8.000000
      vertex 8.608842 117.086312 8.000000
    endloop
  endfacet
  facet normal 0.000000 0.000000 1.000000
    outer loop
      vertex 9.305867 118.880740 8.000000
      vertex 8.856842 118.970057 8.000000
      vertex 8.608842 117.086312 8.000000
    endloop
  endfacet
  facet normal 0.000000 0.000000 1.000000
    outer loop
      vertex 9.305867 118.880740 8.000000
      vertex 8.608842 117.086312 8.000000
      vertex 8.814110 117.045481 8.000000
    endloop
  endfacet
  facet normal -0.000000 0.000000 -1.000000
    outer loop
      vertex 9.305867 118.880740 0.000000
      vertex 8.608842 117.086312 0.000000
      vertex 8.856842 118.970057 0.000000
    endloop
  endfacet
  facet normal 0.000000 0.000000 -1.000000
    outer loop
      vertex 9.305867 118.880740 0.000000
      vertex 8.814110 117.045481 0.000000
      vertex 8.608842 117.086312 0.000000
    endloop
  endfacet
  facet normal 0.065403 0.997859 0.000000
    outer loop
      vertex 8.856842 118.970057 0.000000
      vertex 8.400000 119.000000 0.000000
      vertex 8.400000 119.000000 8.000000
    endloop
  endfacet
  facet normal 0.065403 0.997859 -0.000000
    outer loop
      vertex 8.856842 118.970057 0.000000
      vertex 8.400000 119.000000 8.000000
      vertex 8.856842 118.970057 8.000000
    endloop
  endfacet
  facet normal -0.065403 -0.997859 0.000000
    outer loop
      vertex 8.608842 117.086312 0.000000
      vertex 8.400000 117.100000 8.000000
      vertex 8.400000 117.100000 0.000000
    endloop
  endfacet
  facet normal -0.065403 -0.997859 0.000000
    outer loop
      vertex 8.608842 117.086312 0.000000
      vertex 8.608842 117.086312 8.000000
      vertex 8.400000 117.100000 8.000000
    endloop
  endfacet
  facet normal 0.000000 0.000000 1.000000
    outer loop
      vertex 8.856842 118.970057 8.000000
      vertex 8.400000 119.000000 8.000000
      vertex 8.400000 117.100000 8.000000
    endloop
  endfacet
  facet normal 0.000000 0.000000 1.000000
    outer loop
      vertex 8.856842 118.970057 8.000000
      vertex 8.400000 117.100000 8.000000
      vertex 8.608842 117.086312 8.000000
    endloop
  endfacet
  facet normal -0.000000 0.000000 -1.000000
    outer loop
      vertex 8.856842 118.970057 0.000000
      vertex 8.400000 117.100000 0.000000
      vertex 8.400000 119.000000 0.000000
    endloop
  endfacet
  facet normal 0.000000 0.000000 -1.000000
    outer loop
      vertex 8.856842 118.970057 0.000000
      vertex 8.608842 117.086312 0.000000
      vertex 8.400000 117.100000 0.000000
    endloop
  endfacet
  facet normal -0.065403 0.997859 0.000000
    outer loop
      vertex 8.400000 119.000000 0.000000
      vertex 7.943158 118.970057 0.000000
      vertex 7.943158 118.970057 8.000000
    endloop
  endfacet
  facet normal -0.065403 0.997859 0.000000
    outer loop
      vertex 8.400000 119.000000 0.000000
      vertex 7.943158 118.970057 8.000000
      vertex 8.400000 119.000000 8.000000
    endloop
  endfacet
  facet normal 0.065403 -0.997859 0.000000
    outer loop
      vertex 8.400000 117.100000 0.000000
      vertex 8.191158 117.086312 8.000000
      vertex 8.191158 117.086312 0.000000
    endloop
  endfacet
  facet normal 0.065403 -0.997859 0.000000
    outer loop
      vertex 8.400000 117.100000 0.000000
      vertex 8.400000 117.100000 8.000000
      vertex 8.191158 117.086312 8.000000
    endloop
  endfacet
  facet normal 0.000000 0.000000 1.000000
    outer loop
      vertex 8.400000 119.000000 8.000000
      vertex 7.943158 118.970057 8.000000
      vertex 8.191158 117.086312 8.000000
    endloop
  endfacet
  facet normal 0.000000 0.000000 1.000000
    outer loop
      vertex 8.400000 119.000000 8.000000
      vertex 8.191158 117.086312 8.000000
      vertex 8.400000 117.100000 8.000000
    endloop
  endfacet
  facet normal 0.000000 0.000000 -1.000000
    outer loop
      vertex 8.400000 119.000000 0.000000
      vertex 8.191158 117.086312 0.000000
      vertex 7.943158 118.970057 0.000000
    endloop
  endfacet
  facet normal 0.000000 -0.000000 -1.000000
    outer loop
      vertex 8.400000 119.000000 0.000000
      vertex 8.400000 117.100000 0.000000
      vertex 8.191158 117.086312 0.000000
    endloop
  endfacet
  facet normal -0.195090 0.980785 0.000000
    outer loop
      vertex 7.943158 118.970057 0.000000
      vertex 7.494133 118.880740 0.000000
      vertex 7.494133 118.880740 8.000000
    endloop
  endfacet
  facet normal -0.195090 0.980785 0.000000
    outer loop
      vertex 7.943158 118.970057 0.000000
      vertex 7.494133 118.880740 8.000000
      vertex 7.943158 118.970057 8.000000
    endloop
  endfacet
  facet normal 0.195090 -0.980785 0.000000
    outer loop
      vertex 8.191158 117.086312 0.000000
      vertex 7.985890 117.045481 8.000000
      vertex 7.985890 117.045481 0.000000
    endloop
  endfacet
  facet normal 0.195090 -0.980785 0.000000
    outer loop
      vertex 8.191158 117.086312 0.000000
      vertex 8.191158 117.086312 8.000000
      vertex 7.985890 117.045481 8.000000
    endloop
  endfacet
  facet normal 0.000000 0.000000 1.000000
    outer loop
      vertex 7.943158 118.970057 8.000000
      vertex 7.494133 118.880740 8.000000
      vertex 7.985890 117.045481 8.000000
    endloop
  endfacet
  facet normal 0.000000 0.000000 1.000000
    outer loop
      vertex 7.943158 118.970057 8.000000
      vertex 7.985890 117.045481 8.000000
      vertex 8.191158 117.086312 8.000000
    endloop
  endfacet
  facet normal 0.000000 -0.000000 -1.000000
    outer loop
      vertex 7.943158 118.970057 0.000000
      vertex 7.985890 117.045481 0.000000
      vertex 7.494133 118.880740 0.000000
    endloop
  endfacet
  facet normal 0.000000 0.000000 -1.000000
    outer loop
      vertex 7.943158 118.970057 0.000000
      vertex 8.191158 117.086312 0.000000
      vertex 7.985890 117.045481 0.000000
    endloop
  endfacet
  facet normal -0.321439 0.946930 0.000000
    outer loop
      vertex 7.494133 118.880740 0.000000
      vertex 7.060608 118.733578 0.000000
      vertex 7.060608 118.733578 8.000000
    endloop
  endfacet
  facet normal -0.321439 0.946930 0.000000
    outer loop
      vertex 7.494133 118.880740 0.000000
      vertex 7.060608 118.733578 8.000000
      vertex 7.494133 118.880740 8.000000
    endloop
  endfacet
  facet normal 0.321439 -0.946930 0.000000
    outer loop
      vertex 7.985890 117.045481 0.000000
      vertex 7.787707 116.978207 8.000000
      vertex 7.787707 116.978207 0.000000
    endloop
  endfacet
  facet normal 0.321439 -0.946930 0.000000
    outer loop
      vertex 7.985890 117.045481 0.000000
      vertex 7.985890 117.045481 8.000000
      vertex 7.787707 116.978207 8.000000
    endloop
  endfacet
  facet normal 0.000000 0.000000 1.000000
    outer loop
      vertex 7.494133 118.880740 8.000000
      vertex 7.060608 118.733578 8.000000
      vertex 7.787707 116.978207 8.000000
    endloop
  endfacet
  facet normal 0.000000 0.000000 1.000000
    outer loop
      vertex 7.494133 118.880740 8.000000
      vertex 7.787707 116.978207 8.000000
      vertex 7.985890 117.045481 8.000000
    endloop
  endfacet
  facet normal 0.000000 -0.000000 -1.000000
    outer loop
      vertex 7.494133 118.880740 0.000000
      vertex 7.787707 116.978207 0.000000
      vertex 7.060608 118.733578 0.000000
    endloop
  endfacet
  facet normal 0.000000 0.000000 -1.000000
    outer loop
      vertex 7.494133 118.880740 0.000000
      vertex 7.985890 117.045481 0.000000
      vertex 7.787707 116.978207 0.000000
    endloop
  endfacet
  facet normal -0.442289 0.896873 0.000000
    outer loop
      vertex 7.060608 118.733578 0.000000
      vertex 6.650000 118.531089 0.000000
      vertex 6.650000 118.531089 8.000000
    endloop
  endfacet
  facet normal -0.442289 0.896873 0.000000
    outer loop
      vertex 7.060608 118.733578 0.000000
      vertex 6.650000 118.531089 8.000000
      vertex 7.060608 118.733578 8.000000
    endloop
  endfacet
  facet normal 0.442289 -0.896873 0.000000
    outer loop
      vertex 7.787707 116.978207 0.000000
      vertex 7.600000 116.885641 8.000000
      vertex 7.600000 116.885641 0.000000
    endloop
  endfacet
  facet normal 0.442289 -0.896873 0.000000
    outer loop
      vertex 7.787707 116.978207 0.000000
      vertex 7.787707 116.978207 8.000000
      vertex 7.600000 116.885641 8.000000
    endloop
  endfacet
  facet normal 0.000000 0.000000 1.000000
    outer loop
      vertex 7.060608 118.733578 8.000000
      vertex 6.650000 118.531089 8.000000
      vertex 7.600000 116.885641 8.000000
    endloop
  endfacet
  facet normal 0.000000 0.000000 1.000000
    outer loop
      vertex 7.060608 118.733578 8.000000
      vertex 7.600000 116.885641 8.000000
      vertex 7.787707 116.978207 8.000000
    endloop
  endfacet
  facet normal 0.000000 -0.000000 -1.000000
    outer loop
      vertex 7.060608 118.733578 0.000000
      vertex 7.600000 116.885641 0.000000
      vertex 6.650000 118.531089 0.000000
    endloop
  endfacet
  facet normal 0.000000 0.000000 -1.000000
    outer loop
      vertex 7.060608 118.733578 0.000000
      vertex 7.787707 116.978207 0.000000
      vertex 7.600000 116.885641 0.000000
    endloop
  endfacet
  facet normal -0.555570 0.831470 0.000000
    outer loop
      vertex 6.650000 118.531089 0.000000
      vertex 6.269335 118.276737 0.000000
      vertex 6.269335 118.276737 8.000000
    endloop
  endfacet
  facet normal -0.555570 0.831470 0.000000
    outer loop
      vertex 6.650000 118.531089 0.000000
      vertex 6.269335 118.276737 8.000000
      vertex 6.650000 118.531089 8.000000
    endloop
  endfacet
  facet normal 0.555570 -0.831470 0.000000
    outer loop
      vertex 7.600000 116.885641 0.000000
      vertex 7.425982 116.769365 8.000000
      vertex 7.425982 116.769365 0.000000
    endloop
  endfacet
  facet normal 0.555570 -0.831470 0.000000
    outer loop
      vertex 7.600000 116.885641 0.000000
      vertex 7.600000 116.885641 8.000000
      vertex 7.425982 116.769365 8.000000
    endloop
  endfacet
  facet normal 0.000000 0.000000 1.000000
    outer loop
      vertex 6.650000 118.531089 8.000000
      vertex 6.269335 118.276737 8.000000
      vertex 7.425982 116.769365 8.000000
    endloop
  endfacet
  facet normal 0.000000 0.000000 1.000000
    outer loop
      vertex 6.650000 118.531089 8.000000
      vertex 7.425982 116.769365 8.000000
      vertex 7.600000 116.885641 8.000000
    endloop
  endfacet
  facet normal 0.000000 -0.000000 -1.000000
    outer loop
      vertex 6.650000 118.531089 0.000000
      vertex 7.425982 116.769365 0.000000
      vertex 6.269335 118.276737 0.000000
    endloop
  endfacet
  facet normal 0.000000 0.000000 -1.000000
    outer loop
      vertex 6.650000 118.531089 0.000000
      vertex 7.600000 116.885641 0.000000
      vertex 7.425982 116.769365 0.000000
    endloop
  endfacet
  facet normal -0.659346 0.751840 0.000000
    outer loop
      vertex 6.269335 118.276737 0.000000
      vertex 5.925126 117.974874 0.000000
      vertex 5.925126 117.974874 8.000000
    endloop
  endfacet
  facet normal -0.659346 0.751840 0.000000
    outer loop
      vertex 6.269335 118.276737 0.000000
      vertex 5.925126 117.974874 8.000000
      vertex 6.269335 118.276737 8.000000
    endloop
  endfacet
  facet normal 0.659346 -0.751840 0.000000
    outer loop
      vertex 7.425982 116.769365 0.000000
      vertex 7.268629 116.631371 8.000000
      vertex 7.268629 116.631371 0.000000
    endloop
  endfacet
  facet normal 0.659346 -0.751840 0.000000
    outer loop
      vertex 7.425982 116.769365 0.000000
      vertex 7.425982 116.769365 8.000000
      vertex 7.268629 116.631371 8.000000
    endloop
  endfacet
  facet normal 0.000000 0.000000 1.000000
    outer loop
      vertex 6.269335 118.276737 8.000000
      vertex 5.925126 117.974874 8.000000
      vertex 7.268629 116.631371 8.000000
    endloop
  endfacet
  facet normal 0.000000 0.000000 1.000000
    outer loop
      vertex 6.269335 118.276737 8.000000
      vertex 7.268629 116.631371 8.000000
      vertex 7.425982 116.769365 8.000000
    endloop
  endfacet
  facet normal 0.000000 -0.000000 -1.000000
    outer loop
      vertex 6.269335 118.276737 0.000000
      vertex 7.268629 116.631371 0.000000
      vertex 5.925126 117.974874 0.000000
    endloop
  endfacet
  facet normal 0.000000 0.000000 -1.000000
    outer loop
      vertex 6.269335 118.276737 0.000000
      vertex 7.425982 116.769365 0.000000
      vertex 7.268629 116.631371 0.000000
    endloop
  endfacet
  facet normal -0.751840 0.659346 0.000000
    outer loop
      vertex 5.925126 117.974874 0.000000
      vertex 5.623263 117.630665 0.000000
      vertex 5.623263 117.630665 8.000000
    endloop
  endfacet
  facet normal -0.751840 0.659346 0.000000
    outer loop
      vertex 5.925126 117.974874 0.000000
      vertex 5.623263 117.630665 8.000000
      vertex 5.925126 117.974874 8.000000
    endloop
  endfacet
  facet normal 0.751840 -0.659346 0.000000
    outer loop
      vertex 7.268629 116.631371 0.000000
      vertex 7.130635 116.474018 8.000000
      vertex 7.130635 116.474018 0.000000
    endloop
  endfacet
  facet normal 0.751840 -0.659346 0.000000
    outer loop
      vertex 7.268629 116.631371 0.000000
      vertex 7.268629 116.631371 8.000000
      vertex 7.130635 116.474018 8.000000
    endloop
  endfacet
  facet normal 0.000000 0.000000 1.000000
    outer loop
      vertex 5.925126 117.974874 8.000000
      vertex 5.623263 117.630665 8.000000
      vertex 7.130635 116.474018 8.000000
    endloop
  endfacet
  facet normal 0.000000 0.000000 1.000000
    outer loop
      vertex 5.925126 117.974874 8.000000
      vertex 7.130635 116.474018 8.000000
      vertex 7.268629 116.631371 8.000000
    endloop
  endfacet
  facet normal 0.000000 -0.000000 -1.000000
    outer loop
      vertex 5.925126 117.974874 0.000000
      vertex 7.130635 116.474018 0.000000
      vertex 5.623263 117.630665 0.000000
    endloop
  endfacet
  facet normal 0.000000 0.000000 -1.000000
    outer loop
      vertex 5.925126 117.974874 0.000000
      vertex 7.268629 116.631371 0.000000
      vertex 7.130635 116.474018 0.000000
    endloop
  endfacet
  facet normal -0.831470 0.555570 0.000000
    outer loop
      vertex 5.623263 117.630665 0.000000
      vertex 5.368911 117.250000 0.000000
      vertex 5.368911 117.250000 8.000000
    endloop
  endfacet
  facet normal -0.831470 0.555570 0.000000
    outer loop
      vertex 5.623263 117.630665 0.000000
      vertex 5.368911 117.250000 8.000000
      vertex 5.623263 117.630665 8.000000
    endloop
  endfacet
  facet normal 0.831470 -0.555570 0.000000
    outer loop
      vertex 7.130635 116.474018 0.000000
      vertex 7.014359 116.300000 8.000000
      vertex 7.014359 116.300000 0.000000
    endloop
  endfacet
  facet normal 0.831470 -0.555570 0.000000
    outer loop
      vertex 7.130635 116.474018 0.000000
      vertex 7.130635 116.474018 8.000000
      vertex 7.014359 116.300000 8.000000
    endloop
  endfacet
  facet normal 0.000000 0.000000 1.000000
    outer loop
      vertex 5.623263 117.630665 8.000000
      vertex 5.368911 117.250000 8.000000
      vertex 7.014359 116.300000 8.000000
    endloop
  endfacet
  facet normal 0.000000 0.000000 1.000000
    outer loop
      vertex 5.623263 117.630665 8.000000
      vertex 7.014359 116.300000 8.000000
      vertex 7.130635 116.474018 8.000000
    endloop
  endfacet
  facet normal 0.000000 -0.000000 -1.000000
    outer loop
      vertex 5.623263 117.630665 0.000000
      vertex 7.014359 116.300000 0.000000
      vertex 5.368911 117.250000 0.000000
    endloop
  endfacet
  facet normal 0.000000 0.000000 -1.000000
    outer loop
      vertex 5.623263 117.630665 0.000000
      vertex 7.130635 116.474018 0.000000
      vertex 7.014359 116.300000 0.000000
    endloop
  endfacet
  facet normal -0.896873 0.442289 0.000000
    outer loop
      vertex 5.368911 117.250000 0.000000
      vertex 5.166422 116.839392 0.000000
      vertex 5.166422 116.839392 8.000000
    endloop
  endfacet
  facet normal -0.896873 0.442289 0.000000
    outer loop
      vertex 5.368911 117.250000 0.000000
      vertex 5.166422 116.839392 8.000000
      vertex 5.368911 117.250000 8.000000
    endloop
  endfacet
  facet normal 0.896873 -0.442289 0.000000
    outer loop
      vertex 7.014359 116.300000 0.000000
      vertex 6.921793 116.112293 8.000000
      vertex 6.921793 116.112293 0.000000
    endloop
  endfacet
  facet normal 0.896873 -0.442289 0.000000
    outer loop
      vertex 7.014359 116.300000 0.000000
      vertex 7.014359 116.300000 8.000000
      vertex 6.921793 116.112293 8.000000
    endloop
  endfacet
  facet normal 0.000000 0.000000 1.000000
    outer loop
      vertex 5.368911 117.250000 8.000000
      vertex 5.166422 116.839392 8.000000
      vertex 6.921793 116.112293 8.000000
    endloop
  endfacet
  facet normal 0.000000 0.000000 1.000000
    outer loop
      vertex 5.368911 117.250000 8.000000
      vertex 6.921793 116.112293 8.000000
      vertex 7.014359 116.300000 8.000000
    endloop
  endfacet
  facet normal 0.000000 -0.000000 -1.000000
    outer loop
      vertex 5.368911 117.250000 0.000000
      vertex 6.921793 116.112293 0.000000
      vertex 5.166422 116.839392 0.000000
    endloop
  endfacet
  facet normal 0.000000 0.000000 -1.000000
    outer loop
      vertex 5.368911 117.250000 0.000000
      vertex 7.014359 116.300000 0.000000
      vertex 6.921793 116.112293 0.000000
    endloop
  endfacet
  facet normal -0.946930 0.321439 0.000000
    outer loop
      vertex 5.166422 116.839392 0.000000
      vertex 5.019260 116.405867 0.000000
      vertex 5.019260 116.405867 8.000000
    endloop
  endfacet
  facet normal -0.946930 0.321439 0.000000
    outer loop
      vertex 5.166422 116.839392 0.000000
      vertex 5.019260 116.405867 8.000000
      vertex 5.166422 116.839392 8.000000
    endloop
  endfacet
  facet normal 0.946930 -0.321439 0.000000
    outer loop
      vertex 6.921793 116.112293 0.000000
      vertex 6.854519 115.914110 8.000000
      vertex 6.854519 115.914110 0.000000
    endloop
  endfacet
  facet normal 0.946930 -0.321439 0.000000
    outer loop
      vertex 6.921793 116.112293 0.000000
      vertex 6.921793 116.112293 8.000000
      vertex 6.854519 115.914110 8.000000
    endloop
  endfacet
  facet normal 0.000000 0.000000 1.000000
    outer loop
      vertex 5.166422 116.839392 8.000000
      vertex 5.019260 116.405867 8.000000
      vertex 6.854519 115.914110 8.000000
    endloop
  endfacet
  facet normal 0.000000 0.000000 1.000000
    outer loop
      vertex 5.166422 116.839392 8.000000
      vertex 6.854519 115.914110 8.000000
      vertex 6.921793 116.112293 8.000000
    endloop
  endfacet
  facet normal 0.000000 -0.000000 -1.000000
    outer loop
      vertex 5.166422 116.839392 0.000000
      vertex 6.854519 115.914110 0.000000
      vertex 5.019260 116.405867 0.000000
    endloop
  endfacet
  facet normal 0.000000 0.000000 -1.000000
    outer loop
      vertex 5.166422 116.839392 0.000000
      vertex 6.921793 116.112293 0.000000
      vertex 6.854519 115.914110 0.000000
    endloop
  endfacet
  facet normal -0.980785 0.195090 0.000000
    outer loop
      vertex 5.019260 116.405867 0.000000
      vertex 4.929943 115.956842 0.000000
      vertex 4.929943 115.956842 8.000000
    endloop
  endfacet
  facet normal -0.980785 0.195090 0.000000
    outer loop
      vertex 5.019260 116.405867 0.000000
      vertex 4.929943 115.956842 8.000000
      vertex 5.019260 116.405867 8.000000
    endloop
  endfacet
  facet normal 0.980785 -0.195090 0.000000
    outer loop
      vertex 6.854519 115.914110 0.000000
      vertex 6.813688 115.708842 8.000000
      vertex 6.813688 115.708842 0.000000
    endloop
  endfacet
  facet normal 0.980785 -0.195090 0.000000
    outer loop
      vertex 6.854519 115.914110 0.000000
      vertex 6.854519 115.914110 8.000000
      vertex 6.813688 115.708842 8.000000
    endloop
  endfacet
  facet normal 0.000000 0.000000 1.000000
    outer loop
      vertex 5.019260 116.405867 8.000000
      vertex 4.929943 115.956842 8.000000
      vertex 6.813688 115.708842 8.000000
    endloop
  endfacet
  facet normal 0.000000 0.000000 1.000000
    outer loop
      vertex 5.019260 116.405867 8.000000
      vertex 6.813688 115.708842 8.000000
      vertex 6.854519 115.914110 8.000000
    endloop
  endfacet
  facet normal 0.000000 -0.000000 -1.000000
    outer loop
      vertex 5.019260 116.405867 0.000000
      vertex 6.813688 115.708842 0.000000
      vertex 4.929943 115.956842 0.000000
    endloop
  endfacet
  facet normal 0.000000 0.000000 -1.000000
    outer loop
      vertex 5.019260 116.405867 0.000000
      vertex 6.854519 115.914110 0.000000
      vertex 6.813688 115.708842 0.000000
    endloop
  endfacet
  facet normal -0.997859 0.065403 0.000000
    outer loop
      vertex 4.929943 115.956842 0.000000
      vertex 4.900000 115.500000 0.000000
      vertex 4.900000 115.500000 8.000000
    endloop
  endfacet
  facet normal -0.997859 0.065403 0.000000
    outer loop
      vertex 4.929943 115.956842 0.000000
      vertex 4.900000 115.500000 8.000000
      vertex 4.929943 115.956842 8.000000
    endloop
  endfacet
  facet normal 0.997859 -0.065403 0.000000
    outer loop
      vertex 6.813688 115.708842 0.000000
      vertex 6.800000 115.500000 8.000000
      vertex 6.800000 115.500000 0.000000
    endloop
  endfacet
  facet normal 0.997859 -0.065403 0.000000
    outer loop
      vertex 6.813688 115.708842 0.000000
      vertex 6.813688 115.708842 8.000000
      vertex 6.800000 115.500000 8.000000
    endloop
  endfacet
  facet normal 0.000000 0.000000 1.000000
    outer loop
      vertex 4.929943 115.956842 8.000000
      vertex 4.900000 115.500000 8.000000
      vertex 6.800000 115.500000 8.000000
    endloop
  endfacet
  facet normal 0.000000 0.000000 1.000000
    outer loop
      vertex 4.929943 115.956842 8.000000
      vertex 6.800000 115.500000 8.000000
      vertex 6.813688 115.708842 8.000000
    endloop
  endfacet
  facet normal 0.000000 -0.000000 -1.000000
    outer loop
      vertex 4.929943 115.956842 0.000000
      vertex 6.800000 115.500000 0.000000
      vertex 4.900000 115.500000 0.000000
    endloop
  endfacet
  facet normal 0.000000 0.000000 -1.000000
    outer loop
      vertex 4.929943 115.956842 0.000000
      vertex 6.813688 115.708842 0.000000
      vertex 6.800000 115.500000 0.000000
    endloop
  endfacet
  facet normal -0.997859 -0.065403 0.000000
    outer loop
      vertex 4.900000 115.500000 0.000000
      vertex 4.929943 115.043158 0.000000
      vertex 4.929943 115.043158 8.000000
    endloop
  endfacet
  facet normal -0.997859 -0.065403 0.000000
    outer loop
      vertex 4.900000 115.500000 0.000000
      vertex 4.929943 115.043158 8.000000
      vertex 4.900000 115.500000 8.000000
    endloop
  endfacet
  facet normal 0.997859 0.065403 0.000000
    outer loop
      vertex 6.800000 115.500000 0.000000
      vertex 6.813688 115.291158 8.000000
      vertex 6.813688 115.291158 0.000000
    endloop
  endfacet
  facet normal 0.997859 0.065403 -0.000000
    outer loop
      vertex 6.800000 115.500000 0.000000
      vertex 6.800000 115.500000 8.000000
      vertex 6.813688 115.291158 8.000000
    endloop
  endfacet
  facet normal 0.000000 0.000000 1.000000
    outer loop
      vertex 4.900000 115.500000 8.000000
      vertex 4.929943 115.043158 8.000000
      vertex 6.813688 115.291158 8.000000
    endloop
  endfacet
  facet normal -0.000000 0.000000 1.000000
    outer loop
      vertex 4.900000 115.500000 8.000000
      vertex 6.813688 115.291158 8.000000
      vertex 6.800000 115.500000 8.000000
    endloop
  endfacet
  facet normal 0.000000 0.000000 -1.000000
    outer loop
      vertex 4.900000 115.500000 0.000000
      vertex 6.813688 115.291158 0.000000
      vertex 4.929943 115.043158 0.000000
    endloop
  endfacet
  facet normal 0.000000 0.000000 -1.000000
    outer loop
      vertex 4.900000 115.500000 0.000000
      vertex 6.800000 115.500000 0.000000
      vertex 6.813688 115.291158 0.000000
    endloop
  endfacet
  facet normal -0.980785 -0.195090 0.000000
    outer loop
      vertex 4.929943 115.043158 0.000000
      vertex 5.019260 114.594133 0.000000
      vertex 5.019260 114.594133 8.000000
    endloop
  endfacet
  facet normal -0.980785 -0.195090 0.000000
    outer loop
      vertex 4.929943 115.043158 0.000000
      vertex 5.019260 114.594133 8.000000
      vertex 4.929943 115.043158 8.000000
    endloop
  endfacet
  facet normal 0.980785 0.195090 0.000000
    outer loop
      vertex 6.813688 115.291158 0.000000
      vertex 6.854519 115.085890 8.000000
      vertex 6.854519 115.085890 0.000000
    endloop
  endfacet
  facet normal 0.980785 0.195090 -0.000000
    outer loop
      vertex 6.813688 115.291158 0.000000
      vertex 6.813688 115.291158 8.000000
      vertex 6.854519 115.085890 8.000000
    endloop
  endfacet
  facet normal -0.000000 0.000000 1.000000
    outer loop
      vertex 4.929943 115.043158 8.000000
      vertex 5.019260 114.594133 8.000000
      vertex 6.854519 115.085890 8.000000
    endloop
  endfacet
  facet normal 0.000000 0.000000 1.000000
    outer loop
      vertex 4.929943 115.043158 8.000000
      vertex 6.854519 115.085890 8.000000
      vertex 6.813688 115.291158 8.000000
    endloop
  endfacet
  facet normal 0.000000 0.000000 -1.000000
    outer loop
      vertex 4.929943 115.043158 0.000000
      vertex 6.854519 115.085890 0.000000
      vertex 5.019260 114.594133 0.000000
    endloop
  endfacet
  facet normal 0.000000 0.000000 -1.000000
    outer loop
      vertex 4.929943 115.043158 0.000000
      vertex 6.813688 115.291158 0.000000
      vertex 6.854519 115.085890 0.000000
    endloop
  endfacet
  facet normal -0.946930 -0.321439 0.000000
    outer loop
      vertex 5.019260 114.594133 0.000000
      vertex 5.166422 114.160608 0.000000
      vertex 5.166422 114.160608 8.000000
    endloop
  endfacet
  facet normal -0.946930 -0.321439 0.000000
    outer loop
      vertex 5.019260 114.594133 0.000000
      vertex 5.166422 114.160608 8.000000
      vertex 5.019260 114.594133 8.000000
    endloop
  endfacet
  facet normal 0.946930 0.321439 0.000000
    outer loop
      vertex 6.854519 115.085890 0.000000
      vertex 6.921793 114.887707 8.000000
      vertex 6.921793 114.887707 0.000000
    endloop
  endfacet
  facet normal 0.946930 0.321439 -0.000000
    outer loop
      vertex 6.854519 115.085890 0.000000
      vertex 6.854519 115.085890 8.000000
      vertex 6.921793 114.887707 8.000000
    endloop
  endfacet
  facet normal -0.000000 0.000000 1.000000
    outer loop
      vertex 5.019260 114.594133 8.000000
      vertex 5.166422 114.160608 8.000000
      vertex 6.921793 114.887707 8.000000
    endloop
  endfacet
  facet normal 0.000000 0.000000 1.000000
    outer loop
      vertex 5.019260 114.594133 8.000000
      vertex 6.921793 114.887707 8.000000
      vertex 6.854519 115.085890 8.000000
    endloop
  endfacet
  facet normal 0.000000 0.000000 -1.000000
    outer loop
      vertex 5.019260 114.594133 0.000000
      vertex 6.921793 114.887707 0.000000
      vertex 5.166422 114.160608 0.000000
    endloop
  endfacet
  facet normal 0.000000 0.000000 -1.000000
    outer loop
      vertex 5.019260 114.594133 0.000000
      vertex 6.854519 115.085890 0.000000
      vertex 6.921793 114.887707 0.000000
    endloop
  endfacet
  facet normal -0.896873 -0.442289 0.000000
    outer loop
      vertex 5.166422 114.160608 0.000000
      vertex 5.368911 113.750000 0.000000
      vertex 5.368911 113.750000 8.000000
    endloop
  endfacet
  facet normal -0.896873 -0.442289 0.000000
    outer loop
      vertex 5.166422 114.160608 0.000000
      vertex 5.368911 113.750000 8.000000
      vertex 5.166422 114.160608 8.000000
    endloop
  endfacet
  facet normal 0.896873 0.442289 0.000000
    outer loop
      vertex 6.921793 114.887707 0.000000
      vertex 7.014359 114.700000 8.000000
      vertex 7.014359 114.700000 0.000000
    endloop
  endfacet
  facet normal 0.896873 0.442289 -0.000000
    outer loop
      vertex 6.921793 114.887707 0.000000
      vertex 6.921793 114.887707 8.000000
      vertex 7.014359 114.700000 8.000000
    endloop
  endfacet
  facet normal -0.000000 0.000000 1.000000
    outer loop
      vertex 5.166422 114.160608 8.000000
      vertex 5.368911 113.750000 8.000000
      vertex 7.014359 114.700000 8.000000
    endloop
  endfacet
  facet normal 0.000000 0.000000 1.000000
    outer loop
      vertex 5.166422 114.160608 8.000000
      vertex 7.014359 114.700000 8.000000
      vertex 6.921793 114.887707 8.000000
    endloop
  endfacet
  facet normal 0.000000 0.000000 -1.000000
    outer loop
      vertex 5.166422 114.160608 0.000000
      vertex 7.014359 114.700000 0.000000
      vertex 5.368911 113.750000 0.000000
    endloop
  endfacet
  facet normal 0.000000 0.000000 -1.000000
    outer loop
      vertex 5.166422 114.160608 0.000000
      vertex 6.921793 114.887707 0.000000
      vertex 7.014359 114.700000 0.000000
    endloop
  endfacet
  facet normal -0.831470 -0.555570 0.000000
    outer loop
      vertex 5.368911 113.750000 0.000000
      vertex 5.623263 113.369335 0.000000
      vertex 5.623263 113.369335 8.000000
    endloop
  endfacet
  facet normal -0.831470 -0.555570 0.000000
    outer loop
      vertex 5.368911 113.750000 0.000000
      vertex 5.623263 113.369335 8.000000
      vertex 5.368911 113.750000 8.000000
    endloop
  endfacet
  facet normal 0.831470 0.555570 0.000000
    outer loop
      vertex 7.014359 114.700000 0.000000
      vertex 7.130635 114.525982 8.000000
      vertex 7.130635 114.525982 0.000000
    endloop
  endfacet
  facet normal 0.831470 0.555570 -0.000000
    outer loop
      vertex 7.014359 114.700000 0.000000
      vertex 7.014359 114.700000 8.000000
      vertex 7.130635 114.525982 8.000000
    endloop
  endfacet
  facet normal -0.000000 0.000000 1.000000
    outer loop
      vertex 5.368911 113.750000 8.000000
      vertex 5.623263 113.369335 8.000000
      vertex 7.130635 114.525982 8.000000
    endloop
  endfacet
  facet normal 0.000000 0.000000 1.000000
    outer loop
      vertex 5.368911 113.750000 8.000000
      vertex 7.130635 114.525982 8.000000
      vertex 7.014359 114.700000 8.000000
    endloop
  endfacet
  facet normal 0.000000 0.000000 -1.000000
    outer loop
      vertex 5.368911 113.750000 0.000000
      vertex 7.130635 114.525982 0.000000
      vertex 5.623263 113.369335 0.000000
    endloop
  endfacet
  facet normal 0.000000 0.000000 -1.000000
    outer loop
      vertex 5.368911 113.750000 0.000000
      vertex 7.014359 114.700000 0.000000
      vertex 7.130635 114.525982 0.000000
    endloop
  endfacet
  facet normal -0.751840 -0.659346 0.000000
    outer loop
      vertex 5.623263 113.369335 0.000000
      vertex 5.925126 113.025126 0.000000
      vertex 5.925126 113.025126 8.000000
    endloop
  endfacet
  facet normal -0.751840 -0.659346 0.000000
    outer loop
      vertex 5.623263 113.369335 0.000000
      vertex 5.925126 113.025126 8.000000
      vertex 5.623263 113.369335 8.000000
    endloop
  endfacet
  facet normal 0.751840 0.659346 0.000000
    outer loop
      vertex 7.130635 114.525982 0.000000
      vertex 7.268629 114.368629 8.000000
      vertex 7.268629 114.368629 0.000000
    endloop
  endfacet
  facet normal 0.751840 0.659346 -0.000000
    outer loop
      vertex 7.130635 114.525982 0.000000
      vertex 7.130635 114.525982 8.000000
      vertex 7.268629 114.368629 8.000000
    endloop
  endfacet
  facet normal -0.000000 0.000000 1.000000
    outer loop
      vertex 5.623263 113.369335 8.000000
      vertex 5.925126 113.025126 8.000000
      vertex 7.268629 114.368629 8.000000
    endloop
  endfacet
  facet normal 0.000000 0.000000 1.000000
    outer loop
      vertex 5.623263 113.369335 8.000000
      vertex 7.268629 114.368629 8.000000
      vertex 7.130635 114.525982 8.000000
    endloop
  endfacet
  facet normal 0.000000 0.000000 -1.000000
    outer loop
      vertex 5.623263 113.369335 0.000000
      vertex 7.268629 114.368629 0.000000
      vertex 5.925126 113.025126 0.000000
    endloop
  endfacet
  facet normal 0.000000 0.000000 -1.000000
    outer loop
      vertex 5.623263 113.369335 0.000000
      vertex 7.130635 114.525982 0.000000
      vertex 7.268629 114.368629 0.000000
    endloop
  endfacet
  facet normal -0.659346 -0.751840 0.000000
    outer loop
      vertex 5.925126 113.025126 0.000000
      vertex 6.269335 112.723263 0.000000
      vertex 6.269335 112.723263 8.000000
    endloop
  endfacet
  facet normal -0.659346 -0.751840 0.000000
    outer loop
      vertex 5.925126 113.025126 0.000000
      vertex 6.269335 112.723263 8.000000
      vertex 5.925126 113.025126 8.000000
    endloop
  endfacet
  facet normal 0.659346 0.751840 0.000000
    outer loop
      vertex 7.268629 114.368629 0.000000
      vertex 7.425982 114.230635 8.000000
      vertex 7.425982 114.230635 0.000000
    endloop
  endfacet
  facet normal 0.659346 0.751840 -0.000000
    outer loop
      vertex 7.268629 114.368629 0.000000
      vertex 7.268629 114.368629 8.000000
      vertex 7.425982 114.230635 8.000000
    endloop
  endfacet
  facet normal -0.000000 0.000000 1.000000
    outer loop
      vertex 5.925126 113.025126 8.000000
      vertex 6.269335 112.723263 8.000000
      vertex 7.425982 114.230635 8.000000
    endloop
  endfacet
  facet normal 0.000000 0.000000 1.000000
    outer loop
      vertex 5.925126 113.025126 8.000000
      vertex 7.425982 114.230635 8.000000
      vertex 7.268629 114.368629 8.000000
    endloop
  endfacet
  facet normal 0.000000 0.000000 -1.000000
    outer loop
      vertex 5.925126 113.025126 0.000000
      vertex 7.425982 114.230635 0.000000
      vertex 6.269335 112.723263 0.000000
    endloop
  endfacet
  facet normal 0.000000 0.000000 -1.000000
    outer loop
      vertex 5.925126 113.025126 0.000000
      vertex 7.268629 114.368629 0.000000
      vertex 7.425982 114.230635 0.000000
    endloop
  endfacet
  facet normal -0.555570 -0.831470 0.000000
    outer loop
      vertex 6.269335 112.723263 0.000000
      vertex 6.650000 112.468911 0.000000
      vertex 6.650000 112.468911 8.000000
    endloop
  endfacet
  facet normal -0.555570 -0.831470 0.000000
    outer loop
      vertex 6.269335 112.723263 0.000000
      vertex 6.650000 112.468911 8.000000
      vertex 6.269335 112.723263 8.000000
    endloop
  endfacet
  facet normal 0.555570 0.831470 0.000000
    outer loop
      vertex 7.425982 114.230635 0.000000
      vertex 7.600000 114.114359 8.000000
      vertex 7.600000 114.114359 0.000000
    endloop
  endfacet
  facet normal 0.555570 0.831470 -0.000000
    outer loop
      vertex 7.425982 114.230635 0.000000
      vertex 7.425982 114.230635 8.000000
      vertex 7.600000 114.114359 8.000000
    endloop
  endfacet
  facet normal -0.000000 0.000000 1.000000
    outer loop
      vertex 6.269335 112.723263 8.000000
      vertex 6.650000 112.468911 8.000000
      vertex 7.600000 114.114359 8.000000
    endloop
  endfacet
  facet normal 0.000000 0.000000 1.000000
    outer loop
      vertex 6.269335 112.723263 8.000000
      vertex 7.600000 114.114359 8.000000
      vertex 7.425982 114.230635 8.000000
    endloop
  endfacet
  facet normal 0.000000 0.000000 -1.000000
    outer loop
      vertex 6.269335 112.723263 0.000000
      vertex 7.600000 114.114359 0.000000
      vertex 6.650000 112.468911 0.000000
    endloop
  endfacet
  facet normal 0.000000 0.000000 -1.000000
    outer loop
      vertex 6.269335 112.723263 0.000000
      vertex 7.425982 114.230635 0.000000
      vertex 7.600000 114.114359 0.000000
    endloop
  endfacet
  facet normal -0.442289 -0.896873 0.000000
    outer loop
      vertex 6.650000 112.468911 0.000000
      vertex 7.060608 112.266422 0.000000
      vertex 7.060608 112.266422 8.000000
    endloop
  endfacet
  facet normal -0.442289 -0.896873 0.000000
    outer loop
      vertex 6.650000 112.468911 0.000000
      vertex 7.060608 112.266422 8.000000
      vertex 6.650000 112.468911 8.000000
    endloop
  endfacet
  facet normal 0.442289 0.896873 0.000000
    outer loop
      vertex 7.600000 114.114359 0.000000
      vertex 7.787707 114.021793 8.000000
      vertex 7.787707 114.021793 0.000000
    endloop
  endfacet
  facet normal 0.442289 0.896873 -0.000000
    outer loop
      vertex 7.600000 114.114359 0.000000
      vertex 7.600000 114.114359 8.000000
      vertex 7.787707 114.021793 8.000000
    endloop
  endfacet
  facet normal -0.000000 0.000000 1.000000
    outer loop
      vertex 6.650000 112.468911 8.000000
      vertex 7.060608 112.266422 8.000000
      vertex 7.787707 114.021793 8.000000
    endloop
  endfacet
  facet normal 0.000000 0.000000 1.000000
    outer loop
      vertex 6.650000 112.468911 8.000000
      vertex 7.787707 114.021793 8.000000
      vertex 7.600000 114.114359 8.000000
    endloop
  endfacet
  facet normal 0.000000 0.000000 -1.000000
    outer loop
      vertex 6.650000 112.468911 0.000000
      vertex 7.787707 114.021793 0.000000
      vertex 7.060608 112.266422 0.000000
    endloop
  endfacet
  facet normal 0.000000 0.000000 -1.000000
    outer loop
      vertex 6.650000 112.468911 0.000000
      vertex 7.600000 114.114359 0.000000
      vertex 7.787707 114.021793 0.000000
    endloop
  endfacet
  facet normal -0.321439 -0.946930 0.000000
    outer loop
      vertex 7.060608 112.266422 0.000000
      vertex 7.494133 112.119260 0.000000
      vertex 7.494133 112.119260 8.000000
    endloop
  endfacet
  facet normal -0.321439 -0.946930 0.000000
    outer loop
      vertex 7.060608 112.266422 0.000000
      vertex 7.494133 112.119260 8.000000
      vertex 7.060608 112.266422 8.000000
    endloop
  endfacet
  facet normal 0.321439 0.946930 0.000000
    outer loop
      vertex 7.787707 114.021793 0.000000
      vertex 7.985890 113.954519 8.000000
      vertex 7.985890 113.954519 0.000000
    endloop
  endfacet
  facet normal 0.321439 0.946930 -0.000000
    outer loop
      vertex 7.787707 114.021793 0.000000
      vertex 7.787707 114.021793 8.000000
      vertex 7.985890 113.954519 8.000000
    endloop
  endfacet
  facet normal -0.000000 0.000000 1.000000
    outer loop
      vertex 7.060608 112.266422 8.000000
      vertex 7.494133 112.119260 8.000000
      vertex 7.985890 113.954519 8.000000
    endloop
  endfacet
  facet normal 0.000000 0.000000 1.000000
    outer loop
      vertex 7.060608 112.266422 8.000000
      vertex 7.985890 113.954519 8.000000
      vertex 7.787707 114.021793 8.000000
    endloop
  endfacet
  facet normal 0.000000 0.000000 -1.000000
    outer loop
      vertex 7.060608 112.266422 0.000000
      vertex 7.985890 113.954519 0.000000
      vertex 7.494133 112.119260 0.000000
    endloop
  endfacet
  facet normal 0.000000 0.000000 -1.000000
    outer loop
      vertex 7.060608 112.266422 0.000000
      vertex 7.787707 114.021793 0.000000
      vertex 7.985890 113.954519 0.000000
    endloop
  endfacet
  facet normal -0.195090 -0.980785 0.000000
    outer loop
      vertex 7.494133 112.119260 0.000000
      vertex 7.943158 112.029943 0.000000
      vertex 7.943158 112.029943 8.000000
    endloop
  endfacet
  facet normal -0.195090 -0.980785 0.000000
    outer loop
      vertex 7.494133 112.119260 0.000000
      vertex 7.943158 112.029943 8.000000
      vertex 7.494133 112.119260 8.000000
    endloop
  endfacet
  facet normal 0.195090 0.980785 0.000000
    outer loop
      vertex 7.985890 113.954519 0.000000
      vertex 8.191158 113.913688 8.000000
      vertex 8.191158 113.913688 0.000000
    endloop
  endfacet
  facet normal 0.195090 0.980785 -0.000000
    outer loop
      vertex 7.985890 113.954519 0.000000
      vertex 7.985890 113.954519 8.000000
      vertex 8.191158 113.913688 8.000000
    endloop
  endfacet
  facet normal -0.000000 0.000000 1.000000
    outer loop
      vertex 7.494133 112.119260 8.000000
      vertex 7.943158 112.029943 8.000000
      vertex 8.191158 113.913688 8.000000
    endloop
  endfacet
  facet normal 0.000000 0.000000 1.000000
    outer loop
      vertex 7.494133 112.119260 8.000000
      vertex 8.191158 113.913688 8.000000
      vertex 7.985890 113.954519 8.000000
    endloop
  endfacet
  facet normal 0.000000 0.000000 -1.000000
    outer loop
      vertex 7.494133 112.119260 0.000000
      vertex 8.191158 113.913688 0.000000
      vertex 7.943158 112.029943 0.000000
    endloop
  endfacet
  facet normal 0.000000 0.000000 -1.000000
    outer loop
      vertex 7.494133 112.119260 0.000000
      vertex 7.985890 113.954519 0.000000
      vertex 8.191158 113.913688 0.000000
    endloop
  endfacet
  facet normal -0.065403 -0.997859 0.000000
    outer loop
      vertex 7.943158 112.029943 0.000000
      vertex 8.400000 112.000000 0.000000
      vertex 8.400000 112.000000 8.000000
    endloop
  endfacet
  facet normal -0.065403 -0.997859 0.000000
    outer loop
      vertex 7.943158 112.029943 0.000000
      vertex 8.400000 112.000000 8.000000
      vertex 7.943158 112.029943 8.000000
    endloop
  endfacet
  facet normal 0.065403 0.997859 0.000000
    outer loop
      vertex 8.191158 113.913688 0.000000
      vertex 8.400000 113.900000 8.000000
      vertex 8.400000 113.900000 0.000000
    endloop
  endfacet
  facet normal 0.065403 0.997859 -0.000000
    outer loop
      vertex 8.191158 113.913688 0.000000
      vertex 8.191158 113.913688 8.000000
      vertex 8.400000 113.900000 8.000000
    endloop
  endfacet
  facet normal -0.000000 0.000000 1.000000
    outer loop
      vertex 7.943158 112.029943 8.000000
      vertex 8.400000 112.000000 8.000000
      vertex 8.400000 113.900000 8.000000
    endloop
  endfacet
  facet normal 0.000000 0.000000 1.000000
    outer loop
      vertex 7.943158 112.029943 8.000000
      vertex 8.400000 113.900000 8.000000
      vertex 8.191158 113.913688 8.000000
    endloop
  endfacet
  facet normal 0.000000 0.000000 -1.000000
    outer loop
      vertex 7.943158 112.029943 0.000000
      vertex 8.400000 113.900000 0.000000
      vertex 8.400000 112.000000 0.000000
    endloop
  endfacet
  facet normal 0.000000 0.000000 -1.000000
    outer loop
      vertex 7.943158 112.029943 0.000000
      vertex 8.191158 113.913688 0.000000
      vertex 8.400000 113.900000 0.000000
    endloop
  endfacet
  facet normal 0.065403 -0.997859 0.000000
    outer loop
      vertex 8.400000 112.000000 0.000000
      vertex 8.856842 112.029943 0.000000
      vertex 8.856842 112.029943 8.000000
    endloop
  endfacet
  facet normal 0.065403 -0.997859 0.000000
    outer loop
      vertex 8.400000 112.000000 0.000000
      vertex 8.856842 112.029943 8.000000
      vertex 8.400000 112.000000 8.000000
    endloop
  endfacet
  facet normal -0.065403 0.997859 0.000000
    outer loop
      vertex 8.400000 113.900000 0.000000
      vertex 8.608842 113.913688 8.000000
      vertex 8.608842 113.913688 0.000000
    endloop
  endfacet
  facet normal -0.065403 0.997859 0.000000
    outer loop
      vertex 8.400000 113.900000 0.000000
      vertex 8.400000 113.900000 8.000000
      vertex 8.608842 113.913688 8.000000
    endloop
  endfacet
  facet normal 0.000000 0.000000 1.000000
    outer loop
      vertex 8.400000 112.000000 8.000000
      vertex 8.856842 112.029943 8.000000
      vertex 8.608842 113.913688 8.000000
    endloop
  endfacet
  facet normal 0.000000 0.000000 1.000000
    outer loop
      vertex 8.400000 112.000000 8.000000
      vertex 8.608842 113.913688 8.000000
      vertex 8.400000 113.900000 8.000000
    endloop
  endfacet
  facet normal 0.000000 0.000000 -1.000000
    outer loop
      vertex 8.400000 112.000000 0.000000
      vertex 8.608842 113.913688 0.000000
      vertex 8.856842 112.029943 0.000000
    endloop
  endfacet
  facet normal 0.000000 0.000000 -1.000000
    outer loop
      vertex 8.400000 112.000000 0.000000
      vertex 8.400000 113.900000 0.000000
      vertex 8.608842 113.913688 0.000000
    endloop
  endfacet
  facet normal 0.195090 -0.980785 0.000000
    outer loop
      vertex 8.856842 112.029943 0.000000
      vertex 9.305867 112.119260 0.000000
      vertex 9.305867 112.119260 8.000000
    endloop
  endfacet
  facet normal 0.195090 -0.980785 0.000000
    outer loop
      vertex 8.856842 112.029943 0.000000
      vertex 9.305867 112.119260 8.000000
      vertex 8.856842 112.029943 8.000000
    endloop
  endfacet
  facet normal -0.195090 0.980785 0.000000
    outer loop
      vertex 8.608842 113.913688 0.000000
      vertex 8.814110 113.954519 8.000000
      vertex 8.814110 113.954519 0.000000
    endloop
  endfacet
  facet normal -0.195090 0.980785 0.000000
    outer loop
      vertex 8.608842 113.913688 0.000000
      vertex 8.608842 113.913688 8.000000
      vertex 8.814110 113.954519 8.000000
    endloop
  endfacet
  facet normal 0.000000 -0.000000 1.000000
    outer loop
      vertex 8.856842 112.029943 8.000000
      vertex 9.305867 112.119260 8.000000
      vertex 8.814110 113.954519 8.000000
    endloop
  endfacet
  facet normal 0.000000 0.000000 1.000000
    outer loop
      vertex 8.856842 112.029943 8.000000
      vertex 8.814110 113.954519 8.000000
      vertex 8.608842 113.913688 8.000000
    endloop
  endfacet
  facet normal 0.000000 0.000000 -1.000000
    outer loop
      vertex 8.856842 112.029943 0.000000
      vertex 8.814110 113.954519 0.000000
      vertex 9.305867 112.119260 0.000000
    endloop
  endfacet
  facet normal 0.000000 0.000000 -1.000000
    outer loop
      vertex 8.856842 112.029943 0.000000
      vertex 8.608842 113.913688 0.000000
      vertex 8.814110 113.954519 0.000000
    endloop
  endfacet
  facet normal 0.321439 -0.946930 0.000000
    outer loop
      vertex 9.305867 112.119260 0.000000
      vertex 9.739392 112.266422 0.000000
      vertex 9.739392 112.266422 8.000000
    endloop
  endfacet
  facet normal 0.321439 -0.946930 0.000000
    outer loop
      vertex 9.305867 112.119260 0.000000
      vertex 9.739392 112.266422 8.000000
      vertex 9.305867 112.119260 8.000000
    endloop
  endfacet
  facet normal -0.321439 0.946930 0.000000
    outer loop
      vertex 8.814110 113.954519 0.000000
      vertex 9.012293 114.021793 8.000000
      vertex 9.012293 114.021793 0.000000
    endloop
  endfacet
  facet normal -0.321439 0.946930 0.000000
    outer loop
      vertex 8.814110 113.954519 0.000000
      vertex 8.814110 113.954519 8.000000
      vertex 9.012293 114.021793 8.000000
    endloop
  endfacet
  facet normal 0.000000 -0.000000 1.000000
    outer loop
      vertex 9.305867 112.119260 8.000000
      vertex 9.739392 112.266422 8.000000
      vertex 9.012293 114.021793 8.000000
    endloop
  endfacet
  facet normal 0.000000 0.000000 1.000000
    outer loop
      vertex 9.305867 112.119260 8.000000
      vertex 9.012293 114.021793 8.000000
      vertex 8.814110 113.954519 8.000000
    endloop
  endfacet
  facet normal 0.000000 0.000000 -1.000000
    outer loop
      vertex 9.305867 112.119260 0.000000
      vertex 9.012293 114.021793 0.000000
      vertex 9.739392 112.266422 0.000000
    endloop
  endfacet
  facet normal 0.000000 0.000000 -1.000000
    outer loop
      vertex 9.305867 112.119260 0.000000
      vertex 8.814110 113.954519 0.000000
      vertex 9.012293 114.021793 0.000000
    endloop
  endfacet
  facet normal 0.442289 -0.896873 0.000000
    outer loop
      vertex 9.739392 112.266422 0.000000
      vertex 10.150000 112.468911 0.000000
      vertex 10.150000 112.468911 8.000000
    endloop
  endfacet
  facet normal 0.442289 -0.896873 0.000000
    outer loop
      vertex 9.739392 112.266422 0.000000
      vertex 10.150000 112.468911 8.000000
      vertex 9.739392 112.266422 8.000000
    endloop
  endfacet
  facet normal -0.442289 0.896873 0.000000
    outer loop
      vertex 9.012293 114.021793 0.000000
      vertex 9.200000 114.114359 8.000000
      vertex 9.200000 114.114359 0.000000
    endloop
  endfacet
  facet normal -0.442289 0.896873 0.000000
    outer loop
      vertex 9.012293 114.021793 0.000000
      vertex 9.012293 114.021793 8.000000
      vertex 9.200000 114.114359 8.000000
    endloop
  endfacet
  facet normal 0.000000 -0.000000 1.000000
    outer loop
      vertex 9.739392 112.266422 8.000000
      vertex 10.150000 112.468911 8.000000
      vertex 9.200000 114.114359 8.000000
    endloop
  endfacet
  facet normal 0.000000 0.000000 1.000000
    outer loop
      vertex 9.739392 112.266422 8.000000
      vertex 9.200000 114.114359 8.000000
      vertex 9.012293 114.021793 8.000000
    endloop
  endfacet
  facet normal 0.000000 0.000000 -1.000000
    outer loop
      vertex 9.739392 112.266422 0.000000
      vertex 9.200000 114.114359 0.000000
      vertex 10.150000 112.468911 0.000000
    endloop
  endfacet
  facet normal 0.000000 0.000000 -1.000000
    outer loop
      vertex 9.739392 112.266422 0.000000
      vertex 9.012293 114.021793 0.000000
      vertex 9.200000 114.114359 0.000000
    endloop
  endfacet
  facet normal 0.555570 -0.831470 0.000000
    outer loop
      vertex 10.150000 112.468911 0.000000
      vertex 10.530665 112.723263 0.000000
      vertex 10.530665 112.723263 8.000000
    endloop
  endfacet
  facet normal 0.555570 -0.831470 0.000000
    outer loop
      vertex 10.150000 112.468911 0.000000
      vertex 10.530665 112.723263 8.000000
      vertex 10.150000 112.468911 8.000000
    endloop
  endfacet
  facet normal -0.555570 0.831470 0.000000
    outer loop
      vertex 9.200000 114.114359 0.000000
      vertex 9.374018 114.230635 8.000000
      vertex 9.374018 114.230635 0.000000
    endloop
  endfacet
  facet normal -0.555570 0.831470 0.000000
    outer loop
      vertex 9.200000 114.114359 0.000000
      vertex 9.200000 114.114359 8.000000
      vertex 9.374018 114.230635 8.000000
    endloop
  endfacet
  facet normal 0.000000 -0.000000 1.000000
    outer loop
      vertex 10.150000 112.468911 8.000000
      vertex 10.530665 112.723263 8.000000
      vertex 9.374018 114.230635 8.000000
    endloop
  endfacet
  facet normal 0.000000 0.000000 1.000000
    outer loop
      vertex 10.150000 112.468911 8.000000
      vertex 9.374018 114.230635 8.000000
      vertex 9.200000 114.114359 8.000000
    endloop
  endfacet
  facet normal 0.000000 0.000000 -1.000000
    outer loop
      vertex 10.150000 112.468911 0.000000
      vertex 9.374018 114.230635 0.000000
      vertex 10.530665 112.723263 0.000000
    endloop
  endfacet
  facet normal 0.000000 0.000000 -1.000000
    outer loop
      vertex 10.150000 112.468911 0.000000
      vertex 9.200000 114.114359 0.000000
      vertex 9.374018 114.230635 0.000000
    endloop
  endfacet
  facet normal 0.659346 -0.751840 0.000000
    outer loop
      vertex 10.530665 112.723263 0.000000
      vertex 10.874874 113.025126 0.000000
      vertex 10.874874 113.025126 8.000000
    endloop
  endfacet
  facet normal 0.659346 -0.751840 0.000000
    outer loop
      vertex 10.530665 112.723263 0.000000
      vertex 10.874874 113.025126 8.000000
      vertex 10.530665 112.723263 8.000000
    endloop
  endfacet
  facet normal -0.659346 0.751840 0.000000
    outer loop
      vertex 9.374018 114.230635 0.000000
      vertex 9.531371 114.368629 8.000000
      vertex 9.531371 114.368629 0.000000
    endloop
  endfacet
  facet normal -0.659346 0.751840 0.000000
    outer loop
      vertex 9.374018 114.230635 0.000000
      vertex 9.374018 114.230635 8.000000
      vertex 9.531371 114.368629 8.000000
    endloop
  endfacet
  facet normal 0.000000 -0.000000 1.000000
    outer loop
      vertex 10.530665 112.723263 8.000000
      vertex 10.874874 113.025126 8.000000
      vertex 9.531371 114.368629 8.000000
    endloop
  endfacet
  facet normal 0.000000 0.000000 1.000000
    outer loop
      vertex 10.530665 112.723263 8.000000
      vertex 9.531371 114.368629 8.000000
      vertex 9.374018 114.230635 8.000000
    endloop
  endfacet
  facet normal 0.000000 0.000000 -1.000000
    outer loop
      vertex 10.530665 112.723263 0.000000
      vertex 9.531371 114.368629 0.000000
      vertex 10.874874 113.025126 0.000000
    endloop
  endfacet
  facet normal 0.000000 0.000000 -1.000000
    outer loop
      vertex 10.530665 112.723263 0.000000
      vertex 9.374018 114.230635 0.000000
      vertex 9.531371 114.368629 0.000000
    endloop
  endfacet
  facet normal 0.751840 -0.659346 0.000000
    outer loop
      vertex 10.874874 113.025126 0.000000
      vertex 11.176737 113.369335 0.000000
      vertex 11.176737 113.369335 8.000000
    endloop
  endfacet
  facet normal 0.751840 -0.659346 0.000000
    outer loop
      vertex 10.874874 113.025126 0.000000
      vertex 11.176737 113.369335 8.000000
      vertex 10.874874 113.025126 8.000000
    endloop
  endfacet
  facet normal -0.751840 0.659346 0.000000
    outer loop
      vertex 9.531371 114.368629 0.000000
      vertex 9.669365 114.525982 8.000000
      vertex 9.669365 114.525982 0.000000
    endloop
  endfacet
  facet normal -0.751840 0.659346 0.000000
    outer loop
      vertex 9.531371 114.368629 0.000000
      vertex 9.531371 114.368629 8.000000
      vertex 9.669365 114.525982 8.000000
    endloop
  endfacet
  facet normal 0.000000 -0.000000 1.000000
    outer loop
      vertex 10.874874 113.025126 8.000000
      vertex 11.176737 113.369335 8.000000
      vertex 9.669365 114.525982 8.000000
    endloop
  endfacet
  facet normal 0.000000 0.000000 1.000000
    outer loop
      vertex 10.874874 113.025126 8.000000
      vertex 9.669365 114.525982 8.000000
      vertex 9.531371 114.368629 8.000000
    endloop
  endfacet
  facet normal 0.000000 0.000000 -1.000000
    outer loop
      vertex 10.874874 113.025126 0.000000
      vertex 9.669365 114.525982 0.000000
      vertex 11.176737 113.369335 0.000000
    endloop
  endfacet
  facet normal 0.000000 0.000000 -1.000000
    outer loop
      vertex 10.874874 113.025126 0.000000
      vertex 9.531371 114.368629 0.000000
      vertex 9.669365 114.525982 0.000000
    endloop
  endfacet
  facet normal 0.831470 -0.555570 0.000000
    outer loop
      vertex 11.176737 113.369335 0.000000
      vertex 11.431089 113.750000 0.000000
      vertex 11.431089 113.750000 8.000000
    endloop
  endfacet
  facet normal 0.831470 -0.555570 0.000000
    outer loop
      vertex 11.176737 113.369335 0.000000
      vertex 11.431089 113.750000 8.000000
      vertex 11.176737 113.369335 8.000000
    endloop
  endfacet
  facet normal -0.831470 0.555570 0.000000
    outer loop
      vertex 9.669365 114.525982 0.000000
      vertex 9.785641 114.700000 8.000000
      vertex 9.785641 114.700000 0.000000
    endloop
  endfacet
  facet normal -0.831470 0.555570 0.000000
    outer loop
      vertex 9.669365 114.525982 0.000000
      vertex 9.669365 114.525982 8.000000
      vertex 9.785641 114.700000 8.000000
    endloop
  endfacet
  facet normal 0.000000 -0.000000 1.000000
    outer loop
      vertex 11.176737 113.369335 8.000000
      vertex 11.431089 113.750000 8.000000
      vertex 9.785641 114.700000 8.000000
    endloop
  endfacet
  facet normal 0.000000 0.000000 1.000000
    outer loop
      vertex 11.176737 113.369335 8.000000
      vertex 9.785641 114.700000 8.000000
      vertex 9.669365 114.525982 8.000000
    endloop
  endfacet
  facet normal 0.000000 0.000000 -1.000000
    outer loop
      vertex 11.176737 113.369335 0.000000
      vertex 9.785641 114.700000 0.000000
      vertex 11.431089 113.750000 0.000000
    endloop
  endfacet
  facet normal 0.000000 0.000000 -1.000000
    outer loop
      vertex 11.176737 113.369335 0.000000
      vertex 9.669365 114.525982 0.000000
      vertex 9.785641 114.700000 0.000000
    endloop
  endfacet
  facet normal 0.896873 -0.442289 0.000000
    outer loop
      vertex 11.431089 113.750000 0.000000
      vertex 11.633578 114.160608 0.000000
      vertex 11.633578 114.160608 8.000000
    endloop
  endfacet
  facet normal 0.896873 -0.442289 0.000000
    outer loop
      vertex 11.431089 113.750000 0.000000
      vertex 11.633578 114.160608 8.000000
      vertex 11.431089 113.750000 8.000000
    endloop
  endfacet
  facet normal -0.896873 0.442289 0.000000
    outer loop
      vertex 9.785641 114.700000 0.000000
      vertex 9.878207 114.887707 8.000000
      vertex 9.878207 114.887707 0.000000
    endloop
  endfacet
  facet normal -0.896873 0.442289 0.000000
    outer loop
      vertex 9.785641 114.700000 0.000000
      vertex 9.785641 114.700000 8.000000
      vertex 9.878207 114.887707 8.000000
    endloop
  endfacet
  facet normal 0.000000 -0.000000 1.000000
    outer loop
      vertex 11.431089 113.750000 8.000000
      vertex 11.633578 114.160608 8.000000
      vertex 9.878207 114.887707 8.000000
    endloop
  endfacet
  facet normal 0.000000 0.000000 1.000000
    outer loop
      vertex 11.431089 113.750000 8.000000
      vertex 9.878207 114.887707 8.000000
      vertex 9.785641 114.700000 8.000000
    endloop
  endfacet
  facet normal 0.000000 0.000000 -1.000000
    outer loop
      vertex 11.431089 113.750000 0.000000
      vertex 9.878207 114.887707 0.000000
      vertex 11.633578 114.160608 0.000000
    endloop
  endfacet
  facet normal 0.000000 0.000000 -1.000000
    outer loop
      vertex 11.431089 113.750000 0.000000
      vertex 9.785641 114.700000 0.000000
      vertex 9.878207 114.887707 0.000000
    endloop
  endfacet
  facet normal 0.946930 -0.321439 0.000000
    outer loop
      vertex 11.633578 114.160608 0.000000
      vertex 11.780740 114.594133 0.000000
      vertex 11.780740 114.594133 8.000000
    endloop
  endfacet
  facet normal 0.946930 -0.321439 0.000000
    outer loop
      vertex 11.633578 114.160608 0.000000
      vertex 11.780740 114.594133 8.000000
      vertex 11.633578 114.160608 8.000000
    endloop
  endfacet
  facet normal -0.946930 0.321439 0.000000
    outer loop
      vertex 9.878207 114.887707 0.000000
      vertex 9.945481 115.085890 8.000000
      vertex 9.945481 115.085890 0.000000
    endloop
  endfacet
  facet normal -0.946930 0.321439 0.000000
    outer loop
      vertex 9.878207 114.887707 0.000000
      vertex 9.878207 114.887707 8.000000
      vertex 9.945481 115.085890 8.000000
    endloop
  endfacet
  facet normal 0.000000 -0.000000 1.000000
    outer loop
      vertex 11.633578 114.160608 8.000000
      vertex 11.780740 114.594133 8.000000
      vertex 9.945481 115.085890 8.000000
    endloop
  endfacet
  facet normal 0.000000 0.000000 1.000000
    outer loop
      vertex 11.633578 114.160608 8.000000
      vertex 9.945481 115.085890 8.000000
      vertex 9.878207 114.887707 8.000000
    endloop
  endfacet
  facet normal 0.000000 0.000000 -1.000000
    outer loop
      vertex 11.633578 114.160608 0.000000
      vertex 9.945481 115.085890 0.000000
      vertex 11.780740 114.594133 0.000000
    endloop
  endfacet
  facet normal 0.000000 0.000000 -1.000000
    outer loop
      vertex 11.633578 114.160608 0.000000
      vertex 9.878207 114.887707 0.000000
      vertex 9.945481 115.085890 0.000000
    endloop
  endfacet
  facet normal 0.980785 -0.195090 0.000000
    outer loop
      vertex 11.780740 114.594133 0.000000
      vertex 11.870057 115.043158 0.000000
      vertex 11.870057 115.043158 8.000000
    endloop
  endfacet
  facet normal 0.980785 -0.195090 0.000000
    outer loop
      vertex 11.780740 114.594133 0.000000
      vertex 11.870057 115.043158 8.000000
      vertex 11.780740 114.594133 8.000000
    endloop
  endfacet
  facet normal -0.980785 0.195090 0.000000
    outer loop
      vertex 9.945481 115.085890 0.000000
      vertex 9.986312 115.291158 8.000000
      vertex 9.986312 115.291158 0.000000
    endloop
  endfacet
  facet normal -0.980785 0.195090 0.000000
    outer loop
      vertex 9.945481 115.085890 0.000000
      vertex 9.945481 115.085890 8.000000
      vertex 9.986312 115.291158 8.000000
    endloop
  endfacet
  facet normal 0.000000 -0.000000 1.000000
    outer loop
      vertex 11.780740 114.594133 8.000000
      vertex 11.870057 115.043158 8.000000
      vertex 9.986312 115.291158 8.000000
    endloop
  endfacet
  facet normal 0.000000 0.000000 1.000000
    outer loop
      vertex 11.780740 114.594133 8.000000
      vertex 9.986312 115.291158 8.000000
      vertex 9.945481 115.085890 8.000000
    endloop
  endfacet
  facet normal 0.000000 0.000000 -1.000000
    outer loop
      vertex 11.780740 114.594133 0.000000
      vertex 9.986312 115.291158 0.000000
      vertex 11.870057 115.043158 0.000000
    endloop
  endfacet
  facet normal 0.000000 0.000000 -1.000000
    outer loop
      vertex 11.780740 114.594133 0.000000
      vertex 9.945481 115.085890 0.000000
      vertex 9.986312 115.291158 0.000000
    endloop
  endfacet
  facet normal 0.997859 -0.065403 0.000000
    outer loop
      vertex 11.870057 115.043158 0.000000
      vertex 11.900000 115.500000 0.000000
      vertex 11.900000 115.500000 8.000000
    endloop
  endfacet
  facet normal 0.997859 -0.065403 0.000000
    outer loop
      vertex 11.870057 115.043158 0.000000
      vertex 11.900000 115.500000 8.000000
      vertex 11.870057 115.043158 8.000000
    endloop
  endfacet
  facet normal -0.997859 0.065403 0.000000
    outer loop
      vertex 9.986312 115.291158 0.000000
      vertex 10.000000 115.500000 8.000000
      vertex 10.000000 115.500000 0.000000
    endloop
  endfacet
  facet normal -0.997859 0.065403 0.000000
    outer loop
      vertex 9.986312 115.291158 0.000000
      vertex 9.986312 115.291158 8.000000
      vertex 10.000000 115.500000 8.000000
    endloop
  endfacet
  facet normal 0.000000 -0.000000 1.000000
    outer loop
      vertex 11.870057 115.043158 8.000000
      vertex 11.900000 115.500000 8.000000
      vertex 10.000000 115.500000 8.000000
    endloop
  endfacet
  facet normal 0.000000 0.000000 1.000000
    outer loop
      vertex 11.870057 115.043158 8.000000
      vertex 10.000000 115.500000 8.000000
      vertex 9.986312 115.291158 8.000000
    endloop
  endfacet
  facet normal 0.000000 0.000000 -1.000000
    outer loop
      vertex 11.870057 115.043158 0.000000
      vertex 10.000000 115.500000 0.000000
      vertex 11.900000 115.500000 0.000000
    endloop
  endfacet
  facet normal 0.000000 0.000000 -1.000000
    outer loop
      vertex 11.870057 115.043158 0.000000
      vertex 9.986312 115.291158 0.000000
      vertex 10.000000 115.500000 0.000000
    endloop
  endfacet
  facet normal 0.997859 0.065403 0.000000
    outer loop
      vertex 11.500000 115.500000 4.200000
      vertex 11.473479 115.904631 4.200000
      vertex 11.473479 115.904631 6.200000
    endloop
  endfacet
  facet normal 0.997859 0.065403 -0.000000
    outer loop
      vertex 11.500000 115.500000 4.200000
      vertex 11.473479 115.904631 6.200000
      vertex 11.500000 115.500000 6.200000
    endloop
  endfacet
  facet normal -0.997859 -0.065403 0.000000
    outer loop
      vertex 10.000000 115.500000 4.200000
      vertex 9.986312 115.708842 6.200000
      vertex 9.986312 115.708842 4.200000
    endloop
  endfacet
  facet normal -0.997859 -0.065403 0.000000
    outer loop
      vertex 10.000000 115.500000 4.200000
      vertex 10.000000 115.500000 6.200000
      vertex 9.986312 115.708842 6.200000
    endloop
  endfacet
  facet normal 0.000000 0.000000 1.000000
    outer loop
      vertex 11.500000 115.500000 6.200000
      vertex 11.473479 115.904631 6.200000
      vertex 9.986312 115.708842 6.200000
    endloop
  endfacet
  facet normal 0.000000 0.000000 1.000000
    outer loop
      vertex 11.500000 115.500000 6.200000
      vertex 9.986312 115.708842 6.200000
      vertex 10.000000 115.500000 6.200000
    endloop
  endfacet
  facet normal 0.000000 0.000000 -1.000000
    outer loop
      vertex 11.500000 115.500000 4.200000
      vertex 9.986312 115.708842 4.200000
      vertex 11.473479 115.904631 4.200000
    endloop
  endfacet
  facet normal 0.000000 0.000000 -1.000000
    outer loop
      vertex 11.500000 115.500000 4.200000
      vertex 10.000000 115.500000 4.200000
      vertex 9.986312 115.708842 4.200000
    endloop
  endfacet
  facet normal 0.980785 0.195090 0.000000
    outer loop
      vertex 11.473479 115.904631 4.200000
      vertex 11.394370 116.302339 4.200000
      vertex 11.394370 116.302339 6.200000
    endloop
  endfacet
  facet normal 0.980785 0.195090 -0.000000
    outer loop
      vertex 11.473479 115.904631 4.200000
      vertex 11.394370 116.302339 6.200000
      vertex 11.473479 115.904631 6.200000
    endloop
  endfacet
  facet normal -0.980785 -0.195090 0.000000
    outer loop
      vertex 9.986312 115.708842 4.200000
      vertex 9.945481 115.914110 6.200000
      vertex 9.945481 115.914110 4.200000
    endloop
  endfacet
  facet normal -0.980785 -0.195090 0.000000
    outer loop
      vertex 9.986312 115.708842 4.200000
      vertex 9.986312 115.708842 6.200000
      vertex 9.945481 115.914110 6.200000
    endloop
  endfacet
  facet normal 0.000000 0.000000 1.000000
    outer loop
      vertex 11.473479 115.904631 6.200000
      vertex 11.394370 116.302339 6.200000
      vertex 9.945481 115.914110 6.200000
    endloop
  endfacet
  facet normal 0.000000 0.000000 1.000000
    outer loop
      vertex 11.473479 115.904631 6.200000
      vertex 9.945481 115.914110 6.200000
      vertex 9.986312 115.708842 6.200000
    endloop
  endfacet
  facet normal 0.000000 0.000000 -1.000000
    outer loop
      vertex 11.473479 115.904631 4.200000
      vertex 9.945481 115.914110 4.200000
      vertex 11.394370 116.302339 4.200000
    endloop
  endfacet
  facet normal -0.000000 0.000000 -1.000000
    outer loop
      vertex 11.473479 115.904631 4.200000
      vertex 9.986312 115.708842 4.200000
      vertex 9.945481 115.914110 4.200000
    endloop
  endfacet
  facet normal 0.946930 0.321439 0.000000
    outer loop
      vertex 11.394370 116.302339 4.200000
      vertex 11.264027 116.686319 4.200000
      vertex 11.264027 116.686319 6.200000
    endloop
  endfacet
  facet normal 0.946930 0.321439 -0.000000
    outer loop
      vertex 11.394370 116.302339 4.200000
      vertex 11.264027 116.686319 6.200000
      vertex 11.394370 116.302339 6.200000
    endloop
  endfacet
  facet normal -0.946930 -0.321439 0.000000
    outer loop
      vertex 9.945481 115.914110 4.200000
      vertex 9.878207 116.112293 6.200000
      vertex 9.878207 116.112293 4.200000
    endloop
  endfacet
  facet normal -0.946930 -0.321439 0.000000
    outer loop
      vertex 9.945481 115.914110 4.200000
      vertex 9.945481 115.914110 6.200000
      vertex 9.878207 116.112293 6.200000
    endloop
  endfacet
  facet normal 0.000000 0.000000 1.000000
    outer loop
      vertex 11.394370 116.302339 6.200000
      vertex 11.264027 116.686319 6.200000
      vertex 9.878207 116.112293 6.200000
    endloop
  endfacet
  facet normal 0.000000 0.000000 1.000000
    outer loop
      vertex 11.394370 116.302339 6.200000
      vertex 9.878207 116.112293 6.200000
      vertex 9.945481 115.914110 6.200000
    endloop
  endfacet
  facet normal -0.000000 0.000000 -1.000000
    outer loop
      vertex 11.394370 116.302339 4.200000
      vertex 9.878207 116.112293 4.200000
      vertex 11.264027 116.686319 4.200000
    endloop
  endfacet
  facet normal 0.000000 0.000000 -1.000000
    outer loop
      vertex 11.394370 116.302339 4.200000
      vertex 9.945481 115.914110 4.200000
      vertex 9.878207 116.112293 4.200000
    endloop
  endfacet
  facet normal 0.896873 0.442289 0.000000
    outer loop
      vertex 11.264027 116.686319 4.200000
      vertex 11.084679 117.050000 4.200000
      vertex 11.084679 117.050000 6.200000
    endloop
  endfacet
  facet normal 0.896873 0.442289 -0.000000
    outer loop
      vertex 11.264027 116.686319 4.200000
      vertex 11.084679 117.050000 6.200000
      vertex 11.264027 116.686319 6.200000
    endloop
  endfacet
  facet normal -0.896873 -0.442289 0.000000
    outer loop
      vertex 9.878207 116.112293 4.200000
      vertex 9.785641 116.300000 6.200000
      vertex 9.785641 116.300000 4.200000
    endloop
  endfacet
  facet normal -0.896873 -0.442289 0.000000
    outer loop
      vertex 9.878207 116.112293 4.200000
      vertex 9.878207 116.112293 6.200000
      vertex 9.785641 116.300000 6.200000
    endloop
  endfacet
  facet normal 0.000000 0.000000 1.000000
    outer loop
      vertex 11.264027 116.686319 6.200000
      vertex 11.084679 117.050000 6.200000
      vertex 9.785641 116.300000 6.200000
    endloop
  endfacet
  facet normal 0.000000 0.000000 1.000000
    outer loop
      vertex 11.264027 116.686319 6.200000
      vertex 9.785641 116.300000 6.200000
      vertex 9.878207 116.112293 6.200000
    endloop
  endfacet
  facet normal -0.000000 0.000000 -1.000000
    outer loop
      vertex 11.264027 116.686319 4.200000
      vertex 9.785641 116.300000 4.200000
      vertex 11.084679 117.050000 4.200000
    endloop
  endfacet
  facet normal 0.000000 0.000000 -1.000000
    outer loop
      vertex 11.264027 116.686319 4.200000
      vertex 9.878207 116.112293 4.200000
      vertex 9.785641 116.300000 4.200000
    endloop
  endfacet
  facet normal 0.831470 0.555570 0.000000
    outer loop
      vertex 11.084679 117.050000 4.200000
      vertex 10.859395 117.387160 4.200000
      vertex 10.859395 117.387160 6.200000
    endloop
  endfacet
  facet normal 0.831470 0.555570 -0.000000
    outer loop
      vertex 11.084679 117.050000 4.200000
      vertex 10.859395 117.387160 6.200000
      vertex 11.084679 117.050000 6.200000
    endloop
  endfacet
  facet normal -0.831470 -0.555570 0.000000
    outer loop
      vertex 9.785641 116.300000 4.200000
      vertex 9.669365 116.474018 6.200000
      vertex 9.669365 116.474018 4.200000
    endloop
  endfacet
  facet normal -0.831470 -0.555570 0.000000
    outer loop
      vertex 9.785641 116.300000 4.200000
      vertex 9.785641 116.300000 6.200000
      vertex 9.669365 116.474018 6.200000
    endloop
  endfacet
  facet normal 0.000000 0.000000 1.000000
    outer loop
      vertex 11.084679 117.050000 6.200000
      vertex 10.859395 117.387160 6.200000
      vertex 9.669365 116.474018 6.200000
    endloop
  endfacet
  facet normal 0.000000 0.000000 1.000000
    outer loop
      vertex 11.084679 117.050000 6.200000
      vertex 9.669365 116.474018 6.200000
      vertex 9.785641 116.300000 6.200000
    endloop
  endfacet
  facet normal -0.000000 0.000000 -1.000000
    outer loop
      vertex 11.084679 117.050000 4.200000
      vertex 9.669365 116.474018 4.200000
      vertex 10.859395 117.387160 4.200000
    endloop
  endfacet
  facet normal 0.000000 0.000000 -1.000000
    outer loop
      vertex 11.084679 117.050000 4.200000
      vertex 9.785641 116.300000 4.200000
      vertex 9.669365 116.474018 4.200000
    endloop
  endfacet
  facet normal 0.751840 0.659346 0.000000
    outer loop
      vertex 10.859395 117.387160 4.200000
      vertex 10.592031 117.692031 4.200000
      vertex 10.592031 117.692031 6.200000
    endloop
  endfacet
  facet normal 0.751840 0.659346 -0.000000
    outer loop
      vertex 10.859395 117.387160 4.200000
      vertex 10.592031 117.692031 6.200000
      vertex 10.859395 117.387160 6.200000
    endloop
  endfacet
  facet normal -0.751840 -0.659346 0.000000
    outer loop
      vertex 9.669365 116.474018 4.200000
      vertex 9.531371 116.631371 6.200000
      vertex 9.531371 116.631371 4.200000
    endloop
  endfacet
  facet normal -0.751840 -0.659346 0.000000
    outer loop
      vertex 9.669365 116.474018 4.200000
      vertex 9.669365 116.474018 6.200000
      vertex 9.531371 116.631371 6.200000
    endloop
  endfacet
  facet normal 0.000000 0.000000 1.000000
    outer loop
      vertex 10.859395 117.387160 6.200000
      vertex 10.592031 117.692031 6.200000
      vertex 9.531371 116.631371 6.200000
    endloop
  endfacet
  facet normal 0.000000 0.000000 1.000000
    outer loop
      vertex 10.859395 117.387160 6.200000
      vertex 9.531371 116.631371 6.200000
      vertex 9.669365 116.474018 6.200000
    endloop
  endfacet
  facet normal -0.000000 0.000000 -1.000000
    outer loop
      vertex 10.859395 117.387160 4.200000
      vertex 9.531371 116.631371 4.200000
      vertex 10.592031 117.692031 4.200000
    endloop
  endfacet
  facet normal 0.000000 0.000000 -1.000000
    outer loop
      vertex 10.859395 117.387160 4.200000
      vertex 9.669365 116.474018 4.200000
      vertex 9.531371 116.631371 4.200000
    endloop
  endfacet
  facet normal 0.659346 0.751840 0.000000
    outer loop
      vertex 10.592031 117.692031 4.200000
      vertex 10.287160 117.959395 4.200000
      vertex 10.287160 117.959395 6.200000
    endloop
  endfacet
  facet normal 0.659346 0.751840 -0.000000
    outer loop
      vertex 10.592031 117.692031 4.200000
      vertex 10.287160 117.959395 6.200000
      vertex 10.592031 117.692031 6.200000
    endloop
  endfacet
  facet normal -0.659346 -0.751840 0.000000
    outer loop
      vertex 9.531371 116.631371 4.200000
      vertex 9.374018 116.769365 6.200000
      vertex 9.374018 116.769365 4.200000
    endloop
  endfacet
  facet normal -0.659346 -0.751840 0.000000
    outer loop
      vertex 9.531371 116.631371 4.200000
      vertex 9.531371 116.631371 6.200000
      vertex 9.374018 116.769365 6.200000
    endloop
  endfacet
  facet normal 0.000000 0.000000 1.000000
    outer loop
      vertex 10.592031 117.692031 6.200000
      vertex 10.287160 117.959395 6.200000
      vertex 9.374018 116.769365 6.200000
    endloop
  endfacet
  facet normal 0.000000 0.000000 1.000000
    outer loop
      vertex 10.592031 117.692031 6.200000
      vertex 9.374018 116.769365 6.200000
      vertex 9.531371 116.631371 6.200000
    endloop
  endfacet
  facet normal -0.000000 0.000000 -1.000000
    outer loop
      vertex 10.592031 117.692031 4.200000
      vertex 9.374018 116.769365 4.200000
      vertex 10.287160 117.959395 4.200000
    endloop
  endfacet
  facet normal 0.000000 0.000000 -1.000000
    outer loop
      vertex 10.592031 117.692031 4.200000
      vertex 9.531371 116.631371 4.200000
      vertex 9.374018 116.769365 4.200000
    endloop
  endfacet
  facet normal 0.555570 0.831470 0.000000
    outer loop
      vertex 10.287160 117.959395 4.200000
      vertex 9.950000 118.184679 4.200000
      vertex 9.950000 118.184679 6.200000
    endloop
  endfacet
  facet normal 0.555570 0.831470 -0.000000
    outer loop
      vertex 10.287160 117.959395 4.200000
      vertex 9.950000 118.184679 6.200000
      vertex 10.287160 117.959395 6.200000
    endloop
  endfacet
  facet normal -0.555570 -0.831470 0.000000
    outer loop
      vertex 9.374018 116.769365 4.200000
      vertex 9.200000 116.885641 6.200000
      vertex 9.200000 116.885641 4.200000
    endloop
  endfacet
  facet normal -0.555570 -0.831470 0.000000
    outer loop
      vertex 9.374018 116.769365 4.200000
      vertex 9.374018 116.769365 6.200000
      vertex 9.200000 116.885641 6.200000
    endloop
  endfacet
  facet normal 0.000000 0.000000 1.000000
    outer loop
      vertex 10.287160 117.959395 6.200000
      vertex 9.950000 118.184679 6.200000
      vertex 9.200000 116.885641 6.200000
    endloop
  endfacet
  facet normal 0.000000 0.000000 1.000000
    outer loop
      vertex 10.287160 117.959395 6.200000
      vertex 9.200000 116.885641 6.200000
      vertex 9.374018 116.769365 6.200000
    endloop
  endfacet
  facet normal -0.000000 0.000000 -1.000000
    outer loop
      vertex 10.287160 117.959395 4.200000
      vertex 9.200000 116.885641 4.200000
      vertex 9.950000 118.184679 4.200000
    endloop
  endfacet
  facet normal 0.000000 0.000000 -1.000000
    outer loop
      vertex 10.287160 117.959395 4.200000
      vertex 9.374018 116.769365 4.200000
      vertex 9.200000 116.885641 4.200000
    endloop
  endfacet
  facet normal 0.442289 0.896873 0.000000
    outer loop
      vertex 9.950000 118.184679 4.200000
      vertex 9.586319 118.364027 4.200000
      vertex 9.586319 118.364027 6.200000
    endloop
  endfacet
  facet normal 0.442289 0.896873 -0.000000
    outer loop
      vertex 9.950000 118.184679 4.200000
      vertex 9.586319 118.364027 6.200000
      vertex 9.950000 118.184679 6.200000
    endloop
  endfacet
  facet normal -0.442289 -0.896873 0.000000
    outer loop
      vertex 9.200000 116.885641 4.200000
      vertex 9.012293 116.978207 6.200000
      vertex 9.012293 116.978207 4.200000
    endloop
  endfacet
  facet normal -0.442289 -0.896873 0.000000
    outer loop
      vertex 9.200000 116.885641 4.200000
      vertex 9.200000 116.885641 6.200000
      vertex 9.012293 116.978207 6.200000
    endloop
  endfacet
  facet normal 0.000000 0.000000 1.000000
    outer loop
      vertex 9.950000 118.184679 6.200000
      vertex 9.586319 118.364027 6.200000
      vertex 9.012293 116.978207 6.200000
    endloop
  endfacet
  facet normal 0.000000 0.000000 1.000000
    outer loop
      vertex 9.950000 118.184679 6.200000
      vertex 9.012293 116.978207 6.200000
      vertex 9.200000 116.885641 6.200000
    endloop
  endfacet
  facet normal -0.000000 0.000000 -1.000000
    outer loop
      vertex 9.950000 118.184679 4.200000
      vertex 9.012293 116.978207 4.200000
      vertex 9.586319 118.364027 4.200000
    endloop
  endfacet
  facet normal 0.000000 0.000000 -1.000000
    outer loop
      vertex 9.950000 118.184679 4.200000
      vertex 9.200000 116.885641 4.200000
      vertex 9.012293 116.978207 4.200000
    endloop
  endfacet
  facet normal 0.321439 0.946930 0.000000
    outer loop
      vertex 9.586319 118.364027 4.200000
      vertex 9.202339 118.494370 4.200000
      vertex 9.202339 118.494370 6.200000
    endloop
  endfacet
  facet normal 0.321439 0.946930 -0.000000
    outer loop
      vertex 9.586319 118.364027 4.200000
      vertex 9.202339 118.494370 6.200000
      vertex 9.586319 118.364027 6.200000
    endloop
  endfacet
  facet normal -0.321439 -0.946930 0.000000
    outer loop
      vertex 9.012293 116.978207 4.200000
      vertex 8.814110 117.045481 6.200000
      vertex 8.814110 117.045481 4.200000
    endloop
  endfacet
  facet normal -0.321439 -0.946930 0.000000
    outer loop
      vertex 9.012293 116.978207 4.200000
      vertex 9.012293 116.978207 6.200000
      vertex 8.814110 117.045481 6.200000
    endloop
  endfacet
  facet normal 0.000000 0.000000 1.000000
    outer loop
      vertex 9.586319 118.364027 6.200000
      vertex 9.202339 118.494370 6.200000
      vertex 8.814110 117.045481 6.200000
    endloop
  endfacet
  facet normal 0.000000 0.000000 1.000000
    outer loop
      vertex 9.586319 118.364027 6.200000
      vertex 8.814110 117.045481 6.200000
      vertex 9.012293 116.978207 6.200000
    endloop
  endfacet
  facet normal -0.000000 0.000000 -1.000000
    outer loop
      vertex 9.586319 118.364027 4.200000
      vertex 8.814110 117.045481 4.200000
      vertex 9.202339 118.494370 4.200000
    endloop
  endfacet
  facet normal 0.000000 0.000000 -1.000000
    outer loop
      vertex 9.586319 118.364027 4.200000
      vertex 9.012293 116.978207 4.200000
      vertex 8.814110 117.045481 4.200000
    endloop
  endfacet
  facet normal 0.195090 0.980785 0.000000
    outer loop
      vertex 9.202339 118.494370 4.200000
      vertex 8.804631 118.573479 4.200000
      vertex 8.804631 118.573479 6.200000
    endloop
  endfacet
  facet normal 0.195090 0.980785 -0.000000
    outer loop
      vertex 9.202339 118.494370 4.200000
      vertex 8.804631 118.573479 6.200000
      vertex 9.202339 118.494370 6.200000
    endloop
  endfacet
  facet normal -0.195090 -0.980785 0.000000
    outer loop
      vertex 8.814110 117.045481 4.200000
      vertex 8.608842 117.086312 6.200000
      vertex 8.608842 117.086312 4.200000
    endloop
  endfacet
  facet normal -0.195090 -0.980785 0.000000
    outer loop
      vertex 8.814110 117.045481 4.200000
      vertex 8.814110 117.045481 6.200000
      vertex 8.608842 117.086312 6.200000
    endloop
  endfacet
  facet normal 0.000000 0.000000 1.000000
    outer loop
      vertex 9.202339 118.494370 6.200000
      vertex 8.804631 118.573479 6.200000
      vertex 8.608842 117.086312 6.200000
    endloop
  endfacet
  facet normal 0.000000 0.000000 1.000000
    outer loop
      vertex 9.202339 118.494370 6.200000
      vertex 8.608842 117.086312 6.200000
      vertex 8.814110 117.045481 6.200000
    endloop
  endfacet
  facet normal -0.000000 0.000000 -1.000000
    outer loop
      vertex 9.202339 118.494370 4.200000
      vertex 8.608842 117.086312 4.200000
      vertex 8.804631 118.573479 4.200000
    endloop
  endfacet
  facet normal 0.000000 0.000000 -1.000000
    outer loop
      vertex 9.202339 118.494370 4.200000
      vertex 8.814110 117.045481 4.200000
      vertex 8.608842 117.086312 4.200000
    endloop
  endfacet
  facet normal 0.065403 0.997859 0.000000
    outer loop
      vertex 8.804631 118.573479 4.200000
      vertex 8.400000 118.600000 4.200000
      vertex 8.400000 118.600000 6.200000
    endloop
  endfacet
  facet normal 0.065403 0.997859 -0.000000
    outer loop
      vertex 8.804631 118.573479 4.200000
      vertex 8.400000 118.600000 6.200000
      vertex 8.804631 118.573479 6.200000
    endloop
  endfacet
  facet normal -0.065403 -0.997859 0.000000
    outer loop
      vertex 8.608842 117.086312 4.200000
      vertex 8.400000 117.100000 6.200000
      vertex 8.400000 117.100000 4.200000
    endloop
  endfacet
  facet normal -0.065403 -0.997859 0.000000
    outer loop
      vertex 8.608842 117.086312 4.200000
      vertex 8.608842 117.086312 6.200000
      vertex 8.400000 117.100000 6.200000
    endloop
  endfacet
  facet normal 0.000000 0.000000 1.000000
    outer loop
      vertex 8.804631 118.573479 6.200000
      vertex 8.400000 118.600000 6.200000
      vertex 8.400000 117.100000 6.200000
    endloop
  endfacet
  facet normal 0.000000 0.000000 1.000000
    outer loop
      vertex 8.804631 118.573479 6.200000
      vertex 8.400000 117.100000 6.200000
      vertex 8.608842 117.086312 6.200000
    endloop
  endfacet
  facet normal -0.000000 0.000000 -1.000000
    outer loop
      vertex 8.804631 118.573479 4.200000
      vertex 8.400000 117.100000 4.200000
      vertex 8.400000 118.600000 4.200000
    endloop
  endfacet
  facet normal 0.000000 0.000000 -1.000000
    outer loop
      vertex 8.804631 118.573479 4.200000
      vertex 8.608842 117.086312 4.200000
      vertex 8.400000 117.100000 4.200000
    endloop
  endfacet
  facet normal -0.065403 0.997859 0.000000
    outer loop
      vertex 8.400000 118.600000 4.200000
      vertex 7.995369 118.573479 4.200000
      vertex 7.995369 118.573479 6.200000
    endloop
  endfacet
  facet normal -0.065403 0.997859 0.000000
    outer loop
      vertex 8.400000 118.600000 4.200000
      vertex 7.995369 118.573479 6.200000
      vertex 8.400000 118.600000 6.200000
    endloop
  endfacet
  facet normal 0.065403 -0.997859 0.000000
    outer loop
      vertex 8.400000 117.100000 4.200000
      vertex 8.191158 117.086312 6.200000
      vertex 8.191158 117.086312 4.200000
    endloop
  endfacet
  facet normal 0.065403 -0.997859 0.000000
    outer loop
      vertex 8.400000 117.100000 4.200000
      vertex 8.400000 117.100000 6.200000
      vertex 8.191158 117.086312 6.200000
    endloop
  endfacet
  facet normal 0.000000 0.000000 1.000000
    outer loop
      vertex 8.400000 118.600000 6.200000
      vertex 7.995369 118.573479 6.200000
      vertex 8.191158 117.086312 6.200000
    endloop
  endfacet
  facet normal 0.000000 0.000000 1.000000
    outer loop
      vertex 8.400000 118.600000 6.200000
      vertex 8.191158 117.086312 6.200000
      vertex 8.400000 117.100000 6.200000
    endloop
  endfacet
  facet normal 0.000000 0.000000 -1.000000
    outer loop
      vertex 8.400000 118.600000 4.200000
      vertex 8.191158 117.086312 4.200000
      vertex 7.995369 118.573479 4.200000
    endloop
  endfacet
  facet normal 0.000000 -0.000000 -1.000000
    outer loop
      vertex 8.400000 118.600000 4.200000
      vertex 8.400000 117.100000 4.200000
      vertex 8.191158 117.086312 4.200000
    endloop
  endfacet
  facet normal -0.195090 0.980785 0.000000
    outer loop
      vertex 7.995369 118.573479 4.200000
      vertex 7.597661 118.494370 4.200000
      vertex 7.597661 118.494370 6.200000
    endloop
  endfacet
  facet normal -0.195090 0.980785 0.000000
    outer loop
      vertex 7.995369 118.573479 4.200000
      vertex 7.597661 118.494370 6.200000
      vertex 7.995369 118.573479 6.200000
    endloop
  endfacet
  facet normal 0.195090 -0.980785 0.000000
    outer loop
      vertex 8.191158 117.086312 4.200000
      vertex 7.985890 117.045481 6.200000
      vertex 7.985890 117.045481 4.200000
    endloop
  endfacet
  facet normal 0.195090 -0.980785 0.000000
    outer loop
      vertex 8.191158 117.086312 4.200000
      vertex 8.191158 117.086312 6.200000
      vertex 7.985890 117.045481 6.200000
    endloop
  endfacet
  facet normal 0.000000 0.000000 1.000000
    outer loop
      vertex 7.995369 118.573479 6.200000
      vertex 7.597661 118.494370 6.200000
      vertex 7.985890 117.045481 6.200000
    endloop
  endfacet
  facet normal 0.000000 0.000000 1.000000
    outer loop
      vertex 7.995369 118.573479 6.200000
      vertex 7.985890 117.045481 6.200000
      vertex 8.191158 117.086312 6.200000
    endloop
  endfacet
  facet normal 0.000000 0.000000 -1.000000
    outer loop
      vertex 7.995369 118.573479 4.200000
      vertex 7.985890 117.045481 4.200000
      vertex 7.597661 118.494370 4.200000
    endloop
  endfacet
  facet normal 0.000000 -0.000000 -1.000000
    outer loop
      vertex 7.995369 118.573479 4.200000
      vertex 8.191158 117.086312 4.200000
      vertex 7.985890 117.045481 4.200000
    endloop
  endfacet
  facet normal -0.321439 0.946930 0.000000
    outer loop
      vertex 7.597661 118.494370 4.200000
      vertex 7.213681 118.364027 4.200000
      vertex 7.213681 118.364027 6.200000
    endloop
  endfacet
  facet normal -0.321439 0.946930 0.000000
    outer loop
      vertex 7.597661 118.494370 4.200000
      vertex 7.213681 118.364027 6.200000
      vertex 7.597661 118.494370 6.200000
    endloop
  endfacet
  facet normal 0.321439 -0.946930 0.000000
    outer loop
      vertex 7.985890 117.045481 4.200000
      vertex 7.787707 116.978207 6.200000
      vertex 7.787707 116.978207 4.200000
    endloop
  endfacet
  facet normal 0.321439 -0.946930 0.000000
    outer loop
      vertex 7.985890 117.045481 4.200000
      vertex 7.985890 117.045481 6.200000
      vertex 7.787707 116.978207 6.200000
    endloop
  endfacet
  facet normal 0.000000 0.000000 1.000000
    outer loop
      vertex 7.597661 118.494370 6.200000
      vertex 7.213681 118.364027 6.200000
      vertex 7.787707 116.978207 6.200000
    endloop
  endfacet
  facet normal 0.000000 0.000000 1.000000
    outer loop
      vertex 7.597661 118.494370 6.200000
      vertex 7.787707 116.978207 6.200000
      vertex 7.985890 117.045481 6.200000
    endloop
  endfacet
  facet normal 0.000000 -0.000000 -1.000000
    outer loop
      vertex 7.597661 118.494370 4.200000
      vertex 7.787707 116.978207 4.200000
      vertex 7.213681 118.364027 4.200000
    endloop
  endfacet
  facet normal 0.000000 0.000000 -1.000000
    outer loop
      vertex 7.597661 118.494370 4.200000
      vertex 7.985890 117.045481 4.200000
      vertex 7.787707 116.978207 4.200000
    endloop
  endfacet
  facet normal -0.442289 0.896873 0.000000
    outer loop
      vertex 7.213681 118.364027 4.200000
      vertex 6.850000 118.184679 4.200000
      vertex 6.850000 118.184679 6.200000
    endloop
  endfacet
  facet normal -0.442289 0.896873 0.000000
    outer loop
      vertex 7.213681 118.364027 4.200000
      vertex 6.850000 118.184679 6.200000
      vertex 7.213681 118.364027 6.200000
    endloop
  endfacet
  facet normal 0.442289 -0.896873 0.000000
    outer loop
      vertex 7.787707 116.978207 4.200000
      vertex 7.600000 116.885641 6.200000
      vertex 7.600000 116.885641 4.200000
    endloop
  endfacet
  facet normal 0.442289 -0.896873 0.000000
    outer loop
      vertex 7.787707 116.978207 4.200000
      vertex 7.787707 116.978207 6.200000
      vertex 7.600000 116.885641 6.200000
    endloop
  endfacet
  facet normal 0.000000 0.000000 1.000000
    outer loop
      vertex 7.213681 118.364027 6.200000
      vertex 6.850000 118.184679 6.200000
      vertex 7.600000 116.885641 6.200000
    endloop
  endfacet
  facet normal 0.000000 0.000000 1.000000
    outer loop
      vertex 7.213681 118.364027 6.200000
      vertex 7.600000 116.885641 6.200000
      vertex 7.787707 116.978207 6.200000
    endloop
  endfacet
  facet normal 0.000000 -0.000000 -1.000000
    outer loop
      vertex 7.213681 118.364027 4.200000
      vertex 7.600000 116.885641 4.200000
      vertex 6.850000 118.184679 4.200000
    endloop
  endfacet
  facet normal 0.000000 0.000000 -1.000000
    outer loop
      vertex 7.213681 118.364027 4.200000
      vertex 7.787707 116.978207 4.200000
      vertex 7.600000 116.885641 4.200000
    endloop
  endfacet
  facet normal -0.555570 0.831470 0.000000
    outer loop
      vertex 6.850000 118.184679 4.200000
      vertex 6.512840 117.959395 4.200000
      vertex 6.512840 117.959395 6.200000
    endloop
  endfacet
  facet normal -0.555570 0.831470 0.000000
    outer loop
      vertex 6.850000 118.184679 4.200000
      vertex 6.512840 117.959395 6.200000
      vertex 6.850000 118.184679 6.200000
    endloop
  endfacet
  facet normal 0.555570 -0.831470 0.000000
    outer loop
      vertex 7.600000 116.885641 4.200000
      vertex 7.425982 116.769365 6.200000
      vertex 7.425982 116.769365 4.200000
    endloop
  endfacet
  facet normal 0.555570 -0.831470 0.000000
    outer loop
      vertex 7.600000 116.885641 4.200000
      vertex 7.600000 116.885641 6.200000
      vertex 7.425982 116.769365 6.200000
    endloop
  endfacet
  facet normal 0.000000 0.000000 1.000000
    outer loop
      vertex 6.850000 118.184679 6.200000
      vertex 6.512840 117.959395 6.200000
      vertex 7.425982 116.769365 6.200000
    endloop
  endfacet
  facet normal 0.000000 0.000000 1.000000
    outer loop
      vertex 6.850000 118.184679 6.200000
      vertex 7.425982 116.769365 6.200000
      vertex 7.600000 116.885641 6.200000
    endloop
  endfacet
  facet normal 0.000000 -0.000000 -1.000000
    outer loop
      vertex 6.850000 118.184679 4.200000
      vertex 7.425982 116.769365 4.200000
      vertex 6.512840 117.959395 4.200000
    endloop
  endfacet
  facet normal 0.000000 0.000000 -1.000000
    outer loop
      vertex 6.850000 118.184679 4.200000
      vertex 7.600000 116.885641 4.200000
      vertex 7.425982 116.769365 4.200000
    endloop
  endfacet
  facet normal -0.659346 0.751840 0.000000
    outer loop
      vertex 6.512840 117.959395 4.200000
      vertex 6.207969 117.692031 4.200000
      vertex 6.207969 117.692031 6.200000
    endloop
  endfacet
  facet normal -0.659346 0.751840 0.000000
    outer loop
      vertex 6.512840 117.959395 4.200000
      vertex 6.207969 117.692031 6.200000
      vertex 6.512840 117.959395 6.200000
    endloop
  endfacet
  facet normal 0.659346 -0.751840 0.000000
    outer loop
      vertex 7.425982 116.769365 4.200000
      vertex 7.268629 116.631371 6.200000
      vertex 7.268629 116.631371 4.200000
    endloop
  endfacet
  facet normal 0.659346 -0.751840 0.000000
    outer loop
      vertex 7.425982 116.769365 4.200000
      vertex 7.425982 116.769365 6.200000
      vertex 7.268629 116.631371 6.200000
    endloop
  endfacet
  facet normal 0.000000 0.000000 1.000000
    outer loop
      vertex 6.512840 117.959395 6.200000
      vertex 6.207969 117.692031 6.200000
      vertex 7.268629 116.631371 6.200000
    endloop
  endfacet
  facet normal 0.000000 0.000000 1.000000
    outer loop
      vertex 6.512840 117.959395 6.200000
      vertex 7.268629 116.631371 6.200000
      vertex 7.425982 116.769365 6.200000
    endloop
  endfacet
  facet normal 0.000000 -0.000000 -1.000000
    outer loop
      vertex 6.512840 117.959395 4.200000
      vertex 7.268629 116.631371 4.200000
      vertex 6.207969 117.692031 4.200000
    endloop
  endfacet
  facet normal 0.000000 0.000000 -1.000000
    outer loop
      vertex 6.512840 117.959395 4.200000
      vertex 7.425982 116.769365 4.200000
      vertex 7.268629 116.631371 4.200000
    endloop
  endfacet
  facet normal -0.751840 0.659346 0.000000
    outer loop
      vertex 6.207969 117.692031 4.200000
      vertex 5.940605 117.387160 4.200000
      vertex 5.940605 117.387160 6.200000
    endloop
  endfacet
  facet normal -0.751840 0.659346 0.000000
    outer loop
      vertex 6.207969 117.692031 4.200000
      vertex 5.940605 117.387160 6.200000
      vertex 6.207969 117.692031 6.200000
    endloop
  endfacet
  facet normal 0.751840 -0.659346 0.000000
    outer loop
      vertex 7.268629 116.631371 4.200000
      vertex 7.130635 116.474018 6.200000
      vertex 7.130635 116.474018 4.200000
    endloop
  endfacet
  facet normal 0.751840 -0.659346 0.000000
    outer loop
      vertex 7.268629 116.631371 4.200000
      vertex 7.268629 116.631371 6.200000
      vertex 7.130635 116.474018 6.200000
    endloop
  endfacet
  facet normal 0.000000 0.000000 1.000000
    outer loop
      vertex 6.207969 117.692031 6.200000
      vertex 5.940605 117.387160 6.200000
      vertex 7.130635 116.474018 6.200000
    endloop
  endfacet
  facet normal 0.000000 0.000000 1.000000
    outer loop
      vertex 6.207969 117.692031 6.200000
      vertex 7.130635 116.474018 6.200000
      vertex 7.268629 116.631371 6.200000
    endloop
  endfacet
  facet normal 0.000000 -0.000000 -1.000000
    outer loop
      vertex 6.207969 117.692031 4.200000
      vertex 7.130635 116.474018 4.200000
      vertex 5.940605 117.387160 4.200000
    endloop
  endfacet
  facet normal 0.000000 0.000000 -1.000000
    outer loop
      vertex 6.207969 117.692031 4.200000
      vertex 7.268629 116.631371 4.200000
      vertex 7.130635 116.474018 4.200000
    endloop
  endfacet
  facet normal -0.831470 0.555570 0.000000
    outer loop
      vertex 5.940605 117.387160 4.200000
      vertex 5.715321 117.050000 4.200000
      vertex 5.715321 117.050000 6.200000
    endloop
  endfacet
  facet normal -0.831470 0.555570 0.000000
    outer loop
      vertex 5.940605 117.387160 4.200000
      vertex 5.715321 117.050000 6.200000
      vertex 5.940605 117.387160 6.200000
    endloop
  endfacet
  facet normal 0.831470 -0.555570 0.000000
    outer loop
      vertex 7.130635 116.474018 4.200000
      vertex 7.014359 116.300000 6.200000
      vertex 7.014359 116.300000 4.200000
    endloop
  endfacet
  facet normal 0.831470 -0.555570 0.000000
    outer loop
      vertex 7.130635 116.474018 4.200000
      vertex 7.130635 116.474018 6.200000
      vertex 7.014359 116.300000 6.200000
    endloop
  endfacet
  facet normal 0.000000 0.000000 1.000000
    outer loop
      vertex 5.940605 117.387160 6.200000
      vertex 5.715321 117.050000 6.200000
      vertex 7.014359 116.300000 6.200000
    endloop
  endfacet
  facet normal 0.000000 0.000000 1.000000
    outer loop
      vertex 5.940605 117.387160 6.200000
      vertex 7.014359 116.300000 6.200000
      vertex 7.130635 116.474018 6.200000
    endloop
  endfacet
  facet normal 0.000000 -0.000000 -1.000000
    outer loop
      vertex 5.940605 117.387160 4.200000
      vertex 7.014359 116.300000 4.200000
      vertex 5.715321 117.050000 4.200000
    endloop
  endfacet
  facet normal 0.000000 0.000000 -1.000000
    outer loop
      vertex 5.940605 117.387160 4.200000
      vertex 7.130635 116.474018 4.200000
      vertex 7.014359 116.300000 4.200000
    endloop
  endfacet
  facet normal -0.896873 0.442289 0.000000
    outer loop
      vertex 5.715321 117.050000 4.200000
      vertex 5.535973 116.686319 4.200000
      vertex 5.535973 116.686319 6.200000
    endloop
  endfacet
  facet normal -0.896873 0.442289 0.000000
    outer loop
      vertex 5.715321 117.050000 4.200000
      vertex 5.535973 116.686319 6.200000
      vertex 5.715321 117.050000 6.200000
    endloop
  endfacet
  facet normal 0.896873 -0.442289 0.000000
    outer loop
      vertex 7.014359 116.300000 4.200000
      vertex 6.921793 116.112293 6.200000
      vertex 6.921793 116.112293 4.200000
    endloop
  endfacet
  facet normal 0.896873 -0.442289 0.000000
    outer loop
      vertex 7.014359 116.300000 4.200000
      vertex 7.014359 116.300000 6.200000
      vertex 6.921793 116.112293 6.200000
    endloop
  endfacet
  facet normal 0.000000 0.000000 1.000000
    outer loop
      vertex 5.715321 117.050000 6.200000
      vertex 5.535973 116.686319 6.200000
      vertex 6.921793 116.112293 6.200000
    endloop
  endfacet
  facet normal 0.000000 0.000000 1.000000
    outer loop
      vertex 5.715321 117.050000 6.200000
      vertex 6.921793 116.112293 6.200000
      vertex 7.014359 116.300000 6.200000
    endloop
  endfacet
  facet normal 0.000000 -0.000000 -1.000000
    outer loop
      vertex 5.715321 117.050000 4.200000
      vertex 6.921793 116.112293 4.200000
      vertex 5.535973 116.686319 4.200000
    endloop
  endfacet
  facet normal 0.000000 0.000000 -1.000000
    outer loop
      vertex 5.715321 117.050000 4.200000
      vertex 7.014359 116.300000 4.200000
      vertex 6.921793 116.112293 4.200000
    endloop
  endfacet
  facet normal -0.946930 0.321439 0.000000
    outer loop
      vertex 5.535973 116.686319 4.200000
      vertex 5.405630 116.302339 4.200000
      vertex 5.405630 116.302339 6.200000
    endloop
  endfacet
  facet normal -0.946930 0.321439 0.000000
    outer loop
      vertex 5.535973 116.686319 4.200000
      vertex 5.405630 116.302339 6.200000
      vertex 5.535973 116.686319 6.200000
    endloop
  endfacet
  facet normal 0.946930 -0.321439 0.000000
    outer loop
      vertex 6.921793 116.112293 4.200000
      vertex 6.854519 115.914110 6.200000
      vertex 6.854519 115.914110 4.200000
    endloop
  endfacet
  facet normal 0.946930 -0.321439 0.000000
    outer loop
      vertex 6.921793 116.112293 4.200000
      vertex 6.921793 116.112293 6.200000
      vertex 6.854519 115.914110 6.200000
    endloop
  endfacet
  facet normal 0.000000 0.000000 1.000000
    outer loop
      vertex 5.535973 116.686319 6.200000
      vertex 5.405630 116.302339 6.200000
      vertex 6.854519 115.914110 6.200000
    endloop
  endfacet
  facet normal 0.000000 0.000000 1.000000
    outer loop
      vertex 5.535973 116.686319 6.200000
      vertex 6.854519 115.914110 6.200000
      vertex 6.921793 116.112293 6.200000
    endloop
  endfacet
  facet normal 0.000000 -0.000000 -1.000000
    outer loop
      vertex 5.535973 116.686319 4.200000
      vertex 6.854519 115.914110 4.200000
      vertex 5.405630 116.302339 4.200000
    endloop
  endfacet
  facet normal 0.000000 0.000000 -1.000000
    outer loop
      vertex 5.535973 116.686319 4.200000
      vertex 6.921793 116.112293 4.200000
      vertex 6.854519 115.914110 4.200000
    endloop
  endfacet
  facet normal -0.980785 0.195090 0.000000
    outer loop
      vertex 5.405630 116.302339 4.200000
      vertex 5.326521 115.904631 4.200000
      vertex 5.326521 115.904631 6.200000
    endloop
  endfacet
  facet normal -0.980785 0.195090 0.000000
    outer loop
      vertex 5.405630 116.302339 4.200000
      vertex 5.326521 115.904631 6.200000
      vertex 5.405630 116.302339 6.200000
    endloop
  endfacet
  facet normal 0.980785 -0.195090 0.000000
    outer loop
      vertex 6.854519 115.914110 4.200000
      vertex 6.813688 115.708842 6.200000
      vertex 6.813688 115.708842 4.200000
    endloop
  endfacet
  facet normal 0.980785 -0.195090 0.000000
    outer loop
      vertex 6.854519 115.914110 4.200000
      vertex 6.854519 115.914110 6.200000
      vertex 6.813688 115.708842 6.200000
    endloop
  endfacet
  facet normal 0.000000 0.000000 1.000000
    outer loop
      vertex 5.405630 116.302339 6.200000
      vertex 5.326521 115.904631 6.200000
      vertex 6.813688 115.708842 6.200000
    endloop
  endfacet
  facet normal 0.000000 0.000000 1.000000
    outer loop
      vertex 5.405630 116.302339 6.200000
      vertex 6.813688 115.708842 6.200000
      vertex 6.854519 115.914110 6.200000
    endloop
  endfacet
  facet normal 0.000000 -0.000000 -1.000000
    outer loop
      vertex 5.405630 116.302339 4.200000
      vertex 6.813688 115.708842 4.200000
      vertex 5.326521 115.904631 4.200000
    endloop
  endfacet
  facet normal 0.000000 0.000000 -1.000000
    outer loop
      vertex 5.405630 116.302339 4.200000
      vertex 6.854519 115.914110 4.200000
      vertex 6.813688 115.708842 4.200000
    endloop
  endfacet
  facet normal -0.997859 0.065403 0.000000
    outer loop
      vertex 5.326521 115.904631 4.200000
      vertex 5.300000 115.500000 4.200000
      vertex 5.300000 115.500000 6.200000
    endloop
  endfacet
  facet normal -0.997859 0.065403 0.000000
    outer loop
      vertex 5.326521 115.904631 4.200000
      vertex 5.300000 115.500000 6.200000
      vertex 5.326521 115.904631 6.200000
    endloop
  endfacet
  facet normal 0.997859 -0.065403 0.000000
    outer loop
      vertex 6.813688 115.708842 4.200000
      vertex 6.800000 115.500000 6.200000
      vertex 6.800000 115.500000 4.200000
    endloop
  endfacet
  facet normal 0.997859 -0.065403 0.000000
    outer loop
      vertex 6.813688 115.708842 4.200000
      vertex 6.813688 115.708842 6.200000
      vertex 6.800000 115.500000 6.200000
    endloop
  endfacet
  facet normal 0.000000 0.000000 1.000000
    outer loop
      vertex 5.326521 115.904631 6.200000
      vertex 5.300000 115.500000 6.200000
      vertex 6.800000 115.500000 6.200000
    endloop
  endfacet
  facet normal 0.000000 0.000000 1.000000
    outer loop
      vertex 5.326521 115.904631 6.200000
      vertex 6.800000 115.500000 6.200000
      vertex 6.813688 115.708842 6.200000
    endloop
  endfacet
  facet normal 0.000000 -0.000000 -1.000000
    outer loop
      vertex 5.326521 115.904631 4.200000
      vertex 6.800000 115.500000 4.200000
      vertex 5.300000 115.500000 4.200000
    endloop
  endfacet
  facet normal 0.000000 0.000000 -1.000000
    outer loop
      vertex 5.326521 115.904631 4.200000
      vertex 6.813688 115.708842 4.200000
      vertex 6.800000 115.500000 4.200000
    endloop
  endfacet
  facet normal -0.997859 -0.065403 0.000000
    outer loop
      vertex 5.300000 115.500000 4.200000
      vertex 5.326521 115.095369 4.200000
      vertex 5.326521 115.095369 6.200000
    endloop
  endfacet
  facet normal -0.997859 -0.065403 0.000000
    outer loop
      vertex 5.300000 115.500000 4.200000
      vertex 5.326521 115.095369 6.200000
      vertex 5.300000 115.500000 6.200000
    endloop
  endfacet
  facet normal 0.997859 0.065403 0.000000
    outer loop
      vertex 6.800000 115.500000 4.200000
      vertex 6.813688 115.291158 6.200000
      vertex 6.813688 115.291158 4.200000
    endloop
  endfacet
  facet normal 0.997859 0.065403 -0.000000
    outer loop
      vertex 6.800000 115.500000 4.200000
      vertex 6.800000 115.500000 6.200000
      vertex 6.813688 115.291158 6.200000
    endloop
  endfacet
  facet normal 0.000000 0.000000 1.000000
    outer loop
      vertex 5.300000 115.500000 6.200000
      vertex 5.326521 115.095369 6.200000
      vertex 6.813688 115.291158 6.200000
    endloop
  endfacet
  facet normal -0.000000 0.000000 1.000000
    outer loop
      vertex 5.300000 115.500000 6.200000
      vertex 6.813688 115.291158 6.200000
      vertex 6.800000 115.500000 6.200000
    endloop
  endfacet
  facet normal 0.000000 0.000000 -1.000000
    outer loop
      vertex 5.300000 115.500000 4.200000
      vertex 6.813688 115.291158 4.200000
      vertex 5.326521 115.095369 4.200000
    endloop
  endfacet
  facet normal 0.000000 0.000000 -1.000000
    outer loop
      vertex 5.300000 115.500000 4.200000
      vertex 6.800000 115.500000 4.200000
      vertex 6.813688 115.291158 4.200000
    endloop
  endfacet
  facet normal -0.980785 -0.195090 0.000000
    outer loop
      vertex 5.326521 115.095369 4.200000
      vertex 5.405630 114.697661 4.200000
      vertex 5.405630 114.697661 6.200000
    endloop
  endfacet
  facet normal -0.980785 -0.195090 0.000000
    outer loop
      vertex 5.326521 115.095369 4.200000
      vertex 5.405630 114.697661 6.200000
      vertex 5.326521 115.095369 6.200000
    endloop
  endfacet
  facet normal 0.980785 0.195090 0.000000
    outer loop
      vertex 6.813688 115.291158 4.200000
      vertex 6.854519 115.085890 6.200000
      vertex 6.854519 115.085890 4.200000
    endloop
  endfacet
  facet normal 0.980785 0.195090 -0.000000
    outer loop
      vertex 6.813688 115.291158 4.200000
      vertex 6.813688 115.291158 6.200000
      vertex 6.854519 115.085890 6.200000
    endloop
  endfacet
  facet normal 0.000000 0.000000 1.000000
    outer loop
      vertex 5.326521 115.095369 6.200000
      vertex 5.405630 114.697661 6.200000
      vertex 6.854519 115.085890 6.200000
    endloop
  endfacet
  facet normal -0.000000 0.000000 1.000000
    outer loop
      vertex 5.326521 115.095369 6.200000
      vertex 6.854519 115.085890 6.200000
      vertex 6.813688 115.291158 6.200000
    endloop
  endfacet
  facet normal 0.000000 0.000000 -1.000000
    outer loop
      vertex 5.326521 115.095369 4.200000
      vertex 6.854519 115.085890 4.200000
      vertex 5.405630 114.697661 4.200000
    endloop
  endfacet
  facet normal 0.000000 0.000000 -1.000000
    outer loop
      vertex 5.326521 115.095369 4.200000
      vertex 6.813688 115.291158 4.200000
      vertex 6.854519 115.085890 4.200000
    endloop
  endfacet
  facet normal -0.946930 -0.321439 0.000000
    outer loop
      vertex 5.405630 114.697661 4.200000
      vertex 5.535973 114.313681 4.200000
      vertex 5.535973 114.313681 6.200000
    endloop
  endfacet
  facet normal -0.946930 -0.321439 0.000000
    outer loop
      vertex 5.405630 114.697661 4.200000
      vertex 5.535973 114.313681 6.200000
      vertex 5.405630 114.697661 6.200000
    endloop
  endfacet
  facet normal 0.946930 0.321439 0.000000
    outer loop
      vertex 6.854519 115.085890 4.200000
      vertex 6.921793 114.887707 6.200000
      vertex 6.921793 114.887707 4.200000
    endloop
  endfacet
  facet normal 0.946930 0.321439 -0.000000
    outer loop
      vertex 6.854519 115.085890 4.200000
      vertex 6.854519 115.085890 6.200000
      vertex 6.921793 114.887707 6.200000
    endloop
  endfacet
  facet normal -0.000000 0.000000 1.000000
    outer loop
      vertex 5.405630 114.697661 6.200000
      vertex 5.535973 114.313681 6.200000
      vertex 6.921793 114.887707 6.200000
    endloop
  endfacet
  facet normal 0.000000 0.000000 1.000000
    outer loop
      vertex 5.405630 114.697661 6.200000
      vertex 6.921793 114.887707 6.200000
      vertex 6.854519 115.085890 6.200000
    endloop
  endfacet
  facet normal 0.000000 0.000000 -1.000000
    outer loop
      vertex 5.405630 114.697661 4.200000
      vertex 6.921793 114.887707 4.200000
      vertex 5.535973 114.313681 4.200000
    endloop
  endfacet
  facet normal 0.000000 0.000000 -1.000000
    outer loop
      vertex 5.405630 114.697661 4.200000
      vertex 6.854519 115.085890 4.200000
      vertex 6.921793 114.887707 4.200000
    endloop
  endfacet
  facet normal -0.896873 -0.442289 0.000000
    outer loop
      vertex 5.535973 114.313681 4.200000
      vertex 5.715321 113.950000 4.200000
      vertex 5.715321 113.950000 6.200000
    endloop
  endfacet
  facet normal -0.896873 -0.442289 0.000000
    outer loop
      vertex 5.535973 114.313681 4.200000
      vertex 5.715321 113.950000 6.200000
      vertex 5.535973 114.313681 6.200000
    endloop
  endfacet
  facet normal 0.896873 0.442289 0.000000
    outer loop
      vertex 6.921793 114.887707 4.200000
      vertex 7.014359 114.700000 6.200000
      vertex 7.014359 114.700000 4.200000
    endloop
  endfacet
  facet normal 0.896873 0.442289 -0.000000
    outer loop
      vertex 6.921793 114.887707 4.200000
      vertex 6.921793 114.887707 6.200000
      vertex 7.014359 114.700000 6.200000
    endloop
  endfacet
  facet normal -0.000000 0.000000 1.000000
    outer loop
      vertex 5.535973 114.313681 6.200000
      vertex 5.715321 113.950000 6.200000
      vertex 7.014359 114.700000 6.200000
    endloop
  endfacet
  facet normal 0.000000 0.000000 1.000000
    outer loop
      vertex 5.535973 114.313681 6.200000
      vertex 7.014359 114.700000 6.200000
      vertex 6.921793 114.887707 6.200000
    endloop
  endfacet
  facet normal 0.000000 0.000000 -1.000000
    outer loop
      vertex 5.535973 114.313681 4.200000
      vertex 7.014359 114.700000 4.200000
      vertex 5.715321 113.950000 4.200000
    endloop
  endfacet
  facet normal 0.000000 0.000000 -1.000000
    outer loop
      vertex 5.535973 114.313681 4.200000
      vertex 6.921793 114.887707 4.200000
      vertex 7.014359 114.700000 4.200000
    endloop
  endfacet
  facet normal -0.831470 -0.555570 0.000000
    outer loop
      vertex 5.715321 113.950000 4.200000
      vertex 5.940605 113.612840 4.200000
      vertex 5.940605 113.612840 6.200000
    endloop
  endfacet
  facet normal -0.831470 -0.555570 0.000000
    outer loop
      vertex 5.715321 113.950000 4.200000
      vertex 5.940605 113.612840 6.200000
      vertex 5.715321 113.950000 6.200000
    endloop
  endfacet
  facet normal 0.831470 0.555570 0.000000
    outer loop
      vertex 7.014359 114.700000 4.200000
      vertex 7.130635 114.525982 6.200000
      vertex 7.130635 114.525982 4.200000
    endloop
  endfacet
  facet normal 0.831470 0.555570 -0.000000
    outer loop
      vertex 7.014359 114.700000 4.200000
      vertex 7.014359 114.700000 6.200000
      vertex 7.130635 114.525982 6.200000
    endloop
  endfacet
  facet normal -0.000000 0.000000 1.000000
    outer loop
      vertex 5.715321 113.950000 6.200000
      vertex 5.940605 113.612840 6.200000
      vertex 7.130635 114.525982 6.200000
    endloop
  endfacet
  facet normal 0.000000 0.000000 1.000000
    outer loop
      vertex 5.715321 113.950000 6.200000
      vertex 7.130635 114.525982 6.200000
      vertex 7.014359 114.700000 6.200000
    endloop
  endfacet
  facet normal 0.000000 0.000000 -1.000000
    outer loop
      vertex 5.715321 113.950000 4.200000
      vertex 7.130635 114.525982 4.200000
      vertex 5.940605 113.612840 4.200000
    endloop
  endfacet
  facet normal 0.000000 0.000000 -1.000000
    outer loop
      vertex 5.715321 113.950000 4.200000
      vertex 7.014359 114.700000 4.200000
      vertex 7.130635 114.525982 4.200000
    endloop
  endfacet
  facet normal -0.751840 -0.659346 0.000000
    outer loop
      vertex 5.940605 113.612840 4.200000
      vertex 6.207969 113.307969 4.200000
      vertex 6.207969 113.307969 6.200000
    endloop
  endfacet
  facet normal -0.751840 -0.659346 0.000000
    outer loop
      vertex 5.940605 113.612840 4.200000
      vertex 6.207969 113.307969 6.200000
      vertex 5.940605 113.612840 6.200000
    endloop
  endfacet
  facet normal 0.751840 0.659346 0.000000
    outer loop
      vertex 7.130635 114.525982 4.200000
      vertex 7.268629 114.368629 6.200000
      vertex 7.268629 114.368629 4.200000
    endloop
  endfacet
  facet normal 0.751840 0.659346 -0.000000
    outer loop
      vertex 7.130635 114.525982 4.200000
      vertex 7.130635 114.525982 6.200000
      vertex 7.268629 114.368629 6.200000
    endloop
  endfacet
  facet normal -0.000000 0.000000 1.000000
    outer loop
      vertex 5.940605 113.612840 6.200000
      vertex 6.207969 113.307969 6.200000
      vertex 7.268629 114.368629 6.200000
    endloop
  endfacet
  facet normal 0.000000 0.000000 1.000000
    outer loop
      vertex 5.940605 113.612840 6.200000
      vertex 7.268629 114.368629 6.200000
      vertex 7.130635 114.525982 6.200000
    endloop
  endfacet
  facet normal 0.000000 0.000000 -1.000000
    outer loop
      vertex 5.940605 113.612840 4.200000
      vertex 7.268629 114.368629 4.200000
      vertex 6.207969 113.307969 4.200000
    endloop
  endfacet
  facet normal 0.000000 0.000000 -1.000000
    outer loop
      vertex 5.940605 113.612840 4.200000
      vertex 7.130635 114.525982 4.200000
      vertex 7.268629 114.368629 4.200000
    endloop
  endfacet
  facet normal -0.659346 -0.751840 0.000000
    outer loop
      vertex 6.207969 113.307969 4.200000
      vertex 6.512840 113.040605 4.200000
      vertex 6.512840 113.040605 6.200000
    endloop
  endfacet
  facet normal -0.659346 -0.751840 0.000000
    outer loop
      vertex 6.207969 113.307969 4.200000
      vertex 6.512840 113.040605 6.200000
      vertex 6.207969 113.307969 6.200000
    endloop
  endfacet
  facet normal 0.659346 0.751840 0.000000
    outer loop
      vertex 7.268629 114.368629 4.200000
      vertex 7.425982 114.230635 6.200000
      vertex 7.425982 114.230635 4.200000
    endloop
  endfacet
  facet normal 0.659346 0.751840 -0.000000
    outer loop
      vertex 7.268629 114.368629 4.200000
      vertex 7.268629 114.368629 6.200000
      vertex 7.425982 114.230635 6.200000
    endloop
  endfacet
  facet normal -0.000000 0.000000 1.000000
    outer loop
      vertex 6.207969 113.307969 6.200000
      vertex 6.512840 113.040605 6.200000
      vertex 7.425982 114.230635 6.200000
    endloop
  endfacet
  facet normal 0.000000 0.000000 1.000000
    outer loop
      vertex 6.207969 113.307969 6.200000
      vertex 7.425982 114.230635 6.200000
      vertex 7.268629 114.368629 6.200000
    endloop
  endfacet
  facet normal 0.000000 0.000000 -1.000000
    outer loop
      vertex 6.207969 113.307969 4.200000
      vertex 7.425982 114.230635 4.200000
      vertex 6.512840 113.040605 4.200000
    endloop
  endfacet
  facet normal 0.000000 0.000000 -1.000000
    outer loop
      vertex 6.207969 113.307969 4.200000
      vertex 7.268629 114.368629 4.200000
      vertex 7.425982 114.230635 4.200000
    endloop
  endfacet
  facet normal -0.555570 -0.831470 0.000000
    outer loop
      vertex 6.512840 113.040605 4.200000
      vertex 6.850000 112.815321 4.200000
      vertex 6.850000 112.815321 6.200000
    endloop
  endfacet
  facet normal -0.555570 -0.831470 0.000000
    outer loop
      vertex 6.512840 113.040605 4.200000
      vertex 6.850000 112.815321 6.200000
      vertex 6.512840 113.040605 6.200000
    endloop
  endfacet
  facet normal 0.555570 0.831470 0.000000
    outer loop
      vertex 7.425982 114.230635 4.200000
      vertex 7.600000 114.114359 6.200000
      vertex 7.600000 114.114359 4.200000
    endloop
  endfacet
  facet normal 0.555570 0.831470 -0.000000
    outer loop
      vertex 7.425982 114.230635 4.200000
      vertex 7.425982 114.230635 6.200000
      vertex 7.600000 114.114359 6.200000
    endloop
  endfacet
  facet normal -0.000000 0.000000 1.000000
    outer loop
      vertex 6.512840 113.040605 6.200000
      vertex 6.850000 112.815321 6.200000
      vertex 7.600000 114.114359 6.200000
    endloop
  endfacet
  facet normal 0.000000 0.000000 1.000000
    outer loop
      vertex 6.512840 113.040605 6.200000
      vertex 7.600000 114.114359 6.200000
      vertex 7.425982 114.230635 6.200000
    endloop
  endfacet
  facet normal 0.000000 0.000000 -1.000000
    outer loop
      vertex 6.512840 113.040605 4.200000
      vertex 7.600000 114.114359 4.200000
      vertex 6.850000 112.815321 4.200000
    endloop
  endfacet
  facet normal 0.000000 0.000000 -1.000000
    outer loop
      vertex 6.512840 113.040605 4.200000
      vertex 7.425982 114.230635 4.200000
      vertex 7.600000 114.114359 4.200000
    endloop
  endfacet
  facet normal -0.442289 -0.896873 0.000000
    outer loop
      vertex 6.850000 112.815321 4.200000
      vertex 7.213681 112.635973 4.200000
      vertex 7.213681 112.635973 6.200000
    endloop
  endfacet
  facet normal -0.442289 -0.896873 0.000000
    outer loop
      vertex 6.850000 112.815321 4.200000
      vertex 7.213681 112.635973 6.200000
      vertex 6.850000 112.815321 6.200000
    endloop
  endfacet
  facet normal 0.442289 0.896873 0.000000
    outer loop
      vertex 7.600000 114.114359 4.200000
      vertex 7.787707 114.021793 6.200000
      vertex 7.787707 114.021793 4.200000
    endloop
  endfacet
  facet normal 0.442289 0.896873 -0.000000
    outer loop
      vertex 7.600000 114.114359 4.200000
      vertex 7.600000 114.114359 6.200000
      vertex 7.787707 114.021793 6.200000
    endloop
  endfacet
  facet normal -0.000000 0.000000 1.000000
    outer loop
      vertex 6.850000 112.815321 6.200000
      vertex 7.213681 112.635973 6.200000
      vertex 7.787707 114.021793 6.200000
    endloop
  endfacet
  facet normal 0.000000 0.000000 1.000000
    outer loop
      vertex 6.850000 112.815321 6.200000
      vertex 7.787707 114.021793 6.200000
      vertex 7.600000 114.114359 6.200000
    endloop
  endfacet
  facet normal 0.000000 0.000000 -1.000000
    outer loop
      vertex 6.850000 112.815321 4.200000
      vertex 7.787707 114.021793 4.200000
      vertex 7.213681 112.635973 4.200000
    endloop
  endfacet
  facet normal 0.000000 0.000000 -1.000000
    outer loop
      vertex 6.850000 112.815321 4.200000
      vertex 7.600000 114.114359 4.200000
      vertex 7.787707 114.021793 4.200000
    endloop
  endfacet
  facet normal -0.321439 -0.946930 0.000000
    outer loop
      vertex 7.213681 112.635973 4.200000
      vertex 7.597661 112.505630 4.200000
      vertex 7.597661 112.505630 6.200000
    endloop
  endfacet
  facet normal -0.321439 -0.946930 0.000000
    outer loop
      vertex 7.213681 112.635973 4.200000
      vertex 7.597661 112.505630 6.200000
      vertex 7.213681 112.635973 6.200000
    endloop
  endfacet
  facet normal 0.321439 0.946930 0.000000
    outer loop
      vertex 7.787707 114.021793 4.200000
      vertex 7.985890 113.954519 6.200000
      vertex 7.985890 113.954519 4.200000
    endloop
  endfacet
  facet normal 0.321439 0.946930 -0.000000
    outer loop
      vertex 7.787707 114.021793 4.200000
      vertex 7.787707 114.021793 6.200000
      vertex 7.985890 113.954519 6.200000
    endloop
  endfacet
  facet normal -0.000000 0.000000 1.000000
    outer loop
      vertex 7.213681 112.635973 6.200000
      vertex 7.597661 112.505630 6.200000
      vertex 7.985890 113.954519 6.200000
    endloop
  endfacet
  facet normal 0.000000 0.000000 1.000000
    outer loop
      vertex 7.213681 112.635973 6.200000
      vertex 7.985890 113.954519 6.200000
      vertex 7.787707 114.021793 6.200000
    endloop
  endfacet
  facet normal 0.000000 0.000000 -1.000000
    outer loop
      vertex 7.213681 112.635973 4.200000
      vertex 7.985890 113.954519 4.200000
      vertex 7.597661 112.505630 4.200000
    endloop
  endfacet
  facet normal 0.000000 0.000000 -1.000000
    outer loop
      vertex 7.213681 112.635973 4.200000
      vertex 7.787707 114.021793 4.200000
      vertex 7.985890 113.954519 4.200000
    endloop
  endfacet
  facet normal -0.195090 -0.980785 0.000000
    outer loop
      vertex 7.597661 112.505630 4.200000
      vertex 7.995369 112.426521 4.200000
      vertex 7.995369 112.426521 6.200000
    endloop
  endfacet
  facet normal -0.195090 -0.980785 0.000000
    outer loop
      vertex 7.597661 112.505630 4.200000
      vertex 7.995369 112.426521 6.200000
      vertex 7.597661 112.505630 6.200000
    endloop
  endfacet
  facet normal 0.195090 0.980785 0.000000
    outer loop
      vertex 7.985890 113.954519 4.200000
      vertex 8.191158 113.913688 6.200000
      vertex 8.191158 113.913688 4.200000
    endloop
  endfacet
  facet normal 0.195090 0.980785 -0.000000
    outer loop
      vertex 7.985890 113.954519 4.200000
      vertex 7.985890 113.954519 6.200000
      vertex 8.191158 113.913688 6.200000
    endloop
  endfacet
  facet normal -0.000000 0.000000 1.000000
    outer loop
      vertex 7.597661 112.505630 6.200000
      vertex 7.995369 112.426521 6.200000
      vertex 8.191158 113.913688 6.200000
    endloop
  endfacet
  facet normal 0.000000 0.000000 1.000000
    outer loop
      vertex 7.597661 112.505630 6.200000
      vertex 8.191158 113.913688 6.200000
      vertex 7.985890 113.954519 6.200000
    endloop
  endfacet
  facet normal 0.000000 0.000000 -1.000000
    outer loop
      vertex 7.597661 112.505630 4.200000
      vertex 8.191158 113.913688 4.200000
      vertex 7.995369 112.426521 4.200000
    endloop
  endfacet
  facet normal 0.000000 0.000000 -1.000000
    outer loop
      vertex 7.597661 112.505630 4.200000
      vertex 7.985890 113.954519 4.200000
      vertex 8.191158 113.913688 4.200000
    endloop
  endfacet
  facet normal -0.065403 -0.997859 0.000000
    outer loop
      vertex 7.995369 112.426521 4.200000
      vertex 8.400000 112.400000 4.200000
      vertex 8.400000 112.400000 6.200000
    endloop
  endfacet
  facet normal -0.065403 -0.997859 0.000000
    outer loop
      vertex 7.995369 112.426521 4.200000
      vertex 8.400000 112.400000 6.200000
      vertex 7.995369 112.426521 6.200000
    endloop
  endfacet
  facet normal 0.065403 0.997859 0.000000
    outer loop
      vertex 8.191158 113.913688 4.200000
      vertex 8.400000 113.900000 6.200000
      vertex 8.400000 113.900000 4.200000
    endloop
  endfacet
  facet normal 0.065403 0.997859 -0.000000
    outer loop
      vertex 8.191158 113.913688 4.200000
      vertex 8.191158 113.913688 6.200000
      vertex 8.400000 113.900000 6.200000
    endloop
  endfacet
  facet normal -0.000000 0.000000 1.000000
    outer loop
      vertex 7.995369 112.426521 6.200000
      vertex 8.400000 112.400000 6.200000
      vertex 8.400000 113.900000 6.200000
    endloop
  endfacet
  facet normal 0.000000 0.000000 1.000000
    outer loop
      vertex 7.995369 112.426521 6.200000
      vertex 8.400000 113.900000 6.200000
      vertex 8.191158 113.913688 6.200000
    endloop
  endfacet
  facet normal 0.000000 0.000000 -1.000000
    outer loop
      vertex 7.995369 112.426521 4.200000
      vertex 8.400000 113.900000 4.200000
      vertex 8.400000 112.400000 4.200000
    endloop
  endfacet
  facet normal 0.000000 0.000000 -1.000000
    outer loop
      vertex 7.995369 112.426521 4.200000
      vertex 8.191158 113.913688 4.200000
      vertex 8.400000 113.900000 4.200000
    endloop
  endfacet
  facet normal 0.065403 -0.997859 0.000000
    outer loop
      vertex 8.400000 112.400000 4.200000
      vertex 8.804631 112.426521 4.200000
      vertex 8.804631 112.426521 6.200000
    endloop
  endfacet
  facet normal 0.065403 -0.997859 0.000000
    outer loop
      vertex 8.400000 112.400000 4.200000
      vertex 8.804631 112.426521 6.200000
      vertex 8.400000 112.400000 6.200000
    endloop
  endfacet
  facet normal -0.065403 0.997859 0.000000
    outer loop
      vertex 8.400000 113.900000 4.200000
      vertex 8.608842 113.913688 6.200000
      vertex 8.608842 113.913688 4.200000
    endloop
  endfacet
  facet normal -0.065403 0.997859 0.000000
    outer loop
      vertex 8.400000 113.900000 4.200000
      vertex 8.400000 113.900000 6.200000
      vertex 8.608842 113.913688 6.200000
    endloop
  endfacet
  facet normal 0.000000 0.000000 1.000000
    outer loop
      vertex 8.400000 112.400000 6.200000
      vertex 8.804631 112.426521 6.200000
      vertex 8.608842 113.913688 6.200000
    endloop
  endfacet
  facet normal 0.000000 0.000000 1.000000
    outer loop
      vertex 8.400000 112.400000 6.200000
      vertex 8.608842 113.913688 6.200000
      vertex 8.400000 113.900000 6.200000
    endloop
  endfacet
  facet normal 0.000000 0.000000 -1.000000
    outer loop
      vertex 8.400000 112.400000 4.200000
      vertex 8.608842 113.913688 4.200000
      vertex 8.804631 112.426521 4.200000
    endloop
  endfacet
  facet normal 0.000000 0.000000 -1.000000
    outer loop
      vertex 8.400000 112.400000 4.200000
      vertex 8.400000 113.900000 4.200000
      vertex 8.608842 113.913688 4.200000
    endloop
  endfacet
  facet normal 0.195090 -0.980785 0.000000
    outer loop
      vertex 8.804631 112.426521 4.200000
      vertex 9.202339 112.505630 4.200000
      vertex 9.202339 112.505630 6.200000
    endloop
  endfacet
  facet normal 0.195090 -0.980785 0.000000
    outer loop
      vertex 8.804631 112.426521 4.200000
      vertex 9.202339 112.505630 6.200000
      vertex 8.804631 112.426521 6.200000
    endloop
  endfacet
  facet normal -0.195090 0.980785 0.000000
    outer loop
      vertex 8.608842 113.913688 4.200000
      vertex 8.814110 113.954519 6.200000
      vertex 8.814110 113.954519 4.200000
    endloop
  endfacet
  facet normal -0.195090 0.980785 0.000000
    outer loop
      vertex 8.608842 113.913688 4.200000
      vertex 8.608842 113.913688 6.200000
      vertex 8.814110 113.954519 6.200000
    endloop
  endfacet
  facet normal 0.000000 0.000000 1.000000
    outer loop
      vertex 8.804631 112.426521 6.200000
      vertex 9.202339 112.505630 6.200000
      vertex 8.814110 113.954519 6.200000
    endloop
  endfacet
  facet normal 0.000000 -0.000000 1.000000
    outer loop
      vertex 8.804631 112.426521 6.200000
      vertex 8.814110 113.954519 6.200000
      vertex 8.608842 113.913688 6.200000
    endloop
  endfacet
  facet normal 0.000000 0.000000 -1.000000
    outer loop
      vertex 8.804631 112.426521 4.200000
      vertex 8.814110 113.954519 4.200000
      vertex 9.202339 112.505630 4.200000
    endloop
  endfacet
  facet normal 0.000000 0.000000 -1.000000
    outer loop
      vertex 8.804631 112.426521 4.200000
      vertex 8.608842 113.913688 4.200000
      vertex 8.814110 113.954519 4.200000
    endloop
  endfacet
  facet normal 0.321439 -0.946930 0.000000
    outer loop
      vertex 9.202339 112.505630 4.200000
      vertex 9.586319 112.635973 4.200000
      vertex 9.586319 112.635973 6.200000
    endloop
  endfacet
  facet normal 0.321439 -0.946930 0.000000
    outer loop
      vertex 9.202339 112.505630 4.200000
      vertex 9.586319 112.635973 6.200000
      vertex 9.202339 112.505630 6.200000
    endloop
  endfacet
  facet normal -0.321439 0.946930 0.000000
    outer loop
      vertex 8.814110 113.954519 4.200000
      vertex 9.012293 114.021793 6.200000
      vertex 9.012293 114.021793 4.200000
    endloop
  endfacet
  facet normal -0.321439 0.946930 0.000000
    outer loop
      vertex 8.814110 113.954519 4.200000
      vertex 8.814110 113.954519 6.200000
      vertex 9.012293 114.021793 6.200000
    endloop
  endfacet
  facet normal 0.000000 -0.000000 1.000000
    outer loop
      vertex 9.202339 112.505630 6.200000
      vertex 9.586319 112.635973 6.200000
      vertex 9.012293 114.021793 6.200000
    endloop
  endfacet
  facet normal 0.000000 0.000000 1.000000
    outer loop
      vertex 9.202339 112.505630 6.200000
      vertex 9.012293 114.021793 6.200000
      vertex 8.814110 113.954519 6.200000
    endloop
  endfacet
  facet normal 0.000000 0.000000 -1.000000
    outer loop
      vertex 9.202339 112.505630 4.200000
      vertex 9.012293 114.021793 4.200000
      vertex 9.586319 112.635973 4.200000
    endloop
  endfacet
  facet normal 0.000000 0.000000 -1.000000
    outer loop
      vertex 9.202339 112.505630 4.200000
      vertex 8.814110 113.954519 4.200000
      vertex 9.012293 114.021793 4.200000
    endloop
  endfacet
  facet normal 0.442289 -0.896873 0.000000
    outer loop
      vertex 9.586319 112.635973 4.200000
      vertex 9.950000 112.815321 4.200000
      vertex 9.950000 112.815321 6.200000
    endloop
  endfacet
  facet normal 0.442289 -0.896873 0.000000
    outer loop
      vertex 9.586319 112.635973 4.200000
      vertex 9.950000 112.815321 6.200000
      vertex 9.586319 112.635973 6.200000
    endloop
  endfacet
  facet normal -0.442289 0.896873 0.000000
    outer loop
      vertex 9.012293 114.021793 4.200000
      vertex 9.200000 114.114359 6.200000
      vertex 9.200000 114.114359 4.200000
    endloop
  endfacet
  facet normal -0.442289 0.896873 0.000000
    outer loop
      vertex 9.012293 114.021793 4.200000
      vertex 9.012293 114.021793 6.200000
      vertex 9.200000 114.114359 6.200000
    endloop
  endfacet
  facet normal 0.000000 -0.000000 1.000000
    outer loop
      vertex 9.586319 112.635973 6.200000
      vertex 9.950000 112.815321 6.200000
      vertex 9.200000 114.114359 6.200000
    endloop
  endfacet
  facet normal 0.000000 0.000000 1.000000
    outer loop
      vertex 9.586319 112.635973 6.200000
      vertex 9.200000 114.114359 6.200000
      vertex 9.012293 114.021793 6.200000
    endloop
  endfacet
  facet normal 0.000000 0.000000 -1.000000
    outer loop
      vertex 9.586319 112.635973 4.200000
      vertex 9.200000 114.114359 4.200000
      vertex 9.950000 112.815321 4.200000
    endloop
  endfacet
  facet normal 0.000000 0.000000 -1.000000
    outer loop
      vertex 9.586319 112.635973 4.200000
      vertex 9.012293 114.021793 4.200000
      vertex 9.200000 114.114359 4.200000
    endloop
  endfacet
  facet normal 0.555570 -0.831470 0.000000
    outer loop
      vertex 9.950000 112.815321 4.200000
      vertex 10.287160 113.040605 4.200000
      vertex 10.287160 113.040605 6.200000
    endloop
  endfacet
  facet normal 0.555570 -0.831470 0.000000
    outer loop
      vertex 9.950000 112.815321 4.200000
      vertex 10.287160 113.040605 6.200000
      vertex 9.950000 112.815321 6.200000
    endloop
  endfacet
  facet normal -0.555570 0.831470 0.000000
    outer loop
      vertex 9.200000 114.114359 4.200000
      vertex 9.374018 114.230635 6.200000
      vertex 9.374018 114.230635 4.200000
    endloop
  endfacet
  facet normal -0.555570 0.831470 0.000000
    outer loop
      vertex 9.200000 114.114359 4.200000
      vertex 9.200000 114.114359 6.200000
      vertex 9.374018 114.230635 6.200000
    endloop
  endfacet
  facet normal 0.000000 -0.000000 1.000000
    outer loop
      vertex 9.950000 112.815321 6.200000
      vertex 10.287160 113.040605 6.200000
      vertex 9.374018 114.230635 6.200000
    endloop
  endfacet
  facet normal 0.000000 0.000000 1.000000
    outer loop
      vertex 9.950000 112.815321 6.200000
      vertex 9.374018 114.230635 6.200000
      vertex 9.200000 114.114359 6.200000
    endloop
  endfacet
  facet normal 0.000000 0.000000 -1.000000
    outer loop
      vertex 9.950000 112.815321 4.200000
      vertex 9.374018 114.230635 4.200000
      vertex 10.287160 113.040605 4.200000
    endloop
  endfacet
  facet normal 0.000000 0.000000 -1.000000
    outer loop
      vertex 9.950000 112.815321 4.200000
      vertex 9.200000 114.114359 4.200000
      vertex 9.374018 114.230635 4.200000
    endloop
  endfacet
  facet normal 0.659346 -0.751840 0.000000
    outer loop
      vertex 10.287160 113.040605 4.200000
      vertex 10.592031 113.307969 4.200000
      vertex 10.592031 113.307969 6.200000
    endloop
  endfacet
  facet normal 0.659346 -0.751840 0.000000
    outer loop
      vertex 10.287160 113.040605 4.200000
      vertex 10.592031 113.307969 6.200000
      vertex 10.287160 113.040605 6.200000
    endloop
  endfacet
  facet normal -0.659346 0.751840 0.000000
    outer loop
      vertex 9.374018 114.230635 4.200000
      vertex 9.531371 114.368629 6.200000
      vertex 9.531371 114.368629 4.200000
    endloop
  endfacet
  facet normal -0.659346 0.751840 0.000000
    outer loop
      vertex 9.374018 114.230635 4.200000
      vertex 9.374018 114.230635 6.200000
      vertex 9.531371 114.368629 6.200000
    endloop
  endfacet
  facet normal 0.000000 -0.000000 1.000000
    outer loop
      vertex 10.287160 113.040605 6.200000
      vertex 10.592031 113.307969 6.200000
      vertex 9.531371 114.368629 6.200000
    endloop
  endfacet
  facet normal 0.000000 0.000000 1.000000
    outer loop
      vertex 10.287160 113.040605 6.200000
      vertex 9.531371 114.368629 6.200000
      vertex 9.374018 114.230635 6.200000
    endloop
  endfacet
  facet normal 0.000000 0.000000 -1.000000
    outer loop
      vertex 10.287160 113.040605 4.200000
      vertex 9.531371 114.368629 4.200000
      vertex 10.592031 113.307969 4.200000
    endloop
  endfacet
  facet normal 0.000000 0.000000 -1.000000
    outer loop
      vertex 10.287160 113.040605 4.200000
      vertex 9.374018 114.230635 4.200000
      vertex 9.531371 114.368629 4.200000
    endloop
  endfacet
  facet normal 0.751840 -0.659346 0.000000
    outer loop
      vertex 10.592031 113.307969 4.200000
      vertex 10.859395 113.612840 4.200000
      vertex 10.859395 113.612840 6.200000
    endloop
  endfacet
  facet normal 0.751840 -0.659346 0.000000
    outer loop
      vertex 10.592031 113.307969 4.200000
      vertex 10.859395 113.612840 6.200000
      vertex 10.592031 113.307969 6.200000
    endloop
  endfacet
  facet normal -0.751840 0.659346 0.000000
    outer loop
      vertex 9.531371 114.368629 4.200000
      vertex 9.669365 114.525982 6.200000
      vertex 9.669365 114.525982 4.200000
    endloop
  endfacet
  facet normal -0.751840 0.659346 0.000000
    outer loop
      vertex 9.531371 114.368629 4.200000
      vertex 9.531371 114.368629 6.200000
      vertex 9.669365 114.525982 6.200000
    endloop
  endfacet
  facet normal 0.000000 -0.000000 1.000000
    outer loop
      vertex 10.592031 113.307969 6.200000
      vertex 10.859395 113.612840 6.200000
      vertex 9.669365 114.525982 6.200000
    endloop
  endfacet
  facet normal 0.000000 0.000000 1.000000
    outer loop
      vertex 10.592031 113.307969 6.200000
      vertex 9.669365 114.525982 6.200000
      vertex 9.531371 114.368629 6.200000
    endloop
  endfacet
  facet normal 0.000000 0.000000 -1.000000
    outer loop
      vertex 10.592031 113.307969 4.200000
      vertex 9.669365 114.525982 4.200000
      vertex 10.859395 113.612840 4.200000
    endloop
  endfacet
  facet normal 0.000000 0.000000 -1.000000
    outer loop
      vertex 10.592031 113.307969 4.200000
      vertex 9.531371 114.368629 4.200000
      vertex 9.669365 114.525982 4.200000
    endloop
  endfacet
  facet normal 0.831470 -0.555570 0.000000
    outer loop
      vertex 10.859395 113.612840 4.200000
      vertex 11.084679 113.950000 4.200000
      vertex 11.084679 113.950000 6.200000
    endloop
  endfacet
  facet normal 0.831470 -0.555570 0.000000
    outer loop
      vertex 10.859395 113.612840 4.200000
      vertex 11.084679 113.950000 6.200000
      vertex 10.859395 113.612840 6.200000
    endloop
  endfacet
  facet normal -0.831470 0.555570 0.000000
    outer loop
      vertex 9.669365 114.525982 4.200000
      vertex 9.785641 114.700000 6.200000
      vertex 9.785641 114.700000 4.200000
    endloop
  endfacet
  facet normal -0.831470 0.555570 0.000000
    outer loop
      vertex 9.669365 114.525982 4.200000
      vertex 9.669365 114.525982 6.200000
      vertex 9.785641 114.700000 6.200000
    endloop
  endfacet
  facet normal 0.000000 -0.000000 1.000000
    outer loop
      vertex 10.859395 113.612840 6.200000
      vertex 11.084679 113.950000 6.200000
      vertex 9.785641 114.700000 6.200000
    endloop
  endfacet
  facet normal 0.000000 0.000000 1.000000
    outer loop
      vertex 10.859395 113.612840 6.200000
      vertex 9.785641 114.700000 6.200000
      vertex 9.669365 114.525982 6.200000
    endloop
  endfacet
  facet normal 0.000000 0.000000 -1.000000
    outer loop
      vertex 10.859395 113.612840 4.200000
      vertex 9.785641 114.700000 4.200000
      vertex 11.084679 113.950000 4.200000
    endloop
  endfacet
  facet normal 0.000000 0.000000 -1.000000
    outer loop
      vertex 10.859395 113.612840 4.200000
      vertex 9.669365 114.525982 4.200000
      vertex 9.785641 114.700000 4.200000
    endloop
  endfacet
  facet normal 0.896873 -0.442289 0.000000
    outer loop
      vertex 11.084679 113.950000 4.200000
      vertex 11.264027 114.313681 4.200000
      vertex 11.264027 114.313681 6.200000
    endloop
  endfacet
  facet normal 0.896873 -0.442289 0.000000
    outer loop
      vertex 11.084679 113.950000 4.200000
      vertex 11.264027 114.313681 6.200000
      vertex 11.084679 113.950000 6.200000
    endloop
  endfacet
  facet normal -0.896873 0.442289 0.000000
    outer loop
      vertex 9.785641 114.700000 4.200000
      vertex 9.878207 114.887707 6.200000
      vertex 9.878207 114.887707 4.200000
    endloop
  endfacet
  facet normal -0.896873 0.442289 0.000000
    outer loop
      vertex 9.785641 114.700000 4.200000
      vertex 9.785641 114.700000 6.200000
      vertex 9.878207 114.887707 6.200000
    endloop
  endfacet
  facet normal 0.000000 -0.000000 1.000000
    outer loop
      vertex 11.084679 113.950000 6.200000
      vertex 11.264027 114.313681 6.200000
      vertex 9.878207 114.887707 6.200000
    endloop
  endfacet
  facet normal 0.000000 0.000000 1.000000
    outer loop
      vertex 11.084679 113.950000 6.200000
      vertex 9.878207 114.887707 6.200000
      vertex 9.785641 114.700000 6.200000
    endloop
  endfacet
  facet normal 0.000000 0.000000 -1.000000
    outer loop
      vertex 11.084679 113.950000 4.200000
      vertex 9.878207 114.887707 4.200000
      vertex 11.264027 114.313681 4.200000
    endloop
  endfacet
  facet normal 0.000000 0.000000 -1.000000
    outer loop
      vertex 11.084679 113.950000 4.200000
      vertex 9.785641 114.700000 4.200000
      vertex 9.878207 114.887707 4.200000
    endloop
  endfacet
  facet normal 0.946930 -0.321439 0.000000
    outer loop
      vertex 11.264027 114.313681 4.200000
      vertex 11.394370 114.697661 4.200000
      vertex 11.394370 114.697661 6.200000
    endloop
  endfacet
  facet normal 0.946930 -0.321439 0.000000
    outer loop
      vertex 11.264027 114.313681 4.200000
      vertex 11.394370 114.697661 6.200000
      vertex 11.264027 114.313681 6.200000
    endloop
  endfacet
  facet normal -0.946930 0.321439 0.000000
    outer loop
      vertex 9.878207 114.887707 4.200000
      vertex 9.945481 115.085890 6.200000
      vertex 9.945481 115.085890 4.200000
    endloop
  endfacet
  facet normal -0.946930 0.321439 0.000000
    outer loop
      vertex 9.878207 114.887707 4.200000
      vertex 9.878207 114.887707 6.200000
      vertex 9.945481 115.085890 6.200000
    endloop
  endfacet
  facet normal 0.000000 -0.000000 1.000000
    outer loop
      vertex 11.264027 114.313681 6.200000
      vertex 11.394370 114.697661 6.200000
      vertex 9.945481 115.085890 6.200000
    endloop
  endfacet
  facet normal 0.000000 0.000000 1.000000
    outer loop
      vertex 11.264027 114.313681 6.200000
      vertex 9.945481 115.085890 6.200000
      vertex 9.878207 114.887707 6.200000
    endloop
  endfacet
  facet normal 0.000000 0.000000 -1.000000
    outer loop
      vertex 11.264027 114.313681 4.200000
      vertex 9.945481 115.085890 4.200000
      vertex 11.394370 114.697661 4.200000
    endloop
  endfacet
  facet normal 0.000000 0.000000 -1.000000
    outer loop
      vertex 11.264027 114.313681 4.200000
      vertex 9.878207 114.887707 4.200000
      vertex 9.945481 115.085890 4.200000
    endloop
  endfacet
  facet normal 0.980785 -0.195090 0.000000
    outer loop
      vertex 11.394370 114.697661 4.200000
      vertex 11.473479 115.095369 4.200000
      vertex 11.473479 115.095369 6.200000
    endloop
  endfacet
  facet normal 0.980785 -0.195090 0.000000
    outer loop
      vertex 11.394370 114.697661 4.200000
      vertex 11.473479 115.095369 6.200000
      vertex 11.394370 114.697661 6.200000
    endloop
  endfacet
  facet normal -0.980785 0.195090 0.000000
    outer loop
      vertex 9.945481 115.085890 4.200000
      vertex 9.986312 115.291158 6.200000
      vertex 9.986312 115.291158 4.200000
    endloop
  endfacet
  facet normal -0.980785 0.195090 0.000000
    outer loop
      vertex 9.945481 115.085890 4.200000
      vertex 9.945481 115.085890 6.200000
      vertex 9.986312 115.291158 6.200000
    endloop
  endfacet
  facet normal 0.000000 -0.000000 1.000000
    outer loop
      vertex 11.394370 114.697661 6.200000
      vertex 11.473479 115.095369 6.200000
      vertex 9.986312 115.291158 6.200000
    endloop
  endfacet
  facet normal 0.000000 0.000000 1.000000
    outer loop
      vertex 11.394370 114.697661 6.200000
      vertex 9.986312 115.291158 6.200000
      vertex 9.945481 115.085890 6.200000
    endloop
  endfacet
  facet normal 0.000000 0.000000 -1.000000
    outer loop
      vertex 11.394370 114.697661 4.200000
      vertex 9.986312 115.291158 4.200000
      vertex 11.473479 115.095369 4.200000
    endloop
  endfacet
  facet normal 0.000000 0.000000 -1.000000
    outer loop
      vertex 11.394370 114.697661 4.200000
      vertex 9.945481 115.085890 4.200000
      vertex 9.986312 115.291158 4.200000
    endloop
  endfacet
  facet normal 0.997859 -0.065403 0.000000
    outer loop
      vertex 11.473479 115.095369 4.200000
      vertex 11.500000 115.500000 4.200000
      vertex 11.500000 115.500000 6.200000
    endloop
  endfacet
  facet normal 0.997859 -0.065403 0.000000
    outer loop
      vertex 11.473479 115.095369 4.200000
      vertex 11.500000 115.500000 6.200000
      vertex 11.473479 115.095369 6.200000
    endloop
  endfacet
  facet normal -0.997859 0.065403 0.000000
    outer loop
      vertex 9.986312 115.291158 4.200000
      vertex 10.000000 115.500000 6.200000
      vertex 10.000000 115.500000 4.200000
    endloop
  endfacet
  facet normal -0.997859 0.065403 0.000000
    outer loop
      vertex 9.986312 115.291158 4.200000
      vertex 9.986312 115.291158 6.200000
      vertex 10.000000 115.500000 6.200000
    endloop
  endfacet
  facet normal 0.000000 -0.000000 1.000000
    outer loop
      vertex 11.473479 115.095369 6.200000
      vertex 11.500000 115.500000 6.200000
      vertex 10.000000 115.500000 6.200000
    endloop
  endfacet
  facet normal 0.000000 0.000000 1.000000
    outer loop
      vertex 11.473479 115.095369 6.200000
      vertex 10.000000 115.500000 6.200000
      vertex 9.986312 115.291158 6.200000
    endloop
  endfacet
  facet normal 0.000000 0.000000 -1.000000
    outer loop
      vertex 11.473479 115.095369 4.200000
      vertex 10.000000 115.500000 4.200000
      vertex 11.500000 115.500000 4.200000
    endloop
  endfacet
  facet normal 0.000000 0.000000 -1.000000
    outer loop
      vertex 11.473479 115.095369 4.200000
      vertex 9.986312 115.291158 4.200000
      vertex 10.000000 115.500000 4.200000
    endloop
  endfacet
  facet normal 0.997859 0.065403 0.000000
    outer loop
      vertex 11.900000 55.500000 0.000000
      vertex 11.870057 55.956842 0.000000
      vertex 11.870057 55.956842 8.000000
    endloop
  endfacet
  facet normal 0.997859 0.065403 -0.000000
    outer loop
      vertex 11.900000 55.500000 0.000000
      vertex 11.870057 55.956842 8.000000
      vertex 11.900000 55.500000 8.000000
    endloop
  endfacet
  facet normal -0.997859 -0.065403 0.000000
    outer loop
      vertex 10.000000 55.500000 0.000000
      vertex 9.986312 55.708842 8.000000
      vertex 9.986312 55.708842 0.000000
    endloop
  endfacet
  facet normal -0.997859 -0.065403 0.000000
    outer loop
      vertex 10.000000 55.500000 0.000000
      vertex 10.000000 55.500000 8.000000
      vertex 9.986312 55.708842 8.000000
    endloop
  endfacet
  facet normal 0.000000 0.000000 1.000000
    outer loop
      vertex 11.900000 55.500000 8.000000
      vertex 11.870057 55.956842 8.000000
      vertex 9.986312 55.708842 8.000000
    endloop
  endfacet
  facet normal 0.000000 0.000000 1.000000
    outer loop
      vertex 11.900000 55.500000 8.000000
      vertex 9.986312 55.708842 8.000000
      vertex 10.000000 55.500000 8.000000
    endloop
  endfacet
  facet normal 0.000000 0.000000 -1.000000
    outer loop
      vertex 11.900000 55.500000 0.000000
      vertex 9.986312 55.708842 0.000000
      vertex 11.870057 55.956842 0.000000
    endloop
  endfacet
  facet normal 0.000000 0.000000 -1.000000
    outer loop
      vertex 11.900000 55.500000 0.000000
      vertex 10.000000 55.500000 0.000000
      vertex 9.986312 55.708842 0.000000
    endloop
  endfacet
  facet normal 0.980785 0.195090 0.000000
    outer loop
      vertex 11.870057 55.956842 0.000000
      vertex 11.780740 56.405867 0.000000
      vertex 11.780740 56.405867 8.000000
    endloop
  endfacet
  facet normal 0.980785 0.195090 -0.000000
    outer loop
      vertex 11.870057 55.956842 0.000000
      vertex 11.780740 56.405867 8.000000
      vertex 11.870057 55.956842 8.000000
    endloop
  endfacet
  facet normal -0.980785 -0.195090 0.000000
    outer loop
      vertex 9.986312 55.708842 0.000000
      vertex 9.945481 55.914110 8.000000
      vertex 9.945481 55.914110 0.000000
    endloop
  endfacet
  facet normal -0.980785 -0.195090 0.000000
    outer loop
      vertex 9.986312 55.708842 0.000000
      vertex 9.986312 55.708842 8.000000
      vertex 9.945481 55.914110 8.000000
    endloop
  endfacet
  facet normal 0.000000 0.000000 1.000000
    outer loop
      vertex 11.870057 55.956842 8.000000
      vertex 11.780740 56.405867 8.000000
      vertex 9.945481 55.914110 8.000000
    endloop
  endfacet
  facet normal 0.000000 0.000000 1.000000
    outer loop
      vertex 11.870057 55.956842 8.000000
      vertex 9.945481 55.914110 8.000000
      vertex 9.986312 55.708842 8.000000
    endloop
  endfacet
  facet normal -0.000000 0.000000 -1.000000
    outer loop
      vertex 11.870057 55.956842 0.000000
      vertex 9.945481 55.914110 0.000000
      vertex 11.780740 56.405867 0.000000
    endloop
  endfacet
  facet normal 0.000000 0.000000 -1.000000
    outer loop
      vertex 11.870057 55.956842 0.000000
      vertex 9.986312 55.708842 0.000000
      vertex 9.945481 55.914110 0.000000
    endloop
  endfacet
  facet normal 0.946930 0.321439 0.000000
    outer loop
      vertex 11.780740 56.405867 0.000000
      vertex 11.633578 56.839392 0.000000
      vertex 11.633578 56.839392 8.000000
    endloop
  endfacet
  facet normal 0.946930 0.321439 -0.000000
    outer loop
      vertex 11.780740 56.405867 0.000000
      vertex 11.633578 56.839392 8.000000
      vertex 11.780740 56.405867 8.000000
    endloop
  endfacet
  facet normal -0.946930 -0.321439 0.000000
    outer loop
      vertex 9.945481 55.914110 0.000000
      vertex 9.878207 56.112293 8.000000
      vertex 9.878207 56.112293 0.000000
    endloop
  endfacet
  facet normal -0.946930 -0.321439 0.000000
    outer loop
      vertex 9.945481 55.914110 0.000000
      vertex 9.945481 55.914110 8.000000
      vertex 9.878207 56.112293 8.000000
    endloop
  endfacet
  facet normal 0.000000 0.000000 1.000000
    outer loop
      vertex 11.780740 56.405867 8.000000
      vertex 11.633578 56.839392 8.000000
      vertex 9.878207 56.112293 8.000000
    endloop
  endfacet
  facet normal 0.000000 0.000000 1.000000
    outer loop
      vertex 11.780740 56.405867 8.000000
      vertex 9.878207 56.112293 8.000000
      vertex 9.945481 55.914110 8.000000
    endloop
  endfacet
  facet normal -0.000000 0.000000 -1.000000
    outer loop
      vertex 11.780740 56.405867 0.000000
      vertex 9.878207 56.112293 0.000000
      vertex 11.633578 56.839392 0.000000
    endloop
  endfacet
  facet normal 0.000000 0.000000 -1.000000
    outer loop
      vertex 11.780740 56.405867 0.000000
      vertex 9.945481 55.914110 0.000000
      vertex 9.878207 56.112293 0.000000
    endloop
  endfacet
  facet normal 0.896873 0.442289 0.000000
    outer loop
      vertex 11.633578 56.839392 0.000000
      vertex 11.431089 57.250000 0.000000
      vertex 11.431089 57.250000 8.000000
    endloop
  endfacet
  facet normal 0.896873 0.442289 -0.000000
    outer loop
      vertex 11.633578 56.839392 0.000000
      vertex 11.431089 57.250000 8.000000
      vertex 11.633578 56.839392 8.000000
    endloop
  endfacet
  facet normal -0.896873 -0.442289 0.000000
    outer loop
      vertex 9.878207 56.112293 0.000000
      vertex 9.785641 56.300000 8.000000
      vertex 9.785641 56.300000 0.000000
    endloop
  endfacet
  facet normal -0.896873 -0.442289 0.000000
    outer loop
      vertex 9.878207 56.112293 0.000000
      vertex 9.878207 56.112293 8.000000
      vertex 9.785641 56.300000 8.000000
    endloop
  endfacet
  facet normal 0.000000 0.000000 1.000000
    outer loop
      vertex 11.633578 56.839392 8.000000
      vertex 11.431089 57.250000 8.000000
      vertex 9.785641 56.300000 8.000000
    endloop
  endfacet
  facet normal 0.000000 0.000000 1.000000
    outer loop
      vertex 11.633578 56.839392 8.000000
      vertex 9.785641 56.300000 8.000000
      vertex 9.878207 56.112293 8.000000
    endloop
  endfacet
  facet normal -0.000000 0.000000 -1.000000
    outer loop
      vertex 11.633578 56.839392 0.000000
      vertex 9.785641 56.300000 0.000000
      vertex 11.431089 57.250000 0.000000
    endloop
  endfacet
  facet normal 0.000000 0.000000 -1.000000
    outer loop
      vertex 11.633578 56.839392 0.000000
      vertex 9.878207 56.112293 0.000000
      vertex 9.785641 56.300000 0.000000
    endloop
  endfacet
  facet normal 0.831470 0.555570 0.000000
    outer loop
      vertex 11.431089 57.250000 0.000000
      vertex 11.176737 57.630665 0.000000
      vertex 11.176737 57.630665 8.000000
    endloop
  endfacet
  facet normal 0.831470 0.555570 -0.000000
    outer loop
      vertex 11.431089 57.250000 0.000000
      vertex 11.176737 57.630665 8.000000
      vertex 11.431089 57.250000 8.000000
    endloop
  endfacet
  facet normal -0.831470 -0.555570 0.000000
    outer loop
      vertex 9.785641 56.300000 0.000000
      vertex 9.669365 56.474018 8.000000
      vertex 9.669365 56.474018 0.000000
    endloop
  endfacet
  facet normal -0.831470 -0.555570 0.000000
    outer loop
      vertex 9.785641 56.300000 0.000000
      vertex 9.785641 56.300000 8.000000
      vertex 9.669365 56.474018 8.000000
    endloop
  endfacet
  facet normal 0.000000 0.000000 1.000000
    outer loop
      vertex 11.431089 57.250000 8.000000
      vertex 11.176737 57.630665 8.000000
      vertex 9.669365 56.474018 8.000000
    endloop
  endfacet
  facet normal 0.000000 0.000000 1.000000
    outer loop
      vertex 11.431089 57.250000 8.000000
      vertex 9.669365 56.474018 8.000000
      vertex 9.785641 56.300000 8.000000
    endloop
  endfacet
  facet normal -0.000000 0.000000 -1.000000
    outer loop
      vertex 11.431089 57.250000 0.000000
      vertex 9.669365 56.474018 0.000000
      vertex 11.176737 57.630665 0.000000
    endloop
  endfacet
  facet normal 0.000000 0.000000 -1.000000
    outer loop
      vertex 11.431089 57.250000 0.000000
      vertex 9.785641 56.300000 0.000000
      vertex 9.669365 56.474018 0.000000
    endloop
  endfacet
  facet normal 0.751840 0.659346 0.000000
    outer loop
      vertex 11.176737 57.630665 0.000000
      vertex 10.874874 57.974874 0.000000
      vertex 10.874874 57.974874 8.000000
    endloop
  endfacet
  facet normal 0.751840 0.659346 -0.000000
    outer loop
      vertex 11.176737 57.630665 0.000000
      vertex 10.874874 57.974874 8.000000
      vertex 11.176737 57.630665 8.000000
    endloop
  endfacet
  facet normal -0.751840 -0.659346 0.000000
    outer loop
      vertex 9.669365 56.474018 0.000000
      vertex 9.531371 56.631371 8.000000
      vertex 9.531371 56.631371 0.000000
    endloop
  endfacet
  facet normal -0.751840 -0.659346 0.000000
    outer loop
      vertex 9.669365 56.474018 0.000000
      vertex 9.669365 56.474018 8.000000
      vertex 9.531371 56.631371 8.000000
    endloop
  endfacet
  facet normal 0.000000 0.000000 1.000000
    outer loop
      vertex 11.176737 57.630665 8.000000
      vertex 10.874874 57.974874 8.000000
      vertex 9.531371 56.631371 8.000000
    endloop
  endfacet
  facet normal 0.000000 0.000000 1.000000
    outer loop
      vertex 11.176737 57.630665 8.000000
      vertex 9.531371 56.631371 8.000000
      vertex 9.669365 56.474018 8.000000
    endloop
  endfacet
  facet normal -0.000000 0.000000 -1.000000
    outer loop
      vertex 11.176737 57.630665 0.000000
      vertex 9.531371 56.631371 0.000000
      vertex 10.874874 57.974874 0.000000
    endloop
  endfacet
  facet normal 0.000000 0.000000 -1.000000
    outer loop
      vertex 11.176737 57.630665 0.000000
      vertex 9.669365 56.474018 0.000000
      vertex 9.531371 56.631371 0.000000
    endloop
  endfacet
  facet normal 0.659346 0.751840 0.000000
    outer loop
      vertex 10.874874 57.974874 0.000000
      vertex 10.530665 58.276737 0.000000
      vertex 10.530665 58.276737 8.000000
    endloop
  endfacet
  facet normal 0.659346 0.751840 -0.000000
    outer loop
      vertex 10.874874 57.974874 0.000000
      vertex 10.530665 58.276737 8.000000
      vertex 10.874874 57.974874 8.000000
    endloop
  endfacet
  facet normal -0.659346 -0.751840 0.000000
    outer loop
      vertex 9.531371 56.631371 0.000000
      vertex 9.374018 56.769365 8.000000
      vertex 9.374018 56.769365 0.000000
    endloop
  endfacet
  facet normal -0.659346 -0.751840 0.000000
    outer loop
      vertex 9.531371 56.631371 0.000000
      vertex 9.531371 56.631371 8.000000
      vertex 9.374018 56.769365 8.000000
    endloop
  endfacet
  facet normal 0.000000 0.000000 1.000000
    outer loop
      vertex 10.874874 57.974874 8.000000
      vertex 10.530665 58.276737 8.000000
      vertex 9.374018 56.769365 8.000000
    endloop
  endfacet
  facet normal 0.000000 0.000000 1.000000
    outer loop
      vertex 10.874874 57.974874 8.000000
      vertex 9.374018 56.769365 8.000000
      vertex 9.531371 56.631371 8.000000
    endloop
  endfacet
  facet normal -0.000000 0.000000 -1.000000
    outer loop
      vertex 10.874874 57.974874 0.000000
      vertex 9.374018 56.769365 0.000000
      vertex 10.530665 58.276737 0.000000
    endloop
  endfacet
  facet normal 0.000000 0.000000 -1.000000
    outer loop
      vertex 10.874874 57.974874 0.000000
      vertex 9.531371 56.631371 0.000000
      vertex 9.374018 56.769365 0.000000
    endloop
  endfacet
  facet normal 0.555570 0.831470 0.000000
    outer loop
      vertex 10.530665 58.276737 0.000000
      vertex 10.150000 58.531089 0.000000
      vertex 10.150000 58.531089 8.000000
    endloop
  endfacet
  facet normal 0.555570 0.831470 -0.000000
    outer loop
      vertex 10.530665 58.276737 0.000000
      vertex 10.150000 58.531089 8.000000
      vertex 10.530665 58.276737 8.000000
    endloop
  endfacet
  facet normal -0.555570 -0.831470 0.000000
    outer loop
      vertex 9.374018 56.769365 0.000000
      vertex 9.200000 56.885641 8.000000
      vertex 9.200000 56.885641 0.000000
    endloop
  endfacet
  facet normal -0.555570 -0.831470 0.000000
    outer loop
      vertex 9.374018 56.769365 0.000000
      vertex 9.374018 56.769365 8.000000
      vertex 9.200000 56.885641 8.000000
    endloop
  endfacet
  facet normal 0.000000 0.000000 1.000000
    outer loop
      vertex 10.530665 58.276737 8.000000
      vertex 10.150000 58.531089 8.000000
      vertex 9.200000 56.885641 8.000000
    endloop
  endfacet
  facet normal 0.000000 0.000000 1.000000
    outer loop
      vertex 10.530665 58.276737 8.000000
      vertex 9.200000 56.885641 8.000000
      vertex 9.374018 56.769365 8.000000
    endloop
  endfacet
  facet normal -0.000000 0.000000 -1.000000
    outer loop
      vertex 10.530665 58.276737 0.000000
      vertex 9.200000 56.885641 0.000000
      vertex 10.150000 58.531089 0.000000
    endloop
  endfacet
  facet normal 0.000000 0.000000 -1.000000
    outer loop
      vertex 10.530665 58.276737 0.000000
      vertex 9.374018 56.769365 0.000000
      vertex 9.200000 56.885641 0.000000
    endloop
  endfacet
  facet normal 0.442289 0.896873 0.000000
    outer loop
      vertex 10.150000 58.531089 0.000000
      vertex 9.739392 58.733578 0.000000
      vertex 9.739392 58.733578 8.000000
    endloop
  endfacet
  facet normal 0.442289 0.896873 -0.000000
    outer loop
      vertex 10.150000 58.531089 0.000000
      vertex 9.739392 58.733578 8.000000
      vertex 10.150000 58.531089 8.000000
    endloop
  endfacet
  facet normal -0.442289 -0.896873 0.000000
    outer loop
      vertex 9.200000 56.885641 0.000000
      vertex 9.012293 56.978207 8.000000
      vertex 9.012293 56.978207 0.000000
    endloop
  endfacet
  facet normal -0.442289 -0.896873 0.000000
    outer loop
      vertex 9.200000 56.885641 0.000000
      vertex 9.200000 56.885641 8.000000
      vertex 9.012293 56.978207 8.000000
    endloop
  endfacet
  facet normal 0.000000 0.000000 1.000000
    outer loop
      vertex 10.150000 58.531089 8.000000
      vertex 9.739392 58.733578 8.000000
      vertex 9.012293 56.978207 8.000000
    endloop
  endfacet
  facet normal 0.000000 0.000000 1.000000
    outer loop
      vertex 10.150000 58.531089 8.000000
      vertex 9.012293 56.978207 8.000000
      vertex 9.200000 56.885641 8.000000
    endloop
  endfacet
  facet normal -0.000000 0.000000 -1.000000
    outer loop
      vertex 10.150000 58.531089 0.000000
      vertex 9.012293 56.978207 0.000000
      vertex 9.739392 58.733578 0.000000
    endloop
  endfacet
  facet normal 0.000000 0.000000 -1.000000
    outer loop
      vertex 10.150000 58.531089 0.000000
      vertex 9.200000 56.885641 0.000000
      vertex 9.012293 56.978207 0.000000
    endloop
  endfacet
  facet normal 0.321439 0.946930 0.000000
    outer loop
      vertex 9.739392 58.733578 0.000000
      vertex 9.305867 58.880740 0.000000
      vertex 9.305867 58.880740 8.000000
    endloop
  endfacet
  facet normal 0.321439 0.946930 -0.000000
    outer loop
      vertex 9.739392 58.733578 0.000000
      vertex 9.305867 58.880740 8.000000
      vertex 9.739392 58.733578 8.000000
    endloop
  endfacet
  facet normal -0.321439 -0.946930 0.000000
    outer loop
      vertex 9.012293 56.978207 0.000000
      vertex 8.814110 57.045481 8.000000
      vertex 8.814110 57.045481 0.000000
    endloop
  endfacet
  facet normal -0.321439 -0.946930 0.000000
    outer loop
      vertex 9.012293 56.978207 0.000000
      vertex 9.012293 56.978207 8.000000
      vertex 8.814110 57.045481 8.000000
    endloop
  endfacet
  facet normal 0.000000 0.000000 1.000000
    outer loop
      vertex 9.739392 58.733578 8.000000
      vertex 9.305867 58.880740 8.000000
      vertex 8.814110 57.045481 8.000000
    endloop
  endfacet
  facet normal 0.000000 0.000000 1.000000
    outer loop
      vertex 9.739392 58.733578 8.000000
      vertex 8.814110 57.045481 8.000000
      vertex 9.012293 56.978207 8.000000
    endloop
  endfacet
  facet normal -0.000000 0.000000 -1.000000
    outer loop
      vertex 9.739392 58.733578 0.000000
      vertex 8.814110 57.045481 0.000000
      vertex 9.305867 58.880740 0.000000
    endloop
  endfacet
  facet normal 0.000000 0.000000 -1.000000
    outer loop
      vertex 9.739392 58.733578 0.000000
      vertex 9.012293 56.978207 0.000000
      vertex 8.814110 57.045481 0.000000
    endloop
  endfacet
  facet normal 0.195090 0.980785 0.000000
    outer loop
      vertex 9.305867 58.880740 0.000000
      vertex 8.856842 58.970057 0.000000
      vertex 8.856842 58.970057 8.000000
    endloop
  endfacet
  facet normal 0.195090 0.980785 -0.000000
    outer loop
      vertex 9.305867 58.880740 0.000000
      vertex 8.856842 58.970057 8.000000
      vertex 9.305867 58.880740 8.000000
    endloop
  endfacet
  facet normal -0.195090 -0.980785 0.000000
    outer loop
      vertex 8.814110 57.045481 0.000000
      vertex 8.608842 57.086312 8.000000
      vertex 8.608842 57.086312 0.000000
    endloop
  endfacet
  facet normal -0.195090 -0.980785 0.000000
    outer loop
      vertex 8.814110 57.045481 0.000000
      vertex 8.814110 57.045481 8.000000
      vertex 8.608842 57.086312 8.000000
    endloop
  endfacet
  facet normal 0.000000 0.000000 1.000000
    outer loop
      vertex 9.305867 58.880740 8.000000
      vertex 8.856842 58.970057 8.000000
      vertex 8.608842 57.086312 8.000000
    endloop
  endfacet
  facet normal 0.000000 0.000000 1.000000
    outer loop
      vertex 9.305867 58.880740 8.000000
      vertex 8.608842 57.086312 8.000000
      vertex 8.814110 57.045481 8.000000
    endloop
  endfacet
  facet normal -0.000000 0.000000 -1.000000
    outer loop
      vertex 9.305867 58.880740 0.000000
      vertex 8.608842 57.086312 0.000000
      vertex 8.856842 58.970057 0.000000
    endloop
  endfacet
  facet normal 0.000000 0.000000 -1.000000
    outer loop
      vertex 9.305867 58.880740 0.000000
      vertex 8.814110 57.045481 0.000000
      vertex 8.608842 57.086312 0.000000
    endloop
  endfacet
  facet normal 0.065403 0.997859 0.000000
    outer loop
      vertex 8.856842 58.970057 0.000000
      vertex 8.400000 59.000000 0.000000
      vertex 8.400000 59.000000 8.000000
    endloop
  endfacet
  facet normal 0.065403 0.997859 -0.000000
    outer loop
      vertex 8.856842 58.970057 0.000000
      vertex 8.400000 59.000000 8.000000
      vertex 8.856842 58.970057 8.000000
    endloop
  endfacet
  facet normal -0.065403 -0.997859 0.000000
    outer loop
      vertex 8.608842 57.086312 0.000000
      vertex 8.400000 57.100000 8.000000
      vertex 8.400000 57.100000 0.000000
    endloop
  endfacet
  facet normal -0.065403 -0.997859 0.000000
    outer loop
      vertex 8.608842 57.086312 0.000000
      vertex 8.608842 57.086312 8.000000
      vertex 8.400000 57.100000 8.000000
    endloop
  endfacet
  facet normal 0.000000 0.000000 1.000000
    outer loop
      vertex 8.856842 58.970057 8.000000
      vertex 8.400000 59.000000 8.000000
      vertex 8.400000 57.100000 8.000000
    endloop
  endfacet
  facet normal 0.000000 0.000000 1.000000
    outer loop
      vertex 8.856842 58.970057 8.000000
      vertex 8.400000 57.100000 8.000000
      vertex 8.608842 57.086312 8.000000
    endloop
  endfacet
  facet normal -0.000000 0.000000 -1.000000
    outer loop
      vertex 8.856842 58.970057 0.000000
      vertex 8.400000 57.100000 0.000000
      vertex 8.400000 59.000000 0.000000
    endloop
  endfacet
  facet normal 0.000000 0.000000 -1.000000
    outer loop
      vertex 8.856842 58.970057 0.000000
      vertex 8.608842 57.086312 0.000000
      vertex 8.400000 57.100000 0.000000
    endloop
  endfacet
  facet normal -0.065403 0.997859 0.000000
    outer loop
      vertex 8.400000 59.000000 0.000000
      vertex 7.943158 58.970057 0.000000
      vertex 7.943158 58.970057 8.000000
    endloop
  endfacet
  facet normal -0.065403 0.997859 0.000000
    outer loop
      vertex 8.400000 59.000000 0.000000
      vertex 7.943158 58.970057 8.000000
      vertex 8.400000 59.000000 8.000000
    endloop
  endfacet
  facet normal 0.065403 -0.997859 0.000000
    outer loop
      vertex 8.400000 57.100000 0.000000
      vertex 8.191158 57.086312 8.000000
      vertex 8.191158 57.086312 0.000000
    endloop
  endfacet
  facet normal 0.065403 -0.997859 0.000000
    outer loop
      vertex 8.400000 57.100000 0.000000
      vertex 8.400000 57.100000 8.000000
      vertex 8.191158 57.086312 8.000000
    endloop
  endfacet
  facet normal 0.000000 0.000000 1.000000
    outer loop
      vertex 8.400000 59.000000 8.000000
      vertex 7.943158 58.970057 8.000000
      vertex 8.191158 57.086312 8.000000
    endloop
  endfacet
  facet normal 0.000000 0.000000 1.000000
    outer loop
      vertex 8.400000 59.000000 8.000000
      vertex 8.191158 57.086312 8.000000
      vertex 8.400000 57.100000 8.000000
    endloop
  endfacet
  facet normal 0.000000 0.000000 -1.000000
    outer loop
      vertex 8.400000 59.000000 0.000000
      vertex 8.191158 57.086312 0.000000
      vertex 7.943158 58.970057 0.000000
    endloop
  endfacet
  facet normal 0.000000 -0.000000 -1.000000
    outer loop
      vertex 8.400000 59.000000 0.000000
      vertex 8.400000 57.100000 0.000000
      vertex 8.191158 57.086312 0.000000
    endloop
  endfacet
  facet normal -0.195090 0.980785 0.000000
    outer loop
      vertex 7.943158 58.970057 0.000000
      vertex 7.494133 58.880740 0.000000
      vertex 7.494133 58.880740 8.000000
    endloop
  endfacet
  facet normal -0.195090 0.980785 0.000000
    outer loop
      vertex 7.943158 58.970057 0.000000
      vertex 7.494133 58.880740 8.000000
      vertex 7.943158 58.970057 8.000000
    endloop
  endfacet
  facet normal 0.195090 -0.980785 0.000000
    outer loop
      vertex 8.191158 57.086312 0.000000
      vertex 7.985890 57.045481 8.000000
      vertex 7.985890 57.045481 0.000000
    endloop
  endfacet
  facet normal 0.195090 -0.980785 0.000000
    outer loop
      vertex 8.191158 57.086312 0.000000
      vertex 8.191158 57.086312 8.000000
      vertex 7.985890 57.045481 8.000000
    endloop
  endfacet
  facet normal 0.000000 0.000000 1.000000
    outer loop
      vertex 7.943158 58.970057 8.000000
      vertex 7.494133 58.880740 8.000000
      vertex 7.985890 57.045481 8.000000
    endloop
  endfacet
  facet normal 0.000000 0.000000 1.000000
    outer loop
      vertex 7.943158 58.970057 8.000000
      vertex 7.985890 57.045481 8.000000
      vertex 8.191158 57.086312 8.000000
    endloop
  endfacet
  facet normal 0.000000 -0.000000 -1.000000
    outer loop
      vertex 7.943158 58.970057 0.000000
      vertex 7.985890 57.045481 0.000000
      vertex 7.494133 58.880740 0.000000
    endloop
  endfacet
  facet normal 0.000000 0.000000 -1.000000
    outer loop
      vertex 7.943158 58.970057 0.000000
      vertex 8.191158 57.086312 0.000000
      vertex 7.985890 57.045481 0.000000
    endloop
  endfacet
  facet normal -0.321439 0.946930 0.000000
    outer loop
      vertex 7.494133 58.880740 0.000000
      vertex 7.060608 58.733578 0.000000
      vertex 7.060608 58.733578 8.000000
    endloop
  endfacet
  facet normal -0.321439 0.946930 0.000000
    outer loop
      vertex 7.494133 58.880740 0.000000
      vertex 7.060608 58.733578 8.000000
      vertex 7.494133 58.880740 8.000000
    endloop
  endfacet
  facet normal 0.321439 -0.946930 0.000000
    outer loop
      vertex 7.985890 57.045481 0.000000
      vertex 7.787707 56.978207 8.000000
      vertex 7.787707 56.978207 0.000000
    endloop
  endfacet
  facet normal 0.321439 -0.946930 0.000000
    outer loop
      vertex 7.985890 57.045481 0.000000
      vertex 7.985890 57.045481 8.000000
      vertex 7.787707 56.978207 8.000000
    endloop
  endfacet
  facet normal 0.000000 0.000000 1.000000
    outer loop
      vertex 7.494133 58.880740 8.000000
      vertex 7.060608 58.733578 8.000000
      vertex 7.787707 56.978207 8.000000
    endloop
  endfacet
  facet normal 0.000000 0.000000 1.000000
    outer loop
      vertex 7.494133 58.880740 8.000000
      vertex 7.787707 56.978207 8.000000
      vertex 7.985890 57.045481 8.000000
    endloop
  endfacet
  facet normal 0.000000 -0.000000 -1.000000
    outer loop
      vertex 7.494133 58.880740 0.000000
      vertex 7.787707 56.978207 0.000000
      vertex 7.060608 58.733578 0.000000
    endloop
  endfacet
  facet normal 0.000000 0.000000 -1.000000
    outer loop
      vertex 7.494133 58.880740 0.000000
      vertex 7.985890 57.045481 0.000000
      vertex 7.787707 56.978207 0.000000
    endloop
  endfacet
  facet normal -0.442289 0.896873 0.000000
    outer loop
      vertex 7.060608 58.733578 0.000000
      vertex 6.650000 58.531089 0.000000
      vertex 6.650000 58.531089 8.000000
    endloop
  endfacet
  facet normal -0.442289 0.896873 0.000000
    outer loop
      vertex 7.060608 58.733578 0.000000
      vertex 6.650000 58.531089 8.000000
      vertex 7.060608 58.733578 8.000000
    endloop
  endfacet
  facet normal 0.442289 -0.896873 0.000000
    outer loop
      vertex 7.787707 56.978207 0.000000
      vertex 7.600000 56.885641 8.000000
      vertex 7.600000 56.885641 0.000000
    endloop
  endfacet
  facet normal 0.442289 -0.896873 0.000000
    outer loop
      vertex 7.787707 56.978207 0.000000
      vertex 7.787707 56.978207 8.000000
      vertex 7.600000 56.885641 8.000000
    endloop
  endfacet
  facet normal 0.000000 0.000000 1.000000
    outer loop
      vertex 7.060608 58.733578 8.000000
      vertex 6.650000 58.531089 8.000000
      vertex 7.600000 56.885641 8.000000
    endloop
  endfacet
  facet normal 0.000000 0.000000 1.000000
    outer loop
      vertex 7.060608 58.733578 8.000000
      vertex 7.600000 56.885641 8.000000
      vertex 7.787707 56.978207 8.000000
    endloop
  endfacet
  facet normal 0.000000 -0.000000 -1.000000
    outer loop
      vertex 7.060608 58.733578 0.000000
      vertex 7.600000 56.885641 0.000000
      vertex 6.650000 58.531089 0.000000
    endloop
  endfacet
  facet normal 0.000000 0.000000 -1.000000
    outer loop
      vertex 7.060608 58.733578 0.000000
      vertex 7.787707 56.978207 0.000000
      vertex 7.600000 56.885641 0.000000
    endloop
  endfacet
  facet normal -0.555570 0.831470 0.000000
    outer loop
      vertex 6.650000 58.531089 0.000000
      vertex 6.269335 58.276737 0.000000
      vertex 6.269335 58.276737 8.000000
    endloop
  endfacet
  facet normal -0.555570 0.831470 0.000000
    outer loop
      vertex 6.650000 58.531089 0.000000
      vertex 6.269335 58.276737 8.000000
      vertex 6.650000 58.531089 8.000000
    endloop
  endfacet
  facet normal 0.555570 -0.831470 0.000000
    outer loop
      vertex 7.600000 56.885641 0.000000
      vertex 7.425982 56.769365 8.000000
      vertex 7.425982 56.769365 0.000000
    endloop
  endfacet
  facet normal 0.555570 -0.831470 0.000000
    outer loop
      vertex 7.600000 56.885641 0.000000
      vertex 7.600000 56.885641 8.000000
      vertex 7.425982 56.769365 8.000000
    endloop
  endfacet
  facet normal 0.000000 0.000000 1.000000
    outer loop
      vertex 6.650000 58.531089 8.000000
      vertex 6.269335 58.276737 8.000000
      vertex 7.425982 56.769365 8.000000
    endloop
  endfacet
  facet normal 0.000000 0.000000 1.000000
    outer loop
      vertex 6.650000 58.531089 8.000000
      vertex 7.425982 56.769365 8.000000
      vertex 7.600000 56.885641 8.000000
    endloop
  endfacet
  facet normal 0.000000 -0.000000 -1.000000
    outer loop
      vertex 6.650000 58.531089 0.000000
      vertex 7.425982 56.769365 0.000000
      vertex 6.269335 58.276737 0.000000
    endloop
  endfacet
  facet normal 0.000000 0.000000 -1.000000
    outer loop
      vertex 6.650000 58.531089 0.000000
      vertex 7.600000 56.885641 0.000000
      vertex 7.425982 56.769365 0.000000
    endloop
  endfacet
  facet normal -0.659346 0.751840 0.000000
    outer loop
      vertex 6.269335 58.276737 0.000000
      vertex 5.925126 57.974874 0.000000
      vertex 5.925126 57.974874 8.000000
    endloop
  endfacet
  facet normal -0.659346 0.751840 0.000000
    outer loop
      vertex 6.269335 58.276737 0.000000
      vertex 5.925126 57.974874 8.000000
      vertex 6.269335 58.276737 8.000000
    endloop
  endfacet
  facet normal 0.659346 -0.751840 0.000000
    outer loop
      vertex 7.425982 56.769365 0.000000
      vertex 7.268629 56.631371 8.000000
      vertex 7.268629 56.631371 0.000000
    endloop
  endfacet
  facet normal 0.659346 -0.751840 0.000000
    outer loop
      vertex 7.425982 56.769365 0.000000
      vertex 7.425982 56.769365 8.000000
      vertex 7.268629 56.631371 8.000000
    endloop
  endfacet
  facet normal 0.000000 0.000000 1.000000
    outer loop
      vertex 6.269335 58.276737 8.000000
      vertex 5.925126 57.974874 8.000000
      vertex 7.268629 56.631371 8.000000
    endloop
  endfacet
  facet normal 0.000000 0.000000 1.000000
    outer loop
      vertex 6.269335 58.276737 8.000000
      vertex 7.268629 56.631371 8.000000
      vertex 7.425982 56.769365 8.000000
    endloop
  endfacet
  facet normal 0.000000 -0.000000 -1.000000
    outer loop
      vertex 6.269335 58.276737 0.000000
      vertex 7.268629 56.631371 0.000000
      vertex 5.925126 57.974874 0.000000
    endloop
  endfacet
  facet normal 0.000000 0.000000 -1.000000
    outer loop
      vertex 6.269335 58.276737 0.000000
      vertex 7.425982 56.769365 0.000000
      vertex 7.268629 56.631371 0.000000
    endloop
  endfacet
  facet normal -0.751840 0.659346 0.000000
    outer loop
      vertex 5.925126 57.974874 0.000000
      vertex 5.623263 57.630665 0.000000
      vertex 5.623263 57.630665 8.000000
    endloop
  endfacet
  facet normal -0.751840 0.659346 0.000000
    outer loop
      vertex 5.925126 57.974874 0.000000
      vertex 5.623263 57.630665 8.000000
      vertex 5.925126 57.974874 8.000000
    endloop
  endfacet
  facet normal 0.751840 -0.659346 0.000000
    outer loop
      vertex 7.268629 56.631371 0.000000
      vertex 7.130635 56.474018 8.000000
      vertex 7.130635 56.474018 0.000000
    endloop
  endfacet
  facet normal 0.751840 -0.659346 0.000000
    outer loop
      vertex 7.268629 56.631371 0.000000
      vertex 7.268629 56.631371 8.000000
      vertex 7.130635 56.474018 8.000000
    endloop
  endfacet
  facet normal 0.000000 0.000000 1.000000
    outer loop
      vertex 5.925126 57.974874 8.000000
      vertex 5.623263 57.630665 8.000000
      vertex 7.130635 56.474018 8.000000
    endloop
  endfacet
  facet normal 0.000000 0.000000 1.000000
    outer loop
      vertex 5.925126 57.974874 8.000000
      vertex 7.130635 56.474018 8.000000
      vertex 7.268629 56.631371 8.000000
    endloop
  endfacet
  facet normal 0.000000 -0.000000 -1.000000
    outer loop
      vertex 5.925126 57.974874 0.000000
      vertex 7.130635 56.474018 0.000000
      vertex 5.623263 57.630665 0.000000
    endloop
  endfacet
  facet normal 0.000000 0.000000 -1.000000
    outer loop
      vertex 5.925126 57.974874 0.000000
      vertex 7.268629 56.631371 0.000000
      vertex 7.130635 56.474018 0.000000
    endloop
  endfacet
  facet normal -0.831470 0.555570 0.000000
    outer loop
      vertex 5.623263 57.630665 0.000000
      vertex 5.368911 57.250000 0.000000
      vertex 5.368911 57.250000 8.000000
    endloop
  endfacet
  facet normal -0.831470 0.555570 0.000000
    outer loop
      vertex 5.623263 57.630665 0.000000
      vertex 5.368911 57.250000 8.000000
      vertex 5.623263 57.630665 8.000000
    endloop
  endfacet
  facet normal 0.831470 -0.555570 0.000000
    outer loop
      vertex 7.130635 56.474018 0.000000
      vertex 7.014359 56.300000 8.000000
      vertex 7.014359 56.300000 0.000000
    endloop
  endfacet
  facet normal 0.831470 -0.555570 0.000000
    outer loop
      vertex 7.130635 56.474018 0.000000
      vertex 7.130635 56.474018 8.000000
      vertex 7.014359 56.300000 8.000000
    endloop
  endfacet
  facet normal 0.000000 0.000000 1.000000
    outer loop
      vertex 5.623263 57.630665 8.000000
      vertex 5.368911 57.250000 8.000000
      vertex 7.014359 56.300000 8.000000
    endloop
  endfacet
  facet normal 0.000000 0.000000 1.000000
    outer loop
      vertex 5.623263 57.630665 8.000000
      vertex 7.014359 56.300000 8.000000
      vertex 7.130635 56.474018 8.000000
    endloop
  endfacet
  facet normal 0.000000 -0.000000 -1.000000
    outer loop
      vertex 5.623263 57.630665 0.000000
      vertex 7.014359 56.300000 0.000000
      vertex 5.368911 57.250000 0.000000
    endloop
  endfacet
  facet normal 0.000000 0.000000 -1.000000
    outer loop
      vertex 5.623263 57.630665 0.000000
      vertex 7.130635 56.474018 0.000000
      vertex 7.014359 56.300000 0.000000
    endloop
  endfacet
  facet normal -0.896873 0.442289 0.000000
    outer loop
      vertex 5.368911 57.250000 0.000000
      vertex 5.166422 56.839392 0.000000
      vertex 5.166422 56.839392 8.000000
    endloop
  endfacet
  facet normal -0.896873 0.442289 0.000000
    outer loop
      vertex 5.368911 57.250000 0.000000
      vertex 5.166422 56.839392 8.000000
      vertex 5.368911 57.250000 8.000000
    endloop
  endfacet
  facet normal 0.896873 -0.442289 0.000000
    outer loop
      vertex 7.014359 56.300000 0.000000
      vertex 6.921793 56.112293 8.000000
      vertex 6.921793 56.112293 0.000000
    endloop
  endfacet
  facet normal 0.896873 -0.442289 0.000000
    outer loop
      vertex 7.014359 56.300000 0.000000
      vertex 7.014359 56.300000 8.000000
      vertex 6.921793 56.112293 8.000000
    endloop
  endfacet
  facet normal 0.000000 0.000000 1.000000
    outer loop
      vertex 5.368911 57.250000 8.000000
      vertex 5.166422 56.839392 8.000000
      vertex 6.921793 56.112293 8.000000
    endloop
  endfacet
  facet normal 0.000000 0.000000 1.000000
    outer loop
      vertex 5.368911 57.250000 8.000000
      vertex 6.921793 56.112293 8.000000
      vertex 7.014359 56.300000 8.000000
    endloop
  endfacet
  facet normal 0.000000 -0.000000 -1.000000
    outer loop
      vertex 5.368911 57.250000 0.000000
      vertex 6.921793 56.112293 0.000000
      vertex 5.166422 56.839392 0.000000
    endloop
  endfacet
  facet normal 0.000000 0.000000 -1.000000
    outer loop
      vertex 5.368911 57.250000 0.000000
      vertex 7.014359 56.300000 0.000000
      vertex 6.921793 56.112293 0.000000
    endloop
  endfacet
  facet normal -0.946930 0.321439 0.000000
    outer loop
      vertex 5.166422 56.839392 0.000000
      vertex 5.019260 56.405867 0.000000
      vertex 5.019260 56.405867 8.000000
    endloop
  endfacet
  facet normal -0.946930 0.321439 0.000000
    outer loop
      vertex 5.166422 56.839392 0.000000
      vertex 5.019260 56.405867 8.000000
      vertex 5.166422 56.839392 8.000000
    endloop
  endfacet
  facet normal 0.946930 -0.321439 0.000000
    outer loop
      vertex 6.921793 56.112293 0.000000
      vertex 6.854519 55.914110 8.000000
      vertex 6.854519 55.914110 0.000000
    endloop
  endfacet
  facet normal 0.946930 -0.321439 0.000000
    outer loop
      vertex 6.921793 56.112293 0.000000
      vertex 6.921793 56.112293 8.000000
      vertex 6.854519 55.914110 8.000000
    endloop
  endfacet
  facet normal 0.000000 0.000000 1.000000
    outer loop
      vertex 5.166422 56.839392 8.000000
      vertex 5.019260 56.405867 8.000000
      vertex 6.854519 55.914110 8.000000
    endloop
  endfacet
  facet normal 0.000000 0.000000 1.000000
    outer loop
      vertex 5.166422 56.839392 8.000000
      vertex 6.854519 55.914110 8.000000
      vertex 6.921793 56.112293 8.000000
    endloop
  endfacet
  facet normal 0.000000 -0.000000 -1.000000
    outer loop
      vertex 5.166422 56.839392 0.000000
      vertex 6.854519 55.914110 0.000000
      vertex 5.019260 56.405867 0.000000
    endloop
  endfacet
  facet normal 0.000000 0.000000 -1.000000
    outer loop
      vertex 5.166422 56.839392 0.000000
      vertex 6.921793 56.112293 0.000000
      vertex 6.854519 55.914110 0.000000
    endloop
  endfacet
  facet normal -0.980785 0.195090 0.000000
    outer loop
      vertex 5.019260 56.405867 0.000000
      vertex 4.929943 55.956842 0.000000
      vertex 4.929943 55.956842 8.000000
    endloop
  endfacet
  facet normal -0.980785 0.195090 0.000000
    outer loop
      vertex 5.019260 56.405867 0.000000
      vertex 4.929943 55.956842 8.000000
      vertex 5.019260 56.405867 8.000000
    endloop
  endfacet
  facet normal 0.980785 -0.195090 0.000000
    outer loop
      vertex 6.854519 55.914110 0.000000
      vertex 6.813688 55.708842 8.000000
      vertex 6.813688 55.708842 0.000000
    endloop
  endfacet
  facet normal 0.980785 -0.195090 0.000000
    outer loop
      vertex 6.854519 55.914110 0.000000
      vertex 6.854519 55.914110 8.000000
      vertex 6.813688 55.708842 8.000000
    endloop
  endfacet
  facet normal 0.000000 0.000000 1.000000
    outer loop
      vertex 5.019260 56.405867 8.000000
      vertex 4.929943 55.956842 8.000000
      vertex 6.813688 55.708842 8.000000
    endloop
  endfacet
  facet normal 0.000000 0.000000 1.000000
    outer loop
      vertex 5.019260 56.405867 8.000000
      vertex 6.813688 55.708842 8.000000
      vertex 6.854519 55.914110 8.000000
    endloop
  endfacet
  facet normal 0.000000 -0.000000 -1.000000
    outer loop
      vertex 5.019260 56.405867 0.000000
      vertex 6.813688 55.708842 0.000000
      vertex 4.929943 55.956842 0.000000
    endloop
  endfacet
  facet normal 0.000000 0.000000 -1.000000
    outer loop
      vertex 5.019260 56.405867 0.000000
      vertex 6.854519 55.914110 0.000000
      vertex 6.813688 55.708842 0.000000
    endloop
  endfacet
  facet normal -0.997859 0.065403 0.000000
    outer loop
      vertex 4.929943 55.956842 0.000000
      vertex 4.900000 55.500000 0.000000
      vertex 4.900000 55.500000 8.000000
    endloop
  endfacet
  facet normal -0.997859 0.065403 0.000000
    outer loop
      vertex 4.929943 55.956842 0.000000
      vertex 4.900000 55.500000 8.000000
      vertex 4.929943 55.956842 8.000000
    endloop
  endfacet
  facet normal 0.997859 -0.065403 0.000000
    outer loop
      vertex 6.813688 55.708842 0.000000
      vertex 6.800000 55.500000 8.000000
      vertex 6.800000 55.500000 0.000000
    endloop
  endfacet
  facet normal 0.997859 -0.065403 0.000000
    outer loop
      vertex 6.813688 55.708842 0.000000
      vertex 6.813688 55.708842 8.000000
      vertex 6.800000 55.500000 8.000000
    endloop
  endfacet
  facet normal 0.000000 0.000000 1.000000
    outer loop
      vertex 4.929943 55.956842 8.000000
      vertex 4.900000 55.500000 8.000000
      vertex 6.800000 55.500000 8.000000
    endloop
  endfacet
  facet normal 0.000000 0.000000 1.000000
    outer loop
      vertex 4.929943 55.956842 8.000000
      vertex 6.800000 55.500000 8.000000
      vertex 6.813688 55.708842 8.000000
    endloop
  endfacet
  facet normal 0.000000 -0.000000 -1.000000
    outer loop
      vertex 4.929943 55.956842 0.000000
      vertex 6.800000 55.500000 0.000000
      vertex 4.900000 55.500000 0.000000
    endloop
  endfacet
  facet normal 0.000000 0.000000 -1.000000
    outer loop
      vertex 4.929943 55.956842 0.000000
      vertex 6.813688 55.708842 0.000000
      vertex 6.800000 55.500000 0.000000
    endloop
  endfacet
  facet normal -0.997859 -0.065403 0.000000
    outer loop
      vertex 4.900000 55.500000 0.000000
      vertex 4.929943 55.043158 0.000000
      vertex 4.929943 55.043158 8.000000
    endloop
  endfacet
  facet normal -0.997859 -0.065403 0.000000
    outer loop
      vertex 4.900000 55.500000 0.000000
      vertex 4.929943 55.043158 8.000000
      vertex 4.900000 55.500000 8.000000
    endloop
  endfacet
  facet normal 0.997859 0.065403 0.000000
    outer loop
      vertex 6.800000 55.500000 0.000000
      vertex 6.813688 55.291158 8.000000
      vertex 6.813688 55.291158 0.000000
    endloop
  endfacet
  facet normal 0.997859 0.065403 -0.000000
    outer loop
      vertex 6.800000 55.500000 0.000000
      vertex 6.800000 55.500000 8.000000
      vertex 6.813688 55.291158 8.000000
    endloop
  endfacet
  facet normal 0.000000 0.000000 1.000000
    outer loop
      vertex 4.900000 55.500000 8.000000
      vertex 4.929943 55.043158 8.000000
      vertex 6.813688 55.291158 8.000000
    endloop
  endfacet
  facet normal -0.000000 0.000000 1.000000
    outer loop
      vertex 4.900000 55.500000 8.000000
      vertex 6.813688 55.291158 8.000000
      vertex 6.800000 55.500000 8.000000
    endloop
  endfacet
  facet normal 0.000000 0.000000 -1.000000
    outer loop
      vertex 4.900000 55.500000 0.000000
      vertex 6.813688 55.291158 0.000000
      vertex 4.929943 55.043158 0.000000
    endloop
  endfacet
  facet normal 0.000000 0.000000 -1.000000
    outer loop
      vertex 4.900000 55.500000 0.000000
      vertex 6.800000 55.500000 0.000000
      vertex 6.813688 55.291158 0.000000
    endloop
  endfacet
  facet normal -0.980785 -0.195090 0.000000
    outer loop
      vertex 4.929943 55.043158 0.000000
      vertex 5.019260 54.594133 0.000000
      vertex 5.019260 54.594133 8.000000
    endloop
  endfacet
  facet normal -0.980785 -0.195090 0.000000
    outer loop
      vertex 4.929943 55.043158 0.000000
      vertex 5.019260 54.594133 8.000000
      vertex 4.929943 55.043158 8.000000
    endloop
  endfacet
  facet normal 0.980785 0.195090 0.000000
    outer loop
      vertex 6.813688 55.291158 0.000000
      vertex 6.854519 55.085890 8.000000
      vertex 6.854519 55.085890 0.000000
    endloop
  endfacet
  facet normal 0.980785 0.195090 -0.000000
    outer loop
      vertex 6.813688 55.291158 0.000000
      vertex 6.813688 55.291158 8.000000
      vertex 6.854519 55.085890 8.000000
    endloop
  endfacet
  facet normal -0.000000 0.000000 1.000000
    outer loop
      vertex 4.929943 55.043158 8.000000
      vertex 5.019260 54.594133 8.000000
      vertex 6.854519 55.085890 8.000000
    endloop
  endfacet
  facet normal 0.000000 0.000000 1.000000
    outer loop
      vertex 4.929943 55.043158 8.000000
      vertex 6.854519 55.085890 8.000000
      vertex 6.813688 55.291158 8.000000
    endloop
  endfacet
  facet normal 0.000000 0.000000 -1.000000
    outer loop
      vertex 4.929943 55.043158 0.000000
      vertex 6.854519 55.085890 0.000000
      vertex 5.019260 54.594133 0.000000
    endloop
  endfacet
  facet normal 0.000000 0.000000 -1.000000
    outer loop
      vertex 4.929943 55.043158 0.000000
      vertex 6.813688 55.291158 0.000000
      vertex 6.854519 55.085890 0.000000
    endloop
  endfacet
  facet normal -0.946930 -0.321439 0.000000
    outer loop
      vertex 5.019260 54.594133 0.000000
      vertex 5.166422 54.160608 0.000000
      vertex 5.166422 54.160608 8.000000
    endloop
  endfacet
  facet normal -0.946930 -0.321439 0.000000
    outer loop
      vertex 5.019260 54.594133 0.000000
      vertex 5.166422 54.160608 8.000000
      vertex 5.019260 54.594133 8.000000
    endloop
  endfacet
  facet normal 0.946930 0.321439 0.000000
    outer loop
      vertex 6.854519 55.085890 0.000000
      vertex 6.921793 54.887707 8.000000
      vertex 6.921793 54.887707 0.000000
    endloop
  endfacet
  facet normal 0.946930 0.321439 -0.000000
    outer loop
      vertex 6.854519 55.085890 0.000000
      vertex 6.854519 55.085890 8.000000
      vertex 6.921793 54.887707 8.000000
    endloop
  endfacet
  facet normal -0.000000 0.000000 1.000000
    outer loop
      vertex 5.019260 54.594133 8.000000
      vertex 5.166422 54.160608 8.000000
      vertex 6.921793 54.887707 8.000000
    endloop
  endfacet
  facet normal 0.000000 0.000000 1.000000
    outer loop
      vertex 5.019260 54.594133 8.000000
      vertex 6.921793 54.887707 8.000000
      vertex 6.854519 55.085890 8.000000
    endloop
  endfacet
  facet normal 0.000000 0.000000 -1.000000
    outer loop
      vertex 5.019260 54.594133 0.000000
      vertex 6.921793 54.887707 0.000000
      vertex 5.166422 54.160608 0.000000
    endloop
  endfacet
  facet normal 0.000000 0.000000 -1.000000
    outer loop
      vertex 5.019260 54.594133 0.000000
      vertex 6.854519 55.085890 0.000000
      vertex 6.921793 54.887707 0.000000
    endloop
  endfacet
  facet normal -0.896873 -0.442289 0.000000
    outer loop
      vertex 5.166422 54.160608 0.000000
      vertex 5.368911 53.750000 0.000000
      vertex 5.368911 53.750000 8.000000
    endloop
  endfacet
  facet normal -0.896873 -0.442289 0.000000
    outer loop
      vertex 5.166422 54.160608 0.000000
      vertex 5.368911 53.750000 8.000000
      vertex 5.166422 54.160608 8.000000
    endloop
  endfacet
  facet normal 0.896873 0.442289 0.000000
    outer loop
      vertex 6.921793 54.887707 0.000000
      vertex 7.014359 54.700000 8.000000
      vertex 7.014359 54.700000 0.000000
    endloop
  endfacet
  facet normal 0.896873 0.442289 -0.000000
    outer loop
      vertex 6.921793 54.887707 0.000000
      vertex 6.921793 54.887707 8.000000
      vertex 7.014359 54.700000 8.000000
    endloop
  endfacet
  facet normal -0.000000 0.000000 1.000000
    outer loop
      vertex 5.166422 54.160608 8.000000
      vertex 5.368911 53.750000 8.000000
      vertex 7.014359 54.700000 8.000000
    endloop
  endfacet
  facet normal 0.000000 0.000000 1.000000
    outer loop
      vertex 5.166422 54.160608 8.000000
      vertex 7.014359 54.700000 8.000000
      vertex 6.921793 54.887707 8.000000
    endloop
  endfacet
  facet normal 0.000000 0.000000 -1.000000
    outer loop
      vertex 5.166422 54.160608 0.000000
      vertex 7.014359 54.700000 0.000000
      vertex 5.368911 53.750000 0.000000
    endloop
  endfacet
  facet normal 0.000000 0.000000 -1.000000
    outer loop
      vertex 5.166422 54.160608 0.000000
      vertex 6.921793 54.887707 0.000000
      vertex 7.014359 54.700000 0.000000
    endloop
  endfacet
  facet normal -0.831470 -0.555570 0.000000
    outer loop
      vertex 5.368911 53.750000 0.000000
      vertex 5.623263 53.369335 0.000000
      vertex 5.623263 53.369335 8.000000
    endloop
  endfacet
  facet normal -0.831470 -0.555570 0.000000
    outer loop
      vertex 5.368911 53.750000 0.000000
      vertex 5.623263 53.369335 8.000000
      vertex 5.368911 53.750000 8.000000
    endloop
  endfacet
  facet normal 0.831470 0.555570 0.000000
    outer loop
      vertex 7.014359 54.700000 0.000000
      vertex 7.130635 54.525982 8.000000
      vertex 7.130635 54.525982 0.000000
    endloop
  endfacet
  facet normal 0.831470 0.555570 -0.000000
    outer loop
      vertex 7.014359 54.700000 0.000000
      vertex 7.014359 54.700000 8.000000
      vertex 7.130635 54.525982 8.000000
    endloop
  endfacet
  facet normal -0.000000 0.000000 1.000000
    outer loop
      vertex 5.368911 53.750000 8.000000
      vertex 5.623263 53.369335 8.000000
      vertex 7.130635 54.525982 8.000000
    endloop
  endfacet
  facet normal 0.000000 0.000000 1.000000
    outer loop
      vertex 5.368911 53.750000 8.000000
      vertex 7.130635 54.525982 8.000000
      vertex 7.014359 54.700000 8.000000
    endloop
  endfacet
  facet normal 0.000000 0.000000 -1.000000
    outer loop
      vertex 5.368911 53.750000 0.000000
      vertex 7.130635 54.525982 0.000000
      vertex 5.623263 53.369335 0.000000
    endloop
  endfacet
  facet normal 0.000000 0.000000 -1.000000
    outer loop
      vertex 5.368911 53.750000 0.000000
      vertex 7.014359 54.700000 0.000000
      vertex 7.130635 54.525982 0.000000
    endloop
  endfacet
  facet normal -0.751840 -0.659346 0.000000
    outer loop
      vertex 5.623263 53.369335 0.000000
      vertex 5.925126 53.025126 0.000000
      vertex 5.925126 53.025126 8.000000
    endloop
  endfacet
  facet normal -0.751840 -0.659346 0.000000
    outer loop
      vertex 5.623263 53.369335 0.000000
      vertex 5.925126 53.025126 8.000000
      vertex 5.623263 53.369335 8.000000
    endloop
  endfacet
  facet normal 0.751840 0.659346 0.000000
    outer loop
      vertex 7.130635 54.525982 0.000000
      vertex 7.268629 54.368629 8.000000
      vertex 7.268629 54.368629 0.000000
    endloop
  endfacet
  facet normal 0.751840 0.659346 -0.000000
    outer loop
      vertex 7.130635 54.525982 0.000000
      vertex 7.130635 54.525982 8.000000
      vertex 7.268629 54.368629 8.000000
    endloop
  endfacet
  facet normal -0.000000 0.000000 1.000000
    outer loop
      vertex 5.623263 53.369335 8.000000
      vertex 5.925126 53.025126 8.000000
      vertex 7.268629 54.368629 8.000000
    endloop
  endfacet
  facet normal 0.000000 0.000000 1.000000
    outer loop
      vertex 5.623263 53.369335 8.000000
      vertex 7.268629 54.368629 8.000000
      vertex 7.130635 54.525982 8.000000
    endloop
  endfacet
  facet normal 0.000000 0.000000 -1.000000
    outer loop
      vertex 5.623263 53.369335 0.000000
      vertex 7.268629 54.368629 0.000000
      vertex 5.925126 53.025126 0.000000
    endloop
  endfacet
  facet normal 0.000000 0.000000 -1.000000
    outer loop
      vertex 5.623263 53.369335 0.000000
      vertex 7.130635 54.525982 0.000000
      vertex 7.268629 54.368629 0.000000
    endloop
  endfacet
  facet normal -0.659346 -0.751840 0.000000
    outer loop
      vertex 5.925126 53.025126 0.000000
      vertex 6.269335 52.723263 0.000000
      vertex 6.269335 52.723263 8.000000
    endloop
  endfacet
  facet normal -0.659346 -0.751840 0.000000
    outer loop
      vertex 5.925126 53.025126 0.000000
      vertex 6.269335 52.723263 8.000000
      vertex 5.925126 53.025126 8.000000
    endloop
  endfacet
  facet normal 0.659346 0.751840 0.000000
    outer loop
      vertex 7.268629 54.368629 0.000000
      vertex 7.425982 54.230635 8.000000
      vertex 7.425982 54.230635 0.000000
    endloop
  endfacet
  facet normal 0.659346 0.751840 -0.000000
    outer loop
      vertex 7.268629 54.368629 0.000000
      vertex 7.268629 54.368629 8.000000
      vertex 7.425982 54.230635 8.000000
    endloop
  endfacet
  facet normal -0.000000 0.000000 1.000000
    outer loop
      vertex 5.925126 53.025126 8.000000
      vertex 6.269335 52.723263 8.000000
      vertex 7.425982 54.230635 8.000000
    endloop
  endfacet
  facet normal 0.000000 0.000000 1.000000
    outer loop
      vertex 5.925126 53.025126 8.000000
      vertex 7.425982 54.230635 8.000000
      vertex 7.268629 54.368629 8.000000
    endloop
  endfacet
  facet normal 0.000000 0.000000 -1.000000
    outer loop
      vertex 5.925126 53.025126 0.000000
      vertex 7.425982 54.230635 0.000000
      vertex 6.269335 52.723263 0.000000
    endloop
  endfacet
  facet normal 0.000000 0.000000 -1.000000
    outer loop
      vertex 5.925126 53.025126 0.000000
      vertex 7.268629 54.368629 0.000000
      vertex 7.425982 54.230635 0.000000
    endloop
  endfacet
  facet normal -0.555570 -0.831470 0.000000
    outer loop
      vertex 6.269335 52.723263 0.000000
      vertex 6.650000 52.468911 0.000000
      vertex 6.650000 52.468911 8.000000
    endloop
  endfacet
  facet normal -0.555570 -0.831470 0.000000
    outer loop
      vertex 6.269335 52.723263 0.000000
      vertex 6.650000 52.468911 8.000000
      vertex 6.269335 52.723263 8.000000
    endloop
  endfacet
  facet normal 0.555570 0.831470 0.000000
    outer loop
      vertex 7.425982 54.230635 0.000000
      vertex 7.600000 54.114359 8.000000
      vertex 7.600000 54.114359 0.000000
    endloop
  endfacet
  facet normal 0.555570 0.831470 -0.000000
    outer loop
      vertex 7.425982 54.230635 0.000000
      vertex 7.425982 54.230635 8.000000
      vertex 7.600000 54.114359 8.000000
    endloop
  endfacet
  facet normal -0.000000 0.000000 1.000000
    outer loop
      vertex 6.269335 52.723263 8.000000
      vertex 6.650000 52.468911 8.000000
      vertex 7.600000 54.114359 8.000000
    endloop
  endfacet
  facet normal 0.000000 0.000000 1.000000
    outer loop
      vertex 6.269335 52.723263 8.000000
      vertex 7.600000 54.114359 8.000000
      vertex 7.425982 54.230635 8.000000
    endloop
  endfacet
  facet normal 0.000000 0.000000 -1.000000
    outer loop
      vertex 6.269335 52.723263 0.000000
      vertex 7.600000 54.114359 0.000000
      vertex 6.650000 52.468911 0.000000
    endloop
  endfacet
  facet normal 0.000000 0.000000 -1.000000
    outer loop
      vertex 6.269335 52.723263 0.000000
      vertex 7.425982 54.230635 0.000000
      vertex 7.600000 54.114359 0.000000
    endloop
  endfacet
  facet normal -0.442289 -0.896873 0.000000
    outer loop
      vertex 6.650000 52.468911 0.000000
      vertex 7.060608 52.266422 0.000000
      vertex 7.060608 52.266422 8.000000
    endloop
  endfacet
  facet normal -0.442289 -0.896873 0.000000
    outer loop
      vertex 6.650000 52.468911 0.000000
      vertex 7.060608 52.266422 8.000000
      vertex 6.650000 52.468911 8.000000
    endloop
  endfacet
  facet normal 0.442289 0.896873 0.000000
    outer loop
      vertex 7.600000 54.114359 0.000000
      vertex 7.787707 54.021793 8.000000
      vertex 7.787707 54.021793 0.000000
    endloop
  endfacet
  facet normal 0.442289 0.896873 -0.000000
    outer loop
      vertex 7.600000 54.114359 0.000000
      vertex 7.600000 54.114359 8.000000
      vertex 7.787707 54.021793 8.000000
    endloop
  endfacet
  facet normal -0.000000 0.000000 1.000000
    outer loop
      vertex 6.650000 52.468911 8.000000
      vertex 7.060608 52.266422 8.000000
      vertex 7.787707 54.021793 8.000000
    endloop
  endfacet
  facet normal 0.000000 0.000000 1.000000
    outer loop
      vertex 6.650000 52.468911 8.000000
      vertex 7.787707 54.021793 8.000000
      vertex 7.600000 54.114359 8.000000
    endloop
  endfacet
  facet normal 0.000000 0.000000 -1.000000
    outer loop
      vertex 6.650000 52.468911 0.000000
      vertex 7.787707 54.021793 0.000000
      vertex 7.060608 52.266422 0.000000
    endloop
  endfacet
  facet normal 0.000000 0.000000 -1.000000
    outer loop
      vertex 6.650000 52.468911 0.000000
      vertex 7.600000 54.114359 0.000000
      vertex 7.787707 54.021793 0.000000
    endloop
  endfacet
  facet normal -0.321439 -0.946930 0.000000
    outer loop
      vertex 7.060608 52.266422 0.000000
      vertex 7.494133 52.119260 0.000000
      vertex 7.494133 52.119260 8.000000
    endloop
  endfacet
  facet normal -0.321439 -0.946930 0.000000
    outer loop
      vertex 7.060608 52.266422 0.000000
      vertex 7.494133 52.119260 8.000000
      vertex 7.060608 52.266422 8.000000
    endloop
  endfacet
  facet normal 0.321439 0.946930 0.000000
    outer loop
      vertex 7.787707 54.021793 0.000000
      vertex 7.985890 53.954519 8.000000
      vertex 7.985890 53.954519 0.000000
    endloop
  endfacet
  facet normal 0.321439 0.946930 -0.000000
    outer loop
      vertex 7.787707 54.021793 0.000000
      vertex 7.787707 54.021793 8.000000
      vertex 7.985890 53.954519 8.000000
    endloop
  endfacet
  facet normal -0.000000 0.000000 1.000000
    outer loop
      vertex 7.060608 52.266422 8.000000
      vertex 7.494133 52.119260 8.000000
      vertex 7.985890 53.954519 8.000000
    endloop
  endfacet
  facet normal 0.000000 0.000000 1.000000
    outer loop
      vertex 7.060608 52.266422 8.000000
      vertex 7.985890 53.954519 8.000000
      vertex 7.787707 54.021793 8.000000
    endloop
  endfacet
  facet normal 0.000000 0.000000 -1.000000
    outer loop
      vertex 7.060608 52.266422 0.000000
      vertex 7.985890 53.954519 0.000000
      vertex 7.494133 52.119260 0.000000
    endloop
  endfacet
  facet normal 0.000000 0.000000 -1.000000
    outer loop
      vertex 7.060608 52.266422 0.000000
      vertex 7.787707 54.021793 0.000000
      vertex 7.985890 53.954519 0.000000
    endloop
  endfacet
  facet normal -0.195090 -0.980785 0.000000
    outer loop
      vertex 7.494133 52.119260 0.000000
      vertex 7.943158 52.029943 0.000000
      vertex 7.943158 52.029943 8.000000
    endloop
  endfacet
  facet normal -0.195090 -0.980785 0.000000
    outer loop
      vertex 7.494133 52.119260 0.000000
      vertex 7.943158 52.029943 8.000000
      vertex 7.494133 52.119260 8.000000
    endloop
  endfacet
  facet normal 0.195090 0.980785 0.000000
    outer loop
      vertex 7.985890 53.954519 0.000000
      vertex 8.191158 53.913688 8.000000
      vertex 8.191158 53.913688 0.000000
    endloop
  endfacet
  facet normal 0.195090 0.980785 -0.000000
    outer loop
      vertex 7.985890 53.954519 0.000000
      vertex 7.985890 53.954519 8.000000
      vertex 8.191158 53.913688 8.000000
    endloop
  endfacet
  facet normal -0.000000 0.000000 1.000000
    outer loop
      vertex 7.494133 52.119260 8.000000
      vertex 7.943158 52.029943 8.000000
      vertex 8.191158 53.913688 8.000000
    endloop
  endfacet
  facet normal 0.000000 0.000000 1.000000
    outer loop
      vertex 7.494133 52.119260 8.000000
      vertex 8.191158 53.913688 8.000000
      vertex 7.985890 53.954519 8.000000
    endloop
  endfacet
  facet normal 0.000000 0.000000 -1.000000
    outer loop
      vertex 7.494133 52.119260 0.000000
      vertex 8.191158 53.913688 0.000000
      vertex 7.943158 52.029943 0.000000
    endloop
  endfacet
  facet normal 0.000000 0.000000 -1.000000
    outer loop
      vertex 7.494133 52.119260 0.000000
      vertex 7.985890 53.954519 0.000000
      vertex 8.191158 53.913688 0.000000
    endloop
  endfacet
  facet normal -0.065403 -0.997859 0.000000
    outer loop
      vertex 7.943158 52.029943 0.000000
      vertex 8.400000 52.000000 0.000000
      vertex 8.400000 52.000000 8.000000
    endloop
  endfacet
  facet normal -0.065403 -0.997859 0.000000
    outer loop
      vertex 7.943158 52.029943 0.000000
      vertex 8.400000 52.000000 8.000000
      vertex 7.943158 52.029943 8.000000
    endloop
  endfacet
  facet normal 0.065403 0.997859 0.000000
    outer loop
      vertex 8.191158 53.913688 0.000000
      vertex 8.400000 53.900000 8.000000
      vertex 8.400000 53.900000 0.000000
    endloop
  endfacet
  facet normal 0.065403 0.997859 -0.000000
    outer loop
      vertex 8.191158 53.913688 0.000000
      vertex 8.191158 53.913688 8.000000
      vertex 8.400000 53.900000 8.000000
    endloop
  endfacet
  facet normal -0.000000 0.000000 1.000000
    outer loop
      vertex 7.943158 52.029943 8.000000
      vertex 8.400000 52.000000 8.000000
      vertex 8.400000 53.900000 8.000000
    endloop
  endfacet
  facet normal 0.000000 0.000000 1.000000
    outer loop
      vertex 7.943158 52.029943 8.000000
      vertex 8.400000 53.900000 8.000000
      vertex 8.191158 53.913688 8.000000
    endloop
  endfacet
  facet normal 0.000000 0.000000 -1.000000
    outer loop
      vertex 7.943158 52.029943 0.000000
      vertex 8.400000 53.900000 0.000000
      vertex 8.400000 52.000000 0.000000
    endloop
  endfacet
  facet normal 0.000000 0.000000 -1.000000
    outer loop
      vertex 7.943158 52.029943 0.000000
      vertex 8.191158 53.913688 0.000000
      vertex 8.400000 53.900000 0.000000
    endloop
  endfacet
  facet normal 0.065403 -0.997859 0.000000
    outer loop
      vertex 8.400000 52.000000 0.000000
      vertex 8.856842 52.029943 0.000000
      vertex 8.856842 52.029943 8.000000
    endloop
  endfacet
  facet normal 0.065403 -0.997859 0.000000
    outer loop
      vertex 8.400000 52.000000 0.000000
      vertex 8.856842 52.029943 8.000000
      vertex 8.400000 52.000000 8.000000
    endloop
  endfacet
  facet normal -0.065403 0.997859 0.000000
    outer loop
      vertex 8.400000 53.900000 0.000000
      vertex 8.608842 53.913688 8.000000
      vertex 8.608842 53.913688 0.000000
    endloop
  endfacet
  facet normal -0.065403 0.997859 0.000000
    outer loop
      vertex 8.400000 53.900000 0.000000
      vertex 8.400000 53.900000 8.000000
      vertex 8.608842 53.913688 8.000000
    endloop
  endfacet
  facet normal 0.000000 0.000000 1.000000
    outer loop
      vertex 8.400000 52.000000 8.000000
      vertex 8.856842 52.029943 8.000000
      vertex 8.608842 53.913688 8.000000
    endloop
  endfacet
  facet normal 0.000000 0.000000 1.000000
    outer loop
      vertex 8.400000 52.000000 8.000000
      vertex 8.608842 53.913688 8.000000
      vertex 8.400000 53.900000 8.000000
    endloop
  endfacet
  facet normal 0.000000 0.000000 -1.000000
    outer loop
      vertex 8.400000 52.000000 0.000000
      vertex 8.608842 53.913688 0.000000
      vertex 8.856842 52.029943 0.000000
    endloop
  endfacet
  facet normal 0.000000 0.000000 -1.000000
    outer loop
      vertex 8.400000 52.000000 0.000000
      vertex 8.400000 53.900000 0.000000
      vertex 8.608842 53.913688 0.000000
    endloop
  endfacet
  facet normal 0.195090 -0.980785 0.000000
    outer loop
      vertex 8.856842 52.029943 0.000000
      vertex 9.305867 52.119260 0.000000
      vertex 9.305867 52.119260 8.000000
    endloop
  endfacet
  facet normal 0.195090 -0.980785 0.000000
    outer loop
      vertex 8.856842 52.029943 0.000000
      vertex 9.305867 52.119260 8.000000
      vertex 8.856842 52.029943 8.000000
    endloop
  endfacet
  facet normal -0.195090 0.980785 0.000000
    outer loop
      vertex 8.608842 53.913688 0.000000
      vertex 8.814110 53.954519 8.000000
      vertex 8.814110 53.954519 0.000000
    endloop
  endfacet
  facet normal -0.195090 0.980785 0.000000
    outer loop
      vertex 8.608842 53.913688 0.000000
      vertex 8.608842 53.913688 8.000000
      vertex 8.814110 53.954519 8.000000
    endloop
  endfacet
  facet normal 0.000000 -0.000000 1.000000
    outer loop
      vertex 8.856842 52.029943 8.000000
      vertex 9.305867 52.119260 8.000000
      vertex 8.814110 53.954519 8.000000
    endloop
  endfacet
  facet normal 0.000000 0.000000 1.000000
    outer loop
      vertex 8.856842 52.029943 8.000000
      vertex 8.814110 53.954519 8.000000
      vertex 8.608842 53.913688 8.000000
    endloop
  endfacet
  facet normal 0.000000 0.000000 -1.000000
    outer loop
      vertex 8.856842 52.029943 0.000000
      vertex 8.814110 53.954519 0.000000
      vertex 9.305867 52.119260 0.000000
    endloop
  endfacet
  facet normal 0.000000 0.000000 -1.000000
    outer loop
      vertex 8.856842 52.029943 0.000000
      vertex 8.608842 53.913688 0.000000
      vertex 8.814110 53.954519 0.000000
    endloop
  endfacet
  facet normal 0.321439 -0.946930 0.000000
    outer loop
      vertex 9.305867 52.119260 0.000000
      vertex 9.739392 52.266422 0.000000
      vertex 9.739392 52.266422 8.000000
    endloop
  endfacet
  facet normal 0.321439 -0.946930 0.000000
    outer loop
      vertex 9.305867 52.119260 0.000000
      vertex 9.739392 52.266422 8.000000
      vertex 9.305867 52.119260 8.000000
    endloop
  endfacet
  facet normal -0.321439 0.946930 0.000000
    outer loop
      vertex 8.814110 53.954519 0.000000
      vertex 9.012293 54.021793 8.000000
      vertex 9.012293 54.021793 0.000000
    endloop
  endfacet
  facet normal -0.321439 0.946930 0.000000
    outer loop
      vertex 8.814110 53.954519 0.000000
      vertex 8.814110 53.954519 8.000000
      vertex 9.012293 54.021793 8.000000
    endloop
  endfacet
  facet normal 0.000000 -0.000000 1.000000
    outer loop
      vertex 9.305867 52.119260 8.000000
      vertex 9.739392 52.266422 8.000000
      vertex 9.012293 54.021793 8.000000
    endloop
  endfacet
  facet normal 0.000000 0.000000 1.000000
    outer loop
      vertex 9.305867 52.119260 8.000000
      vertex 9.012293 54.021793 8.000000
      vertex 8.814110 53.954519 8.000000
    endloop
  endfacet
  facet normal 0.000000 0.000000 -1.000000
    outer loop
      vertex 9.305867 52.119260 0.000000
      vertex 9.012293 54.021793 0.000000
      vertex 9.739392 52.266422 0.000000
    endloop
  endfacet
  facet normal 0.000000 0.000000 -1.000000
    outer loop
      vertex 9.305867 52.119260 0.000000
      vertex 8.814110 53.954519 0.000000
      vertex 9.012293 54.021793 0.000000
    endloop
  endfacet
  facet normal 0.442289 -0.896873 0.000000
    outer loop
      vertex 9.739392 52.266422 0.000000
      vertex 10.150000 52.468911 0.000000
      vertex 10.150000 52.468911 8.000000
    endloop
  endfacet
  facet normal 0.442289 -0.896873 0.000000
    outer loop
      vertex 9.739392 52.266422 0.000000
      vertex 10.150000 52.468911 8.000000
      vertex 9.739392 52.266422 8.000000
    endloop
  endfacet
  facet normal -0.442289 0.896873 0.000000
    outer loop
      vertex 9.012293 54.021793 0.000000
      vertex 9.200000 54.114359 8.000000
      vertex 9.200000 54.114359 0.000000
    endloop
  endfacet
  facet normal -0.442289 0.896873 0.000000
    outer loop
      vertex 9.012293 54.021793 0.000000
      vertex 9.012293 54.021793 8.000000
      vertex 9.200000 54.114359 8.000000
    endloop
  endfacet
  facet normal 0.000000 -0.000000 1.000000
    outer loop
      vertex 9.739392 52.266422 8.000000
      vertex 10.150000 52.468911 8.000000
      vertex 9.200000 54.114359 8.000000
    endloop
  endfacet
  facet normal 0.000000 0.000000 1.000000
    outer loop
      vertex 9.739392 52.266422 8.000000
      vertex 9.200000 54.114359 8.000000
      vertex 9.012293 54.021793 8.000000
    endloop
  endfacet
  facet normal 0.000000 0.000000 -1.000000
    outer loop
      vertex 9.739392 52.266422 0.000000
      vertex 9.200000 54.114359 0.000000
      vertex 10.150000 52.468911 0.000000
    endloop
  endfacet
  facet normal 0.000000 0.000000 -1.000000
    outer loop
      vertex 9.739392 52.266422 0.000000
      vertex 9.012293 54.021793 0.000000
      vertex 9.200000 54.114359 0.000000
    endloop
  endfacet
  facet normal 0.555570 -0.831470 0.000000
    outer loop
      vertex 10.150000 52.468911 0.000000
      vertex 10.530665 52.723263 0.000000
      vertex 10.530665 52.723263 8.000000
    endloop
  endfacet
  facet normal 0.555570 -0.831470 0.000000
    outer loop
      vertex 10.150000 52.468911 0.000000
      vertex 10.530665 52.723263 8.000000
      vertex 10.150000 52.468911 8.000000
    endloop
  endfacet
  facet normal -0.555570 0.831470 0.000000
    outer loop
      vertex 9.200000 54.114359 0.000000
      vertex 9.374018 54.230635 8.000000
      vertex 9.374018 54.230635 0.000000
    endloop
  endfacet
  facet normal -0.555570 0.831470 0.000000
    outer loop
      vertex 9.200000 54.114359 0.000000
      vertex 9.200000 54.114359 8.000000
      vertex 9.374018 54.230635 8.000000
    endloop
  endfacet
  facet normal 0.000000 -0.000000 1.000000
    outer loop
      vertex 10.150000 52.468911 8.000000
      vertex 10.530665 52.723263 8.000000
      vertex 9.374018 54.230635 8.000000
    endloop
  endfacet
  facet normal 0.000000 0.000000 1.000000
    outer loop
      vertex 10.150000 52.468911 8.000000
      vertex 9.374018 54.230635 8.000000
      vertex 9.200000 54.114359 8.000000
    endloop
  endfacet
  facet normal 0.000000 0.000000 -1.000000
    outer loop
      vertex 10.150000 52.468911 0.000000
      vertex 9.374018 54.230635 0.000000
      vertex 10.530665 52.723263 0.000000
    endloop
  endfacet
  facet normal 0.000000 0.000000 -1.000000
    outer loop
      vertex 10.150000 52.468911 0.000000
      vertex 9.200000 54.114359 0.000000
      vertex 9.374018 54.230635 0.000000
    endloop
  endfacet
  facet normal 0.659346 -0.751840 0.000000
    outer loop
      vertex 10.530665 52.723263 0.000000
      vertex 10.874874 53.025126 0.000000
      vertex 10.874874 53.025126 8.000000
    endloop
  endfacet
  facet normal 0.659346 -0.751840 0.000000
    outer loop
      vertex 10.530665 52.723263 0.000000
      vertex 10.874874 53.025126 8.000000
      vertex 10.530665 52.723263 8.000000
    endloop
  endfacet
  facet normal -0.659346 0.751840 0.000000
    outer loop
      vertex 9.374018 54.230635 0.000000
      vertex 9.531371 54.368629 8.000000
      vertex 9.531371 54.368629 0.000000
    endloop
  endfacet
  facet normal -0.659346 0.751840 0.000000
    outer loop
      vertex 9.374018 54.230635 0.000000
      vertex 9.374018 54.230635 8.000000
      vertex 9.531371 54.368629 8.000000
    endloop
  endfacet
  facet normal 0.000000 -0.000000 1.000000
    outer loop
      vertex 10.530665 52.723263 8.000000
      vertex 10.874874 53.025126 8.000000
      vertex 9.531371 54.368629 8.000000
    endloop
  endfacet
  facet normal 0.000000 0.000000 1.000000
    outer loop
      vertex 10.530665 52.723263 8.000000
      vertex 9.531371 54.368629 8.000000
      vertex 9.374018 54.230635 8.000000
    endloop
  endfacet
  facet normal 0.000000 0.000000 -1.000000
    outer loop
      vertex 10.530665 52.723263 0.000000
      vertex 9.531371 54.368629 0.000000
      vertex 10.874874 53.025126 0.000000
    endloop
  endfacet
  facet normal 0.000000 0.000000 -1.000000
    outer loop
      vertex 10.530665 52.723263 0.000000
      vertex 9.374018 54.230635 0.000000
      vertex 9.531371 54.368629 0.000000
    endloop
  endfacet
  facet normal 0.751840 -0.659346 0.000000
    outer loop
      vertex 10.874874 53.025126 0.000000
      vertex 11.176737 53.369335 0.000000
      vertex 11.176737 53.369335 8.000000
    endloop
  endfacet
  facet normal 0.751840 -0.659346 0.000000
    outer loop
      vertex 10.874874 53.025126 0.000000
      vertex 11.176737 53.369335 8.000000
      vertex 10.874874 53.025126 8.000000
    endloop
  endfacet
  facet normal -0.751840 0.659346 0.000000
    outer loop
      vertex 9.531371 54.368629 0.000000
      vertex 9.669365 54.525982 8.000000
      vertex 9.669365 54.525982 0.000000
    endloop
  endfacet
  facet normal -0.751840 0.659346 0.000000
    outer loop
      vertex 9.531371 54.368629 0.000000
      vertex 9.531371 54.368629 8.000000
      vertex 9.669365 54.525982 8.000000
    endloop
  endfacet
  facet normal 0.000000 -0.000000 1.000000
    outer loop
      vertex 10.874874 53.025126 8.000000
      vertex 11.176737 53.369335 8.000000
      vertex 9.669365 54.525982 8.000000
    endloop
  endfacet
  facet normal 0.000000 0.000000 1.000000
    outer loop
      vertex 10.874874 53.025126 8.000000
      vertex 9.669365 54.525982 8.000000
      vertex 9.531371 54.368629 8.000000
    endloop
  endfacet
  facet normal 0.000000 0.000000 -1.000000
    outer loop
      vertex 10.874874 53.025126 0.000000
      vertex 9.669365 54.525982 0.000000
      vertex 11.176737 53.369335 0.000000
    endloop
  endfacet
  facet normal 0.000000 0.000000 -1.000000
    outer loop
      vertex 10.874874 53.025126 0.000000
      vertex 9.531371 54.368629 0.000000
      vertex 9.669365 54.525982 0.000000
    endloop
  endfacet
  facet normal 0.831470 -0.555570 0.000000
    outer loop
      vertex 11.176737 53.369335 0.000000
      vertex 11.431089 53.750000 0.000000
      vertex 11.431089 53.750000 8.000000
    endloop
  endfacet
  facet normal 0.831470 -0.555570 0.000000
    outer loop
      vertex 11.176737 53.369335 0.000000
      vertex 11.431089 53.750000 8.000000
      vertex 11.176737 53.369335 8.000000
    endloop
  endfacet
  facet normal -0.831470 0.555570 0.000000
    outer loop
      vertex 9.669365 54.525982 0.000000
      vertex 9.785641 54.700000 8.000000
      vertex 9.785641 54.700000 0.000000
    endloop
  endfacet
  facet normal -0.831470 0.555570 0.000000
    outer loop
      vertex 9.669365 54.525982 0.000000
      vertex 9.669365 54.525982 8.000000
      vertex 9.785641 54.700000 8.000000
    endloop
  endfacet
  facet normal 0.000000 -0.000000 1.000000
    outer loop
      vertex 11.176737 53.369335 8.000000
      vertex 11.431089 53.750000 8.000000
      vertex 9.785641 54.700000 8.000000
    endloop
  endfacet
  facet normal 0.000000 0.000000 1.000000
    outer loop
      vertex 11.176737 53.369335 8.000000
      vertex 9.785641 54.700000 8.000000
      vertex 9.669365 54.525982 8.000000
    endloop
  endfacet
  facet normal 0.000000 0.000000 -1.000000
    outer loop
      vertex 11.176737 53.369335 0.000000
      vertex 9.785641 54.700000 0.000000
      vertex 11.431089 53.750000 0.000000
    endloop
  endfacet
  facet normal 0.000000 0.000000 -1.000000
    outer loop
      vertex 11.176737 53.369335 0.000000
      vertex 9.669365 54.525982 0.000000
      vertex 9.785641 54.700000 0.000000
    endloop
  endfacet
  facet normal 0.896873 -0.442289 0.000000
    outer loop
      vertex 11.431089 53.750000 0.000000
      vertex 11.633578 54.160608 0.000000
      vertex 11.633578 54.160608 8.000000
    endloop
  endfacet
  facet normal 0.896873 -0.442289 0.000000
    outer loop
      vertex 11.431089 53.750000 0.000000
      vertex 11.633578 54.160608 8.000000
      vertex 11.431089 53.750000 8.000000
    endloop
  endfacet
  facet normal -0.896873 0.442289 0.000000
    outer loop
      vertex 9.785641 54.700000 0.000000
      vertex 9.878207 54.887707 8.000000
      vertex 9.878207 54.887707 0.000000
    endloop
  endfacet
  facet normal -0.896873 0.442289 0.000000
    outer loop
      vertex 9.785641 54.700000 0.000000
      vertex 9.785641 54.700000 8.000000
      vertex 9.878207 54.887707 8.000000
    endloop
  endfacet
  facet normal 0.000000 -0.000000 1.000000
    outer loop
      vertex 11.431089 53.750000 8.000000
      vertex 11.633578 54.160608 8.000000
      vertex 9.878207 54.887707 8.000000
    endloop
  endfacet
  facet normal 0.000000 0.000000 1.000000
    outer loop
      vertex 11.431089 53.750000 8.000000
      vertex 9.878207 54.887707 8.000000
      vertex 9.785641 54.700000 8.000000
    endloop
  endfacet
  facet normal 0.000000 0.000000 -1.000000
    outer loop
      vertex 11.431089 53.750000 0.000000
      vertex 9.878207 54.887707 0.000000
      vertex 11.633578 54.160608 0.000000
    endloop
  endfacet
  facet normal 0.000000 0.000000 -1.000000
    outer loop
      vertex 11.431089 53.750000 0.000000
      vertex 9.785641 54.700000 0.000000
      vertex 9.878207 54.887707 0.000000
    endloop
  endfacet
  facet normal 0.946930 -0.321439 0.000000
    outer loop
      vertex 11.633578 54.160608 0.000000
      vertex 11.780740 54.594133 0.000000
      vertex 11.780740 54.594133 8.000000
    endloop
  endfacet
  facet normal 0.946930 -0.321439 0.000000
    outer loop
      vertex 11.633578 54.160608 0.000000
      vertex 11.780740 54.594133 8.000000
      vertex 11.633578 54.160608 8.000000
    endloop
  endfacet
  facet normal -0.946930 0.321439 0.000000
    outer loop
      vertex 9.878207 54.887707 0.000000
      vertex 9.945481 55.085890 8.000000
      vertex 9.945481 55.085890 0.000000
    endloop
  endfacet
  facet normal -0.946930 0.321439 0.000000
    outer loop
      vertex 9.878207 54.887707 0.000000
      vertex 9.878207 54.887707 8.000000
      vertex 9.945481 55.085890 8.000000
    endloop
  endfacet
  facet normal 0.000000 -0.000000 1.000000
    outer loop
      vertex 11.633578 54.160608 8.000000
      vertex 11.780740 54.594133 8.000000
      vertex 9.945481 55.085890 8.000000
    endloop
  endfacet
  facet normal 0.000000 0.000000 1.000000
    outer loop
      vertex 11.633578 54.160608 8.000000
      vertex 9.945481 55.085890 8.000000
      vertex 9.878207 54.887707 8.000000
    endloop
  endfacet
  facet normal 0.000000 0.000000 -1.000000
    outer loop
      vertex 11.633578 54.160608 0.000000
      vertex 9.945481 55.085890 0.000000
      vertex 11.780740 54.594133 0.000000
    endloop
  endfacet
  facet normal 0.000000 0.000000 -1.000000
    outer loop
      vertex 11.633578 54.160608 0.000000
      vertex 9.878207 54.887707 0.000000
      vertex 9.945481 55.085890 0.000000
    endloop
  endfacet
  facet normal 0.980785 -0.195090 0.000000
    outer loop
      vertex 11.780740 54.594133 0.000000
      vertex 11.870057 55.043158 0.000000
      vertex 11.870057 55.043158 8.000000
    endloop
  endfacet
  facet normal 0.980785 -0.195090 0.000000
    outer loop
      vertex 11.780740 54.594133 0.000000
      vertex 11.870057 55.043158 8.000000
      vertex 11.780740 54.594133 8.000000
    endloop
  endfacet
  facet normal -0.980785 0.195090 0.000000
    outer loop
      vertex 9.945481 55.085890 0.000000
      vertex 9.986312 55.291158 8.000000
      vertex 9.986312 55.291158 0.000000
    endloop
  endfacet
  facet normal -0.980785 0.195090 0.000000
    outer loop
      vertex 9.945481 55.085890 0.000000
      vertex 9.945481 55.085890 8.000000
      vertex 9.986312 55.291158 8.000000
    endloop
  endfacet
  facet normal 0.000000 -0.000000 1.000000
    outer loop
      vertex 11.780740 54.594133 8.000000
      vertex 11.870057 55.043158 8.000000
      vertex 9.986312 55.291158 8.000000
    endloop
  endfacet
  facet normal 0.000000 0.000000 1.000000
    outer loop
      vertex 11.780740 54.594133 8.000000
      vertex 9.986312 55.291158 8.000000
      vertex 9.945481 55.085890 8.000000
    endloop
  endfacet
  facet normal 0.000000 0.000000 -1.000000
    outer loop
      vertex 11.780740 54.594133 0.000000
      vertex 9.986312 55.291158 0.000000
      vertex 11.870057 55.043158 0.000000
    endloop
  endfacet
  facet normal 0.000000 0.000000 -1.000000
    outer loop
      vertex 11.780740 54.594133 0.000000
      vertex 9.945481 55.085890 0.000000
      vertex 9.986312 55.291158 0.000000
    endloop
  endfacet
  facet normal 0.997859 -0.065403 0.000000
    outer loop
      vertex 11.870057 55.043158 0.000000
      vertex 11.900000 55.500000 0.000000
      vertex 11.900000 55.500000 8.000000
    endloop
  endfacet
  facet normal 0.997859 -0.065403 0.000000
    outer loop
      vertex 11.870057 55.043158 0.000000
      vertex 11.900000 55.500000 8.000000
      vertex 11.870057 55.043158 8.000000
    endloop
  endfacet
  facet normal -0.997859 0.065403 0.000000
    outer loop
      vertex 9.986312 55.291158 0.000000
      vertex 10.000000 55.500000 8.000000
      vertex 10.000000 55.500000 0.000000
    endloop
  endfacet
  facet normal -0.997859 0.065403 0.000000
    outer loop
      vertex 9.986312 55.291158 0.000000
      vertex 9.986312 55.291158 8.000000
      vertex 10.000000 55.500000 8.000000
    endloop
  endfacet
  facet normal 0.000000 -0.000000 1.000000
    outer loop
      vertex 11.870057 55.043158 8.000000
      vertex 11.900000 55.500000 8.000000
      vertex 10.000000 55.500000 8.000000
    endloop
  endfacet
  facet normal 0.000000 0.000000 1.000000
    outer loop
      vertex 11.870057 55.043158 8.000000
      vertex 10.000000 55.500000 8.000000
      vertex 9.986312 55.291158 8.000000
    endloop
  endfacet
  facet normal 0.000000 0.000000 -1.000000
    outer loop
      vertex 11.870057 55.043158 0.000000
      vertex 10.000000 55.500000 0.000000
      vertex 11.900000 55.500000 0.000000
    endloop
  endfacet
  facet normal 0.000000 0.000000 -1.000000
    outer loop
      vertex 11.870057 55.043158 0.000000
      vertex 9.986312 55.291158 0.000000
      vertex 10.000000 55.500000 0.000000
    endloop
  endfacet
  facet normal 0.997859 0.065403 0.000000
    outer loop
      vertex 11.500000 55.500000 4.200000
      vertex 11.473479 55.904631 4.200000
      vertex 11.473479 55.904631 6.200000
    endloop
  endfacet
  facet normal 0.997859 0.065403 -0.000000
    outer loop
      vertex 11.500000 55.500000 4.200000
      vertex 11.473479 55.904631 6.200000
      vertex 11.500000 55.500000 6.200000
    endloop
  endfacet
  facet normal -0.997859 -0.065403 0.000000
    outer loop
      vertex 10.000000 55.500000 4.200000
      vertex 9.986312 55.708842 6.200000
      vertex 9.986312 55.708842 4.200000
    endloop
  endfacet
  facet normal -0.997859 -0.065403 0.000000
    outer loop
      vertex 10.000000 55.500000 4.200000
      vertex 10.000000 55.500000 6.200000
      vertex 9.986312 55.708842 6.200000
    endloop
  endfacet
  facet normal 0.000000 0.000000 1.000000
    outer loop
      vertex 11.500000 55.500000 6.200000
      vertex 11.473479 55.904631 6.200000
      vertex 9.986312 55.708842 6.200000
    endloop
  endfacet
  facet normal 0.000000 0.000000 1.000000
    outer loop
      vertex 11.500000 55.500000 6.200000
      vertex 9.986312 55.708842 6.200000
      vertex 10.000000 55.500000 6.200000
    endloop
  endfacet
  facet normal 0.000000 0.000000 -1.000000
    outer loop
      vertex 11.500000 55.500000 4.200000
      vertex 9.986312 55.708842 4.200000
      vertex 11.473479 55.904631 4.200000
    endloop
  endfacet
  facet normal 0.000000 0.000000 -1.000000
    outer loop
      vertex 11.500000 55.500000 4.200000
      vertex 10.000000 55.500000 4.200000
      vertex 9.986312 55.708842 4.200000
    endloop
  endfacet
  facet normal 0.980785 0.195090 0.000000
    outer loop
      vertex 11.473479 55.904631 4.200000
      vertex 11.394370 56.302339 4.200000
      vertex 11.394370 56.302339 6.200000
    endloop
  endfacet
  facet normal 0.980785 0.195090 -0.000000
    outer loop
      vertex 11.473479 55.904631 4.200000
      vertex 11.394370 56.302339 6.200000
      vertex 11.473479 55.904631 6.200000
    endloop
  endfacet
  facet normal -0.980785 -0.195090 0.000000
    outer loop
      vertex 9.986312 55.708842 4.200000
      vertex 9.945481 55.914110 6.200000
      vertex 9.945481 55.914110 4.200000
    endloop
  endfacet
  facet normal -0.980785 -0.195090 0.000000
    outer loop
      vertex 9.986312 55.708842 4.200000
      vertex 9.986312 55.708842 6.200000
      vertex 9.945481 55.914110 6.200000
    endloop
  endfacet
  facet normal 0.000000 0.000000 1.000000
    outer loop
      vertex 11.473479 55.904631 6.200000
      vertex 11.394370 56.302339 6.200000
      vertex 9.945481 55.914110 6.200000
    endloop
  endfacet
  facet normal 0.000000 0.000000 1.000000
    outer loop
      vertex 11.473479 55.904631 6.200000
      vertex 9.945481 55.914110 6.200000
      vertex 9.986312 55.708842 6.200000
    endloop
  endfacet
  facet normal 0.000000 0.000000 -1.000000
    outer loop
      vertex 11.473479 55.904631 4.200000
      vertex 9.945481 55.914110 4.200000
      vertex 11.394370 56.302339 4.200000
    endloop
  endfacet
  facet normal -0.000000 0.000000 -1.000000
    outer loop
      vertex 11.473479 55.904631 4.200000
      vertex 9.986312 55.708842 4.200000
      vertex 9.945481 55.914110 4.200000
    endloop
  endfacet
  facet normal 0.946930 0.321439 0.000000
    outer loop
      vertex 11.394370 56.302339 4.200000
      vertex 11.264027 56.686319 4.200000
      vertex 11.264027 56.686319 6.200000
    endloop
  endfacet
  facet normal 0.946930 0.321439 -0.000000
    outer loop
      vertex 11.394370 56.302339 4.200000
      vertex 11.264027 56.686319 6.200000
      vertex 11.394370 56.302339 6.200000
    endloop
  endfacet
  facet normal -0.946930 -0.321439 0.000000
    outer loop
      vertex 9.945481 55.914110 4.200000
      vertex 9.878207 56.112293 6.200000
      vertex 9.878207 56.112293 4.200000
    endloop
  endfacet
  facet normal -0.946930 -0.321439 0.000000
    outer loop
      vertex 9.945481 55.914110 4.200000
      vertex 9.945481 55.914110 6.200000
      vertex 9.878207 56.112293 6.200000
    endloop
  endfacet
  facet normal 0.000000 0.000000 1.000000
    outer loop
      vertex 11.394370 56.302339 6.200000
      vertex 11.264027 56.686319 6.200000
      vertex 9.878207 56.112293 6.200000
    endloop
  endfacet
  facet normal 0.000000 0.000000 1.000000
    outer loop
      vertex 11.394370 56.302339 6.200000
      vertex 9.878207 56.112293 6.200000
      vertex 9.945481 55.914110 6.200000
    endloop
  endfacet
  facet normal -0.000000 0.000000 -1.000000
    outer loop
      vertex 11.394370 56.302339 4.200000
      vertex 9.878207 56.112293 4.200000
      vertex 11.264027 56.686319 4.200000
    endloop
  endfacet
  facet normal 0.000000 0.000000 -1.000000
    outer loop
      vertex 11.394370 56.302339 4.200000
      vertex 9.945481 55.914110 4.200000
      vertex 9.878207 56.112293 4.200000
    endloop
  endfacet
  facet normal 0.896873 0.442289 0.000000
    outer loop
      vertex 11.264027 56.686319 4.200000
      vertex 11.084679 57.050000 4.200000
      vertex 11.084679 57.050000 6.200000
    endloop
  endfacet
  facet normal 0.896873 0.442289 -0.000000
    outer loop
      vertex 11.264027 56.686319 4.200000
      vertex 11.084679 57.050000 6.200000
      vertex 11.264027 56.686319 6.200000
    endloop
  endfacet
  facet normal -0.896873 -0.442289 0.000000
    outer loop
      vertex 9.878207 56.112293 4.200000
      vertex 9.785641 56.300000 6.200000
      vertex 9.785641 56.300000 4.200000
    endloop
  endfacet
  facet normal -0.896873 -0.442289 0.000000
    outer loop
      vertex 9.878207 56.112293 4.200000
      vertex 9.878207 56.112293 6.200000
      vertex 9.785641 56.300000 6.200000
    endloop
  endfacet
  facet normal 0.000000 0.000000 1.000000
    outer loop
      vertex 11.264027 56.686319 6.200000
      vertex 11.084679 57.050000 6.200000
      vertex 9.785641 56.300000 6.200000
    endloop
  endfacet
  facet normal 0.000000 0.000000 1.000000
    outer loop
      vertex 11.264027 56.686319 6.200000
      vertex 9.785641 56.300000 6.200000
      vertex 9.878207 56.112293 6.200000
    endloop
  endfacet
  facet normal -0.000000 0.000000 -1.000000
    outer loop
      vertex 11.264027 56.686319 4.200000
      vertex 9.785641 56.300000 4.200000
      vertex 11.084679 57.050000 4.200000
    endloop
  endfacet
  facet normal 0.000000 0.000000 -1.000000
    outer loop
      vertex 11.264027 56.686319 4.200000
      vertex 9.878207 56.112293 4.200000
      vertex 9.785641 56.300000 4.200000
    endloop
  endfacet
  facet normal 0.831470 0.555570 0.000000
    outer loop
      vertex 11.084679 57.050000 4.200000
      vertex 10.859395 57.387160 4.200000
      vertex 10.859395 57.387160 6.200000
    endloop
  endfacet
  facet normal 0.831470 0.555570 -0.000000
    outer loop
      vertex 11.084679 57.050000 4.200000
      vertex 10.859395 57.387160 6.200000
      vertex 11.084679 57.050000 6.200000
    endloop
  endfacet
  facet normal -0.831470 -0.555570 0.000000
    outer loop
      vertex 9.785641 56.300000 4.200000
      vertex 9.669365 56.474018 6.200000
      vertex 9.669365 56.474018 4.200000
    endloop
  endfacet
  facet normal -0.831470 -0.555570 0.000000
    outer loop
      vertex 9.785641 56.300000 4.200000
      vertex 9.785641 56.300000 6.200000
      vertex 9.669365 56.474018 6.200000
    endloop
  endfacet
  facet normal 0.000000 0.000000 1.000000
    outer loop
      vertex 11.084679 57.050000 6.200000
      vertex 10.859395 57.387160 6.200000
      vertex 9.669365 56.474018 6.200000
    endloop
  endfacet
  facet normal 0.000000 0.000000 1.000000
    outer loop
      vertex 11.084679 57.050000 6.200000
      vertex 9.669365 56.474018 6.200000
      vertex 9.785641 56.300000 6.200000
    endloop
  endfacet
  facet normal -0.000000 0.000000 -1.000000
    outer loop
      vertex 11.084679 57.050000 4.200000
      vertex 9.669365 56.474018 4.200000
      vertex 10.859395 57.387160 4.200000
    endloop
  endfacet
  facet normal 0.000000 0.000000 -1.000000
    outer loop
      vertex 11.084679 57.050000 4.200000
      vertex 9.785641 56.300000 4.200000
      vertex 9.669365 56.474018 4.200000
    endloop
  endfacet
  facet normal 0.751840 0.659346 0.000000
    outer loop
      vertex 10.859395 57.387160 4.200000
      vertex 10.592031 57.692031 4.200000
      vertex 10.592031 57.692031 6.200000
    endloop
  endfacet
  facet normal 0.751840 0.659346 -0.000000
    outer loop
      vertex 10.859395 57.387160 4.200000
      vertex 10.592031 57.692031 6.200000
      vertex 10.859395 57.387160 6.200000
    endloop
  endfacet
  facet normal -0.751840 -0.659346 0.000000
    outer loop
      vertex 9.669365 56.474018 4.200000
      vertex 9.531371 56.631371 6.200000
      vertex 9.531371 56.631371 4.200000
    endloop
  endfacet
  facet normal -0.751840 -0.659346 0.000000
    outer loop
      vertex 9.669365 56.474018 4.200000
      vertex 9.669365 56.474018 6.200000
      vertex 9.531371 56.631371 6.200000
    endloop
  endfacet
  facet normal 0.000000 0.000000 1.000000
    outer loop
      vertex 10.859395 57.387160 6.200000
      vertex 10.592031 57.692031 6.200000
      vertex 9.531371 56.631371 6.200000
    endloop
  endfacet
  facet normal 0.000000 0.000000 1.000000
    outer loop
      vertex 10.859395 57.387160 6.200000
      vertex 9.531371 56.631371 6.200000
      vertex 9.669365 56.474018 6.200000
    endloop
  endfacet
  facet normal -0.000000 0.000000 -1.000000
    outer loop
      vertex 10.859395 57.387160 4.200000
      vertex 9.531371 56.631371 4.200000
      vertex 10.592031 57.692031 4.200000
    endloop
  endfacet
  facet normal 0.000000 0.000000 -1.000000
    outer loop
      vertex 10.859395 57.387160 4.200000
      vertex 9.669365 56.474018 4.200000
      vertex 9.531371 56.631371 4.200000
    endloop
  endfacet
  facet normal 0.659346 0.751840 0.000000
    outer loop
      vertex 10.592031 57.692031 4.200000
      vertex 10.287160 57.959395 4.200000
      vertex 10.287160 57.959395 6.200000
    endloop
  endfacet
  facet normal 0.659346 0.751840 -0.000000
    outer loop
      vertex 10.592031 57.692031 4.200000
      vertex 10.287160 57.959395 6.200000
      vertex 10.592031 57.692031 6.200000
    endloop
  endfacet
  facet normal -0.659346 -0.751840 0.000000
    outer loop
      vertex 9.531371 56.631371 4.200000
      vertex 9.374018 56.769365 6.200000
      vertex 9.374018 56.769365 4.200000
    endloop
  endfacet
  facet normal -0.659346 -0.751840 0.000000
    outer loop
      vertex 9.531371 56.631371 4.200000
      vertex 9.531371 56.631371 6.200000
      vertex 9.374018 56.769365 6.200000
    endloop
  endfacet
  facet normal 0.000000 0.000000 1.000000
    outer loop
      vertex 10.592031 57.692031 6.200000
      vertex 10.287160 57.959395 6.200000
      vertex 9.374018 56.769365 6.200000
    endloop
  endfacet
  facet normal 0.000000 0.000000 1.000000
    outer loop
      vertex 10.592031 57.692031 6.200000
      vertex 9.374018 56.769365 6.200000
      vertex 9.531371 56.631371 6.200000
    endloop
  endfacet
  facet normal -0.000000 0.000000 -1.000000
    outer loop
      vertex 10.592031 57.692031 4.200000
      vertex 9.374018 56.769365 4.200000
      vertex 10.287160 57.959395 4.200000
    endloop
  endfacet
  facet normal 0.000000 0.000000 -1.000000
    outer loop
      vertex 10.592031 57.692031 4.200000
      vertex 9.531371 56.631371 4.200000
      vertex 9.374018 56.769365 4.200000
    endloop
  endfacet
  facet normal 0.555570 0.831470 0.000000
    outer loop
      vertex 10.287160 57.959395 4.200000
      vertex 9.950000 58.184679 4.200000
      vertex 9.950000 58.184679 6.200000
    endloop
  endfacet
  facet normal 0.555570 0.831470 -0.000000
    outer loop
      vertex 10.287160 57.959395 4.200000
      vertex 9.950000 58.184679 6.200000
      vertex 10.287160 57.959395 6.200000
    endloop
  endfacet
  facet normal -0.555570 -0.831470 0.000000
    outer loop
      vertex 9.374018 56.769365 4.200000
      vertex 9.200000 56.885641 6.200000
      vertex 9.200000 56.885641 4.200000
    endloop
  endfacet
  facet normal -0.555570 -0.831470 0.000000
    outer loop
      vertex 9.374018 56.769365 4.200000
      vertex 9.374018 56.769365 6.200000
      vertex 9.200000 56.885641 6.200000
    endloop
  endfacet
  facet normal 0.000000 0.000000 1.000000
    outer loop
      vertex 10.287160 57.959395 6.200000
      vertex 9.950000 58.184679 6.200000
      vertex 9.200000 56.885641 6.200000
    endloop
  endfacet
  facet normal 0.000000 0.000000 1.000000
    outer loop
      vertex 10.287160 57.959395 6.200000
      vertex 9.200000 56.885641 6.200000
      vertex 9.374018 56.769365 6.200000
    endloop
  endfacet
  facet normal -0.000000 0.000000 -1.000000
    outer loop
      vertex 10.287160 57.959395 4.200000
      vertex 9.200000 56.885641 4.200000
      vertex 9.950000 58.184679 4.200000
    endloop
  endfacet
  facet normal 0.000000 0.000000 -1.000000
    outer loop
      vertex 10.287160 57.959395 4.200000
      vertex 9.374018 56.769365 4.200000
      vertex 9.200000 56.885641 4.200000
    endloop
  endfacet
  facet normal 0.442289 0.896873 0.000000
    outer loop
      vertex 9.950000 58.184679 4.200000
      vertex 9.586319 58.364027 4.200000
      vertex 9.586319 58.364027 6.200000
    endloop
  endfacet
  facet normal 0.442289 0.896873 -0.000000
    outer loop
      vertex 9.950000 58.184679 4.200000
      vertex 9.586319 58.364027 6.200000
      vertex 9.950000 58.184679 6.200000
    endloop
  endfacet
  facet normal -0.442289 -0.896873 0.000000
    outer loop
      vertex 9.200000 56.885641 4.200000
      vertex 9.012293 56.978207 6.200000
      vertex 9.012293 56.978207 4.200000
    endloop
  endfacet
  facet normal -0.442289 -0.896873 0.000000
    outer loop
      vertex 9.200000 56.885641 4.200000
      vertex 9.200000 56.885641 6.200000
      vertex 9.012293 56.978207 6.200000
    endloop
  endfacet
  facet normal 0.000000 0.000000 1.000000
    outer loop
      vertex 9.950000 58.184679 6.200000
      vertex 9.586319 58.364027 6.200000
      vertex 9.012293 56.978207 6.200000
    endloop
  endfacet
  facet normal 0.000000 0.000000 1.000000
    outer loop
      vertex 9.950000 58.184679 6.200000
      vertex 9.012293 56.978207 6.200000
      vertex 9.200000 56.885641 6.200000
    endloop
  endfacet
  facet normal -0.000000 0.000000 -1.000000
    outer loop
      vertex 9.950000 58.184679 4.200000
      vertex 9.012293 56.978207 4.200000
      vertex 9.586319 58.364027 4.200000
    endloop
  endfacet
  facet normal 0.000000 0.000000 -1.000000
    outer loop
      vertex 9.950000 58.184679 4.200000
      vertex 9.200000 56.885641 4.200000
      vertex 9.012293 56.978207 4.200000
    endloop
  endfacet
  facet normal 0.321439 0.946930 0.000000
    outer loop
      vertex 9.586319 58.364027 4.200000
      vertex 9.202339 58.494370 4.200000
      vertex 9.202339 58.494370 6.200000
    endloop
  endfacet
  facet normal 0.321439 0.946930 -0.000000
    outer loop
      vertex 9.586319 58.364027 4.200000
      vertex 9.202339 58.494370 6.200000
      vertex 9.586319 58.364027 6.200000
    endloop
  endfacet
  facet normal -0.321439 -0.946930 0.000000
    outer loop
      vertex 9.012293 56.978207 4.200000
      vertex 8.814110 57.045481 6.200000
      vertex 8.814110 57.045481 4.200000
    endloop
  endfacet
  facet normal -0.321439 -0.946930 0.000000
    outer loop
      vertex 9.012293 56.978207 4.200000
      vertex 9.012293 56.978207 6.200000
      vertex 8.814110 57.045481 6.200000
    endloop
  endfacet
  facet normal 0.000000 0.000000 1.000000
    outer loop
      vertex 9.586319 58.364027 6.200000
      vertex 9.202339 58.494370 6.200000
      vertex 8.814110 57.045481 6.200000
    endloop
  endfacet
  facet normal 0.000000 0.000000 1.000000
    outer loop
      vertex 9.586319 58.364027 6.200000
      vertex 8.814110 57.045481 6.200000
      vertex 9.012293 56.978207 6.200000
    endloop
  endfacet
  facet normal -0.000000 0.000000 -1.000000
    outer loop
      vertex 9.586319 58.364027 4.200000
      vertex 8.814110 57.045481 4.200000
      vertex 9.202339 58.494370 4.200000
    endloop
  endfacet
  facet normal 0.000000 0.000000 -1.000000
    outer loop
      vertex 9.586319 58.364027 4.200000
      vertex 9.012293 56.978207 4.200000
      vertex 8.814110 57.045481 4.200000
    endloop
  endfacet
  facet normal 0.195090 0.980785 0.000000
    outer loop
      vertex 9.202339 58.494370 4.200000
      vertex 8.804631 58.573479 4.200000
      vertex 8.804631 58.573479 6.200000
    endloop
  endfacet
  facet normal 0.195090 0.980785 -0.000000
    outer loop
      vertex 9.202339 58.494370 4.200000
      vertex 8.804631 58.573479 6.200000
      vertex 9.202339 58.494370 6.200000
    endloop
  endfacet
  facet normal -0.195090 -0.980785 0.000000
    outer loop
      vertex 8.814110 57.045481 4.200000
      vertex 8.608842 57.086312 6.200000
      vertex 8.608842 57.086312 4.200000
    endloop
  endfacet
  facet normal -0.195090 -0.980785 0.000000
    outer loop
      vertex 8.814110 57.045481 4.200000
      vertex 8.814110 57.045481 6.200000
      vertex 8.608842 57.086312 6.200000
    endloop
  endfacet
  facet normal 0.000000 0.000000 1.000000
    outer loop
      vertex 9.202339 58.494370 6.200000
      vertex 8.804631 58.573479 6.200000
      vertex 8.608842 57.086312 6.200000
    endloop
  endfacet
  facet normal 0.000000 0.000000 1.000000
    outer loop
      vertex 9.202339 58.494370 6.200000
      vertex 8.608842 57.086312 6.200000
      vertex 8.814110 57.045481 6.200000
    endloop
  endfacet
  facet normal -0.000000 0.000000 -1.000000
    outer loop
      vertex 9.202339 58.494370 4.200000
      vertex 8.608842 57.086312 4.200000
      vertex 8.804631 58.573479 4.200000
    endloop
  endfacet
  facet normal 0.000000 0.000000 -1.000000
    outer loop
      vertex 9.202339 58.494370 4.200000
      vertex 8.814110 57.045481 4.200000
      vertex 8.608842 57.086312 4.200000
    endloop
  endfacet
  facet normal 0.065403 0.997859 0.000000
    outer loop
      vertex 8.804631 58.573479 4.200000
      vertex 8.400000 58.600000 4.200000
      vertex 8.400000 58.600000 6.200000
    endloop
  endfacet
  facet normal 0.065403 0.997859 -0.000000
    outer loop
      vertex 8.804631 58.573479 4.200000
      vertex 8.400000 58.600000 6.200000
      vertex 8.804631 58.573479 6.200000
    endloop
  endfacet
  facet normal -0.065403 -0.997859 0.000000
    outer loop
      vertex 8.608842 57.086312 4.200000
      vertex 8.400000 57.100000 6.200000
      vertex 8.400000 57.100000 4.200000
    endloop
  endfacet
  facet normal -0.065403 -0.997859 0.000000
    outer loop
      vertex 8.608842 57.086312 4.200000
      vertex 8.608842 57.086312 6.200000
      vertex 8.400000 57.100000 6.200000
    endloop
  endfacet
  facet normal 0.000000 0.000000 1.000000
    outer loop
      vertex 8.804631 58.573479 6.200000
      vertex 8.400000 58.600000 6.200000
      vertex 8.400000 57.100000 6.200000
    endloop
  endfacet
  facet normal 0.000000 0.000000 1.000000
    outer loop
      vertex 8.804631 58.573479 6.200000
      vertex 8.400000 57.100000 6.200000
      vertex 8.608842 57.086312 6.200000
    endloop
  endfacet
  facet normal -0.000000 0.000000 -1.000000
    outer loop
      vertex 8.804631 58.573479 4.200000
      vertex 8.400000 57.100000 4.200000
      vertex 8.400000 58.600000 4.200000
    endloop
  endfacet
  facet normal 0.000000 0.000000 -1.000000
    outer loop
      vertex 8.804631 58.573479 4.200000
      vertex 8.608842 57.086312 4.200000
      vertex 8.400000 57.100000 4.200000
    endloop
  endfacet
  facet normal -0.065403 0.997859 0.000000
    outer loop
      vertex 8.400000 58.600000 4.200000
      vertex 7.995369 58.573479 4.200000
      vertex 7.995369 58.573479 6.200000
    endloop
  endfacet
  facet normal -0.065403 0.997859 0.000000
    outer loop
      vertex 8.400000 58.600000 4.200000
      vertex 7.995369 58.573479 6.200000
      vertex 8.400000 58.600000 6.200000
    endloop
  endfacet
  facet normal 0.065403 -0.997859 0.000000
    outer loop
      vertex 8.400000 57.100000 4.200000
      vertex 8.191158 57.086312 6.200000
      vertex 8.191158 57.086312 4.200000
    endloop
  endfacet
  facet normal 0.065403 -0.997859 0.000000
    outer loop
      vertex 8.400000 57.100000 4.200000
      vertex 8.400000 57.100000 6.200000
      vertex 8.191158 57.086312 6.200000
    endloop
  endfacet
  facet normal 0.000000 0.000000 1.000000
    outer loop
      vertex 8.400000 58.600000 6.200000
      vertex 7.995369 58.573479 6.200000
      vertex 8.191158 57.086312 6.200000
    endloop
  endfacet
  facet normal 0.000000 0.000000 1.000000
    outer loop
      vertex 8.400000 58.600000 6.200000
      vertex 8.191158 57.086312 6.200000
      vertex 8.400000 57.100000 6.200000
    endloop
  endfacet
  facet normal 0.000000 0.000000 -1.000000
    outer loop
      vertex 8.400000 58.600000 4.200000
      vertex 8.191158 57.086312 4.200000
      vertex 7.995369 58.573479 4.200000
    endloop
  endfacet
  facet normal 0.000000 -0.000000 -1.000000
    outer loop
      vertex 8.400000 58.600000 4.200000
      vertex 8.400000 57.100000 4.200000
      vertex 8.191158 57.086312 4.200000
    endloop
  endfacet
  facet normal -0.195090 0.980785 0.000000
    outer loop
      vertex 7.995369 58.573479 4.200000
      vertex 7.597661 58.494370 4.200000
      vertex 7.597661 58.494370 6.200000
    endloop
  endfacet
  facet normal -0.195090 0.980785 0.000000
    outer loop
      vertex 7.995369 58.573479 4.200000
      vertex 7.597661 58.494370 6.200000
      vertex 7.995369 58.573479 6.200000
    endloop
  endfacet
  facet normal 0.195090 -0.980785 0.000000
    outer loop
      vertex 8.191158 57.086312 4.200000
      vertex 7.985890 57.045481 6.200000
      vertex 7.985890 57.045481 4.200000
    endloop
  endfacet
  facet normal 0.195090 -0.980785 0.000000
    outer loop
      vertex 8.191158 57.086312 4.200000
      vertex 8.191158 57.086312 6.200000
      vertex 7.985890 57.045481 6.200000
    endloop
  endfacet
  facet normal 0.000000 0.000000 1.000000
    outer loop
      vertex 7.995369 58.573479 6.200000
      vertex 7.597661 58.494370 6.200000
      vertex 7.985890 57.045481 6.200000
    endloop
  endfacet
  facet normal 0.000000 0.000000 1.000000
    outer loop
      vertex 7.995369 58.573479 6.200000
      vertex 7.985890 57.045481 6.200000
      vertex 8.191158 57.086312 6.200000
    endloop
  endfacet
  facet normal 0.000000 0.000000 -1.000000
    outer loop
      vertex 7.995369 58.573479 4.200000
      vertex 7.985890 57.045481 4.200000
      vertex 7.597661 58.494370 4.200000
    endloop
  endfacet
  facet normal 0.000000 -0.000000 -1.000000
    outer loop
      vertex 7.995369 58.573479 4.200000
      vertex 8.191158 57.086312 4.200000
      vertex 7.985890 57.045481 4.200000
    endloop
  endfacet
  facet normal -0.321439 0.946930 0.000000
    outer loop
      vertex 7.597661 58.494370 4.200000
      vertex 7.213681 58.364027 4.200000
      vertex 7.213681 58.364027 6.200000
    endloop
  endfacet
  facet normal -0.321439 0.946930 0.000000
    outer loop
      vertex 7.597661 58.494370 4.200000
      vertex 7.213681 58.364027 6.200000
      vertex 7.597661 58.494370 6.200000
    endloop
  endfacet
  facet normal 0.321439 -0.946930 0.000000
    outer loop
      vertex 7.985890 57.045481 4.200000
      vertex 7.787707 56.978207 6.200000
      vertex 7.787707 56.978207 4.200000
    endloop
  endfacet
  facet normal 0.321439 -0.946930 0.000000
    outer loop
      vertex 7.985890 57.045481 4.200000
      vertex 7.985890 57.045481 6.200000
      vertex 7.787707 56.978207 6.200000
    endloop
  endfacet
  facet normal 0.000000 0.000000 1.000000
    outer loop
      vertex 7.597661 58.494370 6.200000
      vertex 7.213681 58.364027 6.200000
      vertex 7.787707 56.978207 6.200000
    endloop
  endfacet
  facet normal 0.000000 0.000000 1.000000
    outer loop
      vertex 7.597661 58.494370 6.200000
      vertex 7.787707 56.978207 6.200000
      vertex 7.985890 57.045481 6.200000
    endloop
  endfacet
  facet normal 0.000000 -0.000000 -1.000000
    outer loop
      vertex 7.597661 58.494370 4.200000
      vertex 7.787707 56.978207 4.200000
      vertex 7.213681 58.364027 4.200000
    endloop
  endfacet
  facet normal 0.000000 0.000000 -1.000000
    outer loop
      vertex 7.597661 58.494370 4.200000
      vertex 7.985890 57.045481 4.200000
      vertex 7.787707 56.978207 4.200000
    endloop
  endfacet
  facet normal -0.442289 0.896873 0.000000
    outer loop
      vertex 7.213681 58.364027 4.200000
      vertex 6.850000 58.184679 4.200000
      vertex 6.850000 58.184679 6.200000
    endloop
  endfacet
  facet normal -0.442289 0.896873 0.000000
    outer loop
      vertex 7.213681 58.364027 4.200000
      vertex 6.850000 58.184679 6.200000
      vertex 7.213681 58.364027 6.200000
    endloop
  endfacet
  facet normal 0.442289 -0.896873 0.000000
    outer loop
      vertex 7.787707 56.978207 4.200000
      vertex 7.600000 56.885641 6.200000
      vertex 7.600000 56.885641 4.200000
    endloop
  endfacet
  facet normal 0.442289 -0.896873 0.000000
    outer loop
      vertex 7.787707 56.978207 4.200000
      vertex 7.787707 56.978207 6.200000
      vertex 7.600000 56.885641 6.200000
    endloop
  endfacet
  facet normal 0.000000 0.000000 1.000000
    outer loop
      vertex 7.213681 58.364027 6.200000
      vertex 6.850000 58.184679 6.200000
      vertex 7.600000 56.885641 6.200000
    endloop
  endfacet
  facet normal 0.000000 0.000000 1.000000
    outer loop
      vertex 7.213681 58.364027 6.200000
      vertex 7.600000 56.885641 6.200000
      vertex 7.787707 56.978207 6.200000
    endloop
  endfacet
  facet normal 0.000000 -0.000000 -1.000000
    outer loop
      vertex 7.213681 58.364027 4.200000
      vertex 7.600000 56.885641 4.200000
      vertex 6.850000 58.184679 4.200000
    endloop
  endfacet
  facet normal 0.000000 0.000000 -1.000000
    outer loop
      vertex 7.213681 58.364027 4.200000
      vertex 7.787707 56.978207 4.200000
      vertex 7.600000 56.885641 4.200000
    endloop
  endfacet
  facet normal -0.555570 0.831470 0.000000
    outer loop
      vertex 6.850000 58.184679 4.200000
      vertex 6.512840 57.959395 4.200000
      vertex 6.512840 57.959395 6.200000
    endloop
  endfacet
  facet normal -0.555570 0.831470 0.000000
    outer loop
      vertex 6.850000 58.184679 4.200000
      vertex 6.512840 57.959395 6.200000
      vertex 6.850000 58.184679 6.200000
    endloop
  endfacet
  facet normal 0.555570 -0.831470 0.000000
    outer loop
      vertex 7.600000 56.885641 4.200000
      vertex 7.425982 56.769365 6.200000
      vertex 7.425982 56.769365 4.200000
    endloop
  endfacet
  facet normal 0.555570 -0.831470 0.000000
    outer loop
      vertex 7.600000 56.885641 4.200000
      vertex 7.600000 56.885641 6.200000
      vertex 7.425982 56.769365 6.200000
    endloop
  endfacet
  facet normal 0.000000 0.000000 1.000000
    outer loop
      vertex 6.850000 58.184679 6.200000
      vertex 6.512840 57.959395 6.200000
      vertex 7.425982 56.769365 6.200000
    endloop
  endfacet
  facet normal 0.000000 0.000000 1.000000
    outer loop
      vertex 6.850000 58.184679 6.200000
      vertex 7.425982 56.769365 6.200000
      vertex 7.600000 56.885641 6.200000
    endloop
  endfacet
  facet normal 0.000000 -0.000000 -1.000000
    outer loop
      vertex 6.850000 58.184679 4.200000
      vertex 7.425982 56.769365 4.200000
      vertex 6.512840 57.959395 4.200000
    endloop
  endfacet
  facet normal 0.000000 0.000000 -1.000000
    outer loop
      vertex 6.850000 58.184679 4.200000
      vertex 7.600000 56.885641 4.200000
      vertex 7.425982 56.769365 4.200000
    endloop
  endfacet
  facet normal -0.659346 0.751840 0.000000
    outer loop
      vertex 6.512840 57.959395 4.200000
      vertex 6.207969 57.692031 4.200000
      vertex 6.207969 57.692031 6.200000
    endloop
  endfacet
  facet normal -0.659346 0.751840 0.000000
    outer loop
      vertex 6.512840 57.959395 4.200000
      vertex 6.207969 57.692031 6.200000
      vertex 6.512840 57.959395 6.200000
    endloop
  endfacet
  facet normal 0.659346 -0.751840 0.000000
    outer loop
      vertex 7.425982 56.769365 4.200000
      vertex 7.268629 56.631371 6.200000
      vertex 7.268629 56.631371 4.200000
    endloop
  endfacet
  facet normal 0.659346 -0.751840 0.000000
    outer loop
      vertex 7.425982 56.769365 4.200000
      vertex 7.425982 56.769365 6.200000
      vertex 7.268629 56.631371 6.200000
    endloop
  endfacet
  facet normal 0.000000 0.000000 1.000000
    outer loop
      vertex 6.512840 57.959395 6.200000
      vertex 6.207969 57.692031 6.200000
      vertex 7.268629 56.631371 6.200000
    endloop
  endfacet
  facet normal 0.000000 0.000000 1.000000
    outer loop
      vertex 6.512840 57.959395 6.200000
      vertex 7.268629 56.631371 6.200000
      vertex 7.425982 56.769365 6.200000
    endloop
  endfacet
  facet normal 0.000000 -0.000000 -1.000000
    outer loop
      vertex 6.512840 57.959395 4.200000
      vertex 7.268629 56.631371 4.200000
      vertex 6.207969 57.692031 4.200000
    endloop
  endfacet
  facet normal 0.000000 0.000000 -1.000000
    outer loop
      vertex 6.512840 57.959395 4.200000
      vertex 7.425982 56.769365 4.200000
      vertex 7.268629 56.631371 4.200000
    endloop
  endfacet
  facet normal -0.751840 0.659346 0.000000
    outer loop
      vertex 6.207969 57.692031 4.200000
      vertex 5.940605 57.387160 4.200000
      vertex 5.940605 57.387160 6.200000
    endloop
  endfacet
  facet normal -0.751840 0.659346 0.000000
    outer loop
      vertex 6.207969 57.692031 4.200000
      vertex 5.940605 57.387160 6.200000
      vertex 6.207969 57.692031 6.200000
    endloop
  endfacet
  facet normal 0.751840 -0.659346 0.000000
    outer loop
      vertex 7.268629 56.631371 4.200000
      vertex 7.130635 56.474018 6.200000
      vertex 7.130635 56.474018 4.200000
    endloop
  endfacet
  facet normal 0.751840 -0.659346 0.000000
    outer loop
      vertex 7.268629 56.631371 4.200000
      vertex 7.268629 56.631371 6.200000
      vertex 7.130635 56.474018 6.200000
    endloop
  endfacet
  facet normal 0.000000 0.000000 1.000000
    outer loop
      vertex 6.207969 57.692031 6.200000
      vertex 5.940605 57.387160 6.200000
      vertex 7.130635 56.474018 6.200000
    endloop
  endfacet
  facet normal 0.000000 0.000000 1.000000
    outer loop
      vertex 6.207969 57.692031 6.200000
      vertex 7.130635 56.474018 6.200000
      vertex 7.268629 56.631371 6.200000
    endloop
  endfacet
  facet normal 0.000000 -0.000000 -1.000000
    outer loop
      vertex 6.207969 57.692031 4.200000
      vertex 7.130635 56.474018 4.200000
      vertex 5.940605 57.387160 4.200000
    endloop
  endfacet
  facet normal 0.000000 0.000000 -1.000000
    outer loop
      vertex 6.207969 57.692031 4.200000
      vertex 7.268629 56.631371 4.200000
      vertex 7.130635 56.474018 4.200000
    endloop
  endfacet
  facet normal -0.831470 0.555570 0.000000
    outer loop
      vertex 5.940605 57.387160 4.200000
      vertex 5.715321 57.050000 4.200000
      vertex 5.715321 57.050000 6.200000
    endloop
  endfacet
  facet normal -0.831470 0.555570 0.000000
    outer loop
      vertex 5.940605 57.387160 4.200000
      vertex 5.715321 57.050000 6.200000
      vertex 5.940605 57.387160 6.200000
    endloop
  endfacet
  facet normal 0.831470 -0.555570 0.000000
    outer loop
      vertex 7.130635 56.474018 4.200000
      vertex 7.014359 56.300000 6.200000
      vertex 7.014359 56.300000 4.200000
    endloop
  endfacet
  facet normal 0.831470 -0.555570 0.000000
    outer loop
      vertex 7.130635 56.474018 4.200000
      vertex 7.130635 56.474018 6.200000
      vertex 7.014359 56.300000 6.200000
    endloop
  endfacet
  facet normal 0.000000 0.000000 1.000000
    outer loop
      vertex 5.940605 57.387160 6.200000
      vertex 5.715321 57.050000 6.200000
      vertex 7.014359 56.300000 6.200000
    endloop
  endfacet
  facet normal 0.000000 0.000000 1.000000
    outer loop
      vertex 5.940605 57.387160 6.200000
      vertex 7.014359 56.300000 6.200000
      vertex 7.130635 56.474018 6.200000
    endloop
  endfacet
  facet normal 0.000000 -0.000000 -1.000000
    outer loop
      vertex 5.940605 57.387160 4.200000
      vertex 7.014359 56.300000 4.200000
      vertex 5.715321 57.050000 4.200000
    endloop
  endfacet
  facet normal 0.000000 0.000000 -1.000000
    outer loop
      vertex 5.940605 57.387160 4.200000
      vertex 7.130635 56.474018 4.200000
      vertex 7.014359 56.300000 4.200000
    endloop
  endfacet
  facet normal -0.896873 0.442289 0.000000
    outer loop
      vertex 5.715321 57.050000 4.200000
      vertex 5.535973 56.686319 4.200000
      vertex 5.535973 56.686319 6.200000
    endloop
  endfacet
  facet normal -0.896873 0.442289 0.000000
    outer loop
      vertex 5.715321 57.050000 4.200000
      vertex 5.535973 56.686319 6.200000
      vertex 5.715321 57.050000 6.200000
    endloop
  endfacet
  facet normal 0.896873 -0.442289 0.000000
    outer loop
      vertex 7.014359 56.300000 4.200000
      vertex 6.921793 56.112293 6.200000
      vertex 6.921793 56.112293 4.200000
    endloop
  endfacet
  facet normal 0.896873 -0.442289 0.000000
    outer loop
      vertex 7.014359 56.300000 4.200000
      vertex 7.014359 56.300000 6.200000
      vertex 6.921793 56.112293 6.200000
    endloop
  endfacet
  facet normal 0.000000 0.000000 1.000000
    outer loop
      vertex 5.715321 57.050000 6.200000
      vertex 5.535973 56.686319 6.200000
      vertex 6.921793 56.112293 6.200000
    endloop
  endfacet
  facet normal 0.000000 0.000000 1.000000
    outer loop
      vertex 5.715321 57.050000 6.200000
      vertex 6.921793 56.112293 6.200000
      vertex 7.014359 56.300000 6.200000
    endloop
  endfacet
  facet normal 0.000000 -0.000000 -1.000000
    outer loop
      vertex 5.715321 57.050000 4.200000
      vertex 6.921793 56.112293 4.200000
      vertex 5.535973 56.686319 4.200000
    endloop
  endfacet
  facet normal 0.000000 0.000000 -1.000000
    outer loop
      vertex 5.715321 57.050000 4.200000
      vertex 7.014359 56.300000 4.200000
      vertex 6.921793 56.112293 4.200000
    endloop
  endfacet
  facet normal -0.946930 0.321439 0.000000
    outer loop
      vertex 5.535973 56.686319 4.200000
      vertex 5.405630 56.302339 4.200000
      vertex 5.405630 56.302339 6.200000
    endloop
  endfacet
  facet normal -0.946930 0.321439 0.000000
    outer loop
      vertex 5.535973 56.686319 4.200000
      vertex 5.405630 56.302339 6.200000
      vertex 5.535973 56.686319 6.200000
    endloop
  endfacet
  facet normal 0.946930 -0.321439 0.000000
    outer loop
      vertex 6.921793 56.112293 4.200000
      vertex 6.854519 55.914110 6.200000
      vertex 6.854519 55.914110 4.200000
    endloop
  endfacet
  facet normal 0.946930 -0.321439 0.000000
    outer loop
      vertex 6.921793 56.112293 4.200000
      vertex 6.921793 56.112293 6.200000
      vertex 6.854519 55.914110 6.200000
    endloop
  endfacet
  facet normal 0.000000 0.000000 1.000000
    outer loop
      vertex 5.535973 56.686319 6.200000
      vertex 5.405630 56.302339 6.200000
      vertex 6.854519 55.914110 6.200000
    endloop
  endfacet
  facet normal 0.000000 0.000000 1.000000
    outer loop
      vertex 5.535973 56.686319 6.200000
      vertex 6.854519 55.914110 6.200000
      vertex 6.921793 56.112293 6.200000
    endloop
  endfacet
  facet normal 0.000000 -0.000000 -1.000000
    outer loop
      vertex 5.535973 56.686319 4.200000
      vertex 6.854519 55.914110 4.200000
      vertex 5.405630 56.302339 4.200000
    endloop
  endfacet
  facet normal 0.000000 0.000000 -1.000000
    outer loop
      vertex 5.535973 56.686319 4.200000
      vertex 6.921793 56.112293 4.200000
      vertex 6.854519 55.914110 4.200000
    endloop
  endfacet
  facet normal -0.980785 0.195090 0.000000
    outer loop
      vertex 5.405630 56.302339 4.200000
      vertex 5.326521 55.904631 4.200000
      vertex 5.326521 55.904631 6.200000
    endloop
  endfacet
  facet normal -0.980785 0.195090 0.000000
    outer loop
      vertex 5.405630 56.302339 4.200000
      vertex 5.326521 55.904631 6.200000
      vertex 5.405630 56.302339 6.200000
    endloop
  endfacet
  facet normal 0.980785 -0.195090 0.000000
    outer loop
      vertex 6.854519 55.914110 4.200000
      vertex 6.813688 55.708842 6.200000
      vertex 6.813688 55.708842 4.200000
    endloop
  endfacet
  facet normal 0.980785 -0.195090 0.000000
    outer loop
      vertex 6.854519 55.914110 4.200000
      vertex 6.854519 55.914110 6.200000
      vertex 6.813688 55.708842 6.200000
    endloop
  endfacet
  facet normal 0.000000 0.000000 1.000000
    outer loop
      vertex 5.405630 56.302339 6.200000
      vertex 5.326521 55.904631 6.200000
      vertex 6.813688 55.708842 6.200000
    endloop
  endfacet
  facet normal 0.000000 0.000000 1.000000
    outer loop
      vertex 5.405630 56.302339 6.200000
      vertex 6.813688 55.708842 6.200000
      vertex 6.854519 55.914110 6.200000
    endloop
  endfacet
  facet normal 0.000000 -0.000000 -1.000000
    outer loop
      vertex 5.405630 56.302339 4.200000
      vertex 6.813688 55.708842 4.200000
      vertex 5.326521 55.904631 4.200000
    endloop
  endfacet
  facet normal 0.000000 0.000000 -1.000000
    outer loop
      vertex 5.405630 56.302339 4.200000
      vertex 6.854519 55.914110 4.200000
      vertex 6.813688 55.708842 4.200000
    endloop
  endfacet
  facet normal -0.997859 0.065403 0.000000
    outer loop
      vertex 5.326521 55.904631 4.200000
      vertex 5.300000 55.500000 4.200000
      vertex 5.300000 55.500000 6.200000
    endloop
  endfacet
  facet normal -0.997859 0.065403 0.000000
    outer loop
      vertex 5.326521 55.904631 4.200000
      vertex 5.300000 55.500000 6.200000
      vertex 5.326521 55.904631 6.200000
    endloop
  endfacet
  facet normal 0.997859 -0.065403 0.000000
    outer loop
      vertex 6.813688 55.708842 4.200000
      vertex 6.800000 55.500000 6.200000
      vertex 6.800000 55.500000 4.200000
    endloop
  endfacet
  facet normal 0.997859 -0.065403 0.000000
    outer loop
      vertex 6.813688 55.708842 4.200000
      vertex 6.813688 55.708842 6.200000
      vertex 6.800000 55.500000 6.200000
    endloop
  endfacet
  facet normal 0.000000 0.000000 1.000000
    outer loop
      vertex 5.326521 55.904631 6.200000
      vertex 5.300000 55.500000 6.200000
      vertex 6.800000 55.500000 6.200000
    endloop
  endfacet
  facet normal 0.000000 0.000000 1.000000
    outer loop
      vertex 5.326521 55.904631 6.200000
      vertex 6.800000 55.500000 6.200000
      vertex 6.813688 55.708842 6.200000
    endloop
  endfacet
  facet normal 0.000000 -0.000000 -1.000000
    outer loop
      vertex 5.326521 55.904631 4.200000
      vertex 6.800000 55.500000 4.200000
      vertex 5.300000 55.500000 4.200000
    endloop
  endfacet
  facet normal 0.000000 0.000000 -1.000000
    outer loop
      vertex 5.326521 55.904631 4.200000
      vertex 6.813688 55.708842 4.200000
      vertex 6.800000 55.500000 4.200000
    endloop
  endfacet
  facet normal -0.997859 -0.065403 0.000000
    outer loop
      vertex 5.300000 55.500000 4.200000
      vertex 5.326521 55.095369 4.200000
      vertex 5.326521 55.095369 6.200000
    endloop
  endfacet
  facet normal -0.997859 -0.065403 0.000000
    outer loop
      vertex 5.300000 55.500000 4.200000
      vertex 5.326521 55.095369 6.200000
      vertex 5.300000 55.500000 6.200000
    endloop
  endfacet
  facet normal 0.997859 0.065403 0.000000
    outer loop
      vertex 6.800000 55.500000 4.200000
      vertex 6.813688 55.291158 6.200000
      vertex 6.813688 55.291158 4.200000
    endloop
  endfacet
  facet normal 0.997859 0.065403 -0.000000
    outer loop
      vertex 6.800000 55.500000 4.200000
      vertex 6.800000 55.500000 6.200000
      vertex 6.813688 55.291158 6.200000
    endloop
  endfacet
  facet normal 0.000000 0.000000 1.000000
    outer loop
      vertex 5.300000 55.500000 6.200000
      vertex 5.326521 55.095369 6.200000
      vertex 6.813688 55.291158 6.200000
    endloop
  endfacet
  facet normal -0.000000 0.000000 1.000000
    outer loop
      vertex 5.300000 55.500000 6.200000
      vertex 6.813688 55.291158 6.200000
      vertex 6.800000 55.500000 6.200000
    endloop
  endfacet
  facet normal 0.000000 0.000000 -1.000000
    outer loop
      vertex 5.300000 55.500000 4.200000
      vertex 6.813688 55.291158 4.200000
      vertex 5.326521 55.095369 4.200000
    endloop
  endfacet
  facet normal 0.000000 0.000000 -1.000000
    outer loop
      vertex 5.300000 55.500000 4.200000
      vertex 6.800000 55.500000 4.200000
      vertex 6.813688 55.291158 4.200000
    endloop
  endfacet
  facet normal -0.980785 -0.195090 0.000000
    outer loop
      vertex 5.326521 55.095369 4.200000
      vertex 5.405630 54.697661 4.200000
      vertex 5.405630 54.697661 6.200000
    endloop
  endfacet
  facet normal -0.980785 -0.195090 0.000000
    outer loop
      vertex 5.326521 55.095369 4.200000
      vertex 5.405630 54.697661 6.200000
      vertex 5.326521 55.095369 6.200000
    endloop
  endfacet
  facet normal 0.980785 0.195090 0.000000
    outer loop
      vertex 6.813688 55.291158 4.200000
      vertex 6.854519 55.085890 6.200000
      vertex 6.854519 55.085890 4.200000
    endloop
  endfacet
  facet normal 0.980785 0.195090 -0.000000
    outer loop
      vertex 6.813688 55.291158 4.200000
      vertex 6.813688 55.291158 6.200000
      vertex 6.854519 55.085890 6.200000
    endloop
  endfacet
  facet normal 0.000000 0.000000 1.000000
    outer loop
      vertex 5.326521 55.095369 6.200000
      vertex 5.405630 54.697661 6.200000
      vertex 6.854519 55.085890 6.200000
    endloop
  endfacet
  facet normal -0.000000 0.000000 1.000000
    outer loop
      vertex 5.326521 55.095369 6.200000
      vertex 6.854519 55.085890 6.200000
      vertex 6.813688 55.291158 6.200000
    endloop
  endfacet
  facet normal 0.000000 0.000000 -1.000000
    outer loop
      vertex 5.326521 55.095369 4.200000
      vertex 6.854519 55.085890 4.200000
      vertex 5.405630 54.697661 4.200000
    endloop
  endfacet
  facet normal 0.000000 0.000000 -1.000000
    outer loop
      vertex 5.326521 55.095369 4.200000
      vertex 6.813688 55.291158 4.200000
      vertex 6.854519 55.085890 4.200000
    endloop
  endfacet
  facet normal -0.946930 -0.321439 0.000000
    outer loop
      vertex 5.405630 54.697661 4.200000
      vertex 5.535973 54.313681 4.200000
      vertex 5.535973 54.313681 6.200000
    endloop
  endfacet
  facet normal -0.946930 -0.321439 0.000000
    outer loop
      vertex 5.405630 54.697661 4.200000
      vertex 5.535973 54.313681 6.200000
      vertex 5.405630 54.697661 6.200000
    endloop
  endfacet
  facet normal 0.946930 0.321439 0.000000
    outer loop
      vertex 6.854519 55.085890 4.200000
      vertex 6.921793 54.887707 6.200000
      vertex 6.921793 54.887707 4.200000
    endloop
  endfacet
  facet normal 0.946930 0.321439 -0.000000
    outer loop
      vertex 6.854519 55.085890 4.200000
      vertex 6.854519 55.085890 6.200000
      vertex 6.921793 54.887707 6.200000
    endloop
  endfacet
  facet normal -0.000000 0.000000 1.000000
    outer loop
      vertex 5.405630 54.697661 6.200000
      vertex 5.535973 54.313681 6.200000
      vertex 6.921793 54.887707 6.200000
    endloop
  endfacet
  facet normal 0.000000 0.000000 1.000000
    outer loop
      vertex 5.405630 54.697661 6.200000
      vertex 6.921793 54.887707 6.200000
      vertex 6.854519 55.085890 6.200000
    endloop
  endfacet
  facet normal 0.000000 0.000000 -1.000000
    outer loop
      vertex 5.405630 54.697661 4.200000
      vertex 6.921793 54.887707 4.200000
      vertex 5.535973 54.313681 4.200000
    endloop
  endfacet
  facet normal 0.000000 0.000000 -1.000000
    outer loop
      vertex 5.405630 54.697661 4.200000
      vertex 6.854519 55.085890 4.200000
      vertex 6.921793 54.887707 4.200000
    endloop
  endfacet
  facet normal -0.896873 -0.442289 0.000000
    outer loop
      vertex 5.535973 54.313681 4.200000
      vertex 5.715321 53.950000 4.200000
      vertex 5.715321 53.950000 6.200000
    endloop
  endfacet
  facet normal -0.896873 -0.442289 0.000000
    outer loop
      vertex 5.535973 54.313681 4.200000
      vertex 5.715321 53.950000 6.200000
      vertex 5.535973 54.313681 6.200000
    endloop
  endfacet
  facet normal 0.896873 0.442289 0.000000
    outer loop
      vertex 6.921793 54.887707 4.200000
      vertex 7.014359 54.700000 6.200000
      vertex 7.014359 54.700000 4.200000
    endloop
  endfacet
  facet normal 0.896873 0.442289 -0.000000
    outer loop
      vertex 6.921793 54.887707 4.200000
      vertex 6.921793 54.887707 6.200000
      vertex 7.014359 54.700000 6.200000
    endloop
  endfacet
  facet normal -0.000000 0.000000 1.000000
    outer loop
      vertex 5.535973 54.313681 6.200000
      vertex 5.715321 53.950000 6.200000
      vertex 7.014359 54.700000 6.200000
    endloop
  endfacet
  facet normal 0.000000 0.000000 1.000000
    outer loop
      vertex 5.535973 54.313681 6.200000
      vertex 7.014359 54.700000 6.200000
      vertex 6.921793 54.887707 6.200000
    endloop
  endfacet
  facet normal 0.000000 0.000000 -1.000000
    outer loop
      vertex 5.535973 54.313681 4.200000
      vertex 7.014359 54.700000 4.200000
      vertex 5.715321 53.950000 4.200000
    endloop
  endfacet
  facet normal 0.000000 0.000000 -1.000000
    outer loop
      vertex 5.535973 54.313681 4.200000
      vertex 6.921793 54.887707 4.200000
      vertex 7.014359 54.700000 4.200000
    endloop
  endfacet
  facet normal -0.831470 -0.555570 0.000000
    outer loop
      vertex 5.715321 53.950000 4.200000
      vertex 5.940605 53.612840 4.200000
      vertex 5.940605 53.612840 6.200000
    endloop
  endfacet
  facet normal -0.831470 -0.555570 0.000000
    outer loop
      vertex 5.715321 53.950000 4.200000
      vertex 5.940605 53.612840 6.200000
      vertex 5.715321 53.950000 6.200000
    endloop
  endfacet
  facet normal 0.831470 0.555570 0.000000
    outer loop
      vertex 7.014359 54.700000 4.200000
      vertex 7.130635 54.525982 6.200000
      vertex 7.130635 54.525982 4.200000
    endloop
  endfacet
  facet normal 0.831470 0.555570 -0.000000
    outer loop
      vertex 7.014359 54.700000 4.200000
      vertex 7.014359 54.700000 6.200000
      vertex 7.130635 54.525982 6.200000
    endloop
  endfacet
  facet normal -0.000000 0.000000 1.000000
    outer loop
      vertex 5.715321 53.950000 6.200000
      vertex 5.940605 53.612840 6.200000
      vertex 7.130635 54.525982 6.200000
    endloop
  endfacet
  facet normal 0.000000 0.000000 1.000000
    outer loop
      vertex 5.715321 53.950000 6.200000
      vertex 7.130635 54.525982 6.200000
      vertex 7.014359 54.700000 6.200000
    endloop
  endfacet
  facet normal 0.000000 0.000000 -1.000000
    outer loop
      vertex 5.715321 53.950000 4.200000
      vertex 7.130635 54.525982 4.200000
      vertex 5.940605 53.612840 4.200000
    endloop
  endfacet
  facet normal 0.000000 0.000000 -1.000000
    outer loop
      vertex 5.715321 53.950000 4.200000
      vertex 7.014359 54.700000 4.200000
      vertex 7.130635 54.525982 4.200000
    endloop
  endfacet
  facet normal -0.751840 -0.659346 0.000000
    outer loop
      vertex 5.940605 53.612840 4.200000
      vertex 6.207969 53.307969 4.200000
      vertex 6.207969 53.307969 6.200000
    endloop
  endfacet
  facet normal -0.751840 -0.659346 0.000000
    outer loop
      vertex 5.940605 53.612840 4.200000
      vertex 6.207969 53.307969 6.200000
      vertex 5.940605 53.612840 6.200000
    endloop
  endfacet
  facet normal 0.751840 0.659346 0.000000
    outer loop
      vertex 7.130635 54.525982 4.200000
      vertex 7.268629 54.368629 6.200000
      vertex 7.268629 54.368629 4.200000
    endloop
  endfacet
  facet normal 0.751840 0.659346 -0.000000
    outer loop
      vertex 7.130635 54.525982 4.200000
      vertex 7.130635 54.525982 6.200000
      vertex 7.268629 54.368629 6.200000
    endloop
  endfacet
  facet normal -0.000000 0.000000 1.000000
    outer loop
      vertex 5.940605 53.612840 6.200000
      vertex 6.207969 53.307969 6.200000
      vertex 7.268629 54.368629 6.200000
    endloop
  endfacet
  facet normal 0.000000 0.000000 1.000000
    outer loop
      vertex 5.940605 53.612840 6.200000
      vertex 7.268629 54.368629 6.200000
      vertex 7.130635 54.525982 6.200000
    endloop
  endfacet
  facet normal 0.000000 0.000000 -1.000000
    outer loop
      vertex 5.940605 53.612840 4.200000
      vertex 7.268629 54.368629 4.200000
      vertex 6.207969 53.307969 4.200000
    endloop
  endfacet
  facet normal 0.000000 0.000000 -1.000000
    outer loop
      vertex 5.940605 53.612840 4.200000
      vertex 7.130635 54.525982 4.200000
      vertex 7.268629 54.368629 4.200000
    endloop
  endfacet
  facet normal -0.659346 -0.751840 0.000000
    outer loop
      vertex 6.207969 53.307969 4.200000
      vertex 6.512840 53.040605 4.200000
      vertex 6.512840 53.040605 6.200000
    endloop
  endfacet
  facet normal -0.659346 -0.751840 0.000000
    outer loop
      vertex 6.207969 53.307969 4.200000
      vertex 6.512840 53.040605 6.200000
      vertex 6.207969 53.307969 6.200000
    endloop
  endfacet
  facet normal 0.659346 0.751840 0.000000
    outer loop
      vertex 7.268629 54.368629 4.200000
      vertex 7.425982 54.230635 6.200000
      vertex 7.425982 54.230635 4.200000
    endloop
  endfacet
  facet normal 0.659346 0.751840 -0.000000
    outer loop
      vertex 7.268629 54.368629 4.200000
      vertex 7.268629 54.368629 6.200000
      vertex 7.425982 54.230635 6.200000
    endloop
  endfacet
  facet normal -0.000000 0.000000 1.000000
    outer loop
      vertex 6.207969 53.307969 6.200000
      vertex 6.512840 53.040605 6.200000
      vertex 7.425982 54.230635 6.200000
    endloop
  endfacet
  facet normal 0.000000 0.000000 1.000000
    outer loop
      vertex 6.207969 53.307969 6.200000
      vertex 7.425982 54.230635 6.200000
      vertex 7.268629 54.368629 6.200000
    endloop
  endfacet
  facet normal 0.000000 0.000000 -1.000000
    outer loop
      vertex 6.207969 53.307969 4.200000
      vertex 7.425982 54.230635 4.200000
      vertex 6.512840 53.040605 4.200000
    endloop
  endfacet
  facet normal 0.000000 0.000000 -1.000000
    outer loop
      vertex 6.207969 53.307969 4.200000
      vertex 7.268629 54.368629 4.200000
      vertex 7.425982 54.230635 4.200000
    endloop
  endfacet
  facet normal -0.555570 -0.831470 0.000000
    outer loop
      vertex 6.512840 53.040605 4.200000
      vertex 6.850000 52.815321 4.200000
      vertex 6.850000 52.815321 6.200000
    endloop
  endfacet
  facet normal -0.555570 -0.831470 0.000000
    outer loop
      vertex 6.512840 53.040605 4.200000
      vertex 6.850000 52.815321 6.200000
      vertex 6.512840 53.040605 6.200000
    endloop
  endfacet
  facet normal 0.555570 0.831470 0.000000
    outer loop
      vertex 7.425982 54.230635 4.200000
      vertex 7.600000 54.114359 6.200000
      vertex 7.600000 54.114359 4.200000
    endloop
  endfacet
  facet normal 0.555570 0.831470 -0.000000
    outer loop
      vertex 7.425982 54.230635 4.200000
      vertex 7.425982 54.230635 6.200000
      vertex 7.600000 54.114359 6.200000
    endloop
  endfacet
  facet normal -0.000000 0.000000 1.000000
    outer loop
      vertex 6.512840 53.040605 6.200000
      vertex 6.850000 52.815321 6.200000
      vertex 7.600000 54.114359 6.200000
    endloop
  endfacet
  facet normal 0.000000 0.000000 1.000000
    outer loop
      vertex 6.512840 53.040605 6.200000
      vertex 7.600000 54.114359 6.200000
      vertex 7.425982 54.230635 6.200000
    endloop
  endfacet
  facet normal 0.000000 0.000000 -1.000000
    outer loop
      vertex 6.512840 53.040605 4.200000
      vertex 7.600000 54.114359 4.200000
      vertex 6.850000 52.815321 4.200000
    endloop
  endfacet
  facet normal 0.000000 0.000000 -1.000000
    outer loop
      vertex 6.512840 53.040605 4.200000
      vertex 7.425982 54.230635 4.200000
      vertex 7.600000 54.114359 4.200000
    endloop
  endfacet
  facet normal -0.442289 -0.896873 0.000000
    outer loop
      vertex 6.850000 52.815321 4.200000
      vertex 7.213681 52.635973 4.200000
      vertex 7.213681 52.635973 6.200000
    endloop
  endfacet
  facet normal -0.442289 -0.896873 0.000000
    outer loop
      vertex 6.850000 52.815321 4.200000
      vertex 7.213681 52.635973 6.200000
      vertex 6.850000 52.815321 6.200000
    endloop
  endfacet
  facet normal 0.442289 0.896873 0.000000
    outer loop
      vertex 7.600000 54.114359 4.200000
      vertex 7.787707 54.021793 6.200000
      vertex 7.787707 54.021793 4.200000
    endloop
  endfacet
  facet normal 0.442289 0.896873 -0.000000
    outer loop
      vertex 7.600000 54.114359 4.200000
      vertex 7.600000 54.114359 6.200000
      vertex 7.787707 54.021793 6.200000
    endloop
  endfacet
  facet normal -0.000000 0.000000 1.000000
    outer loop
      vertex 6.850000 52.815321 6.200000
      vertex 7.213681 52.635973 6.200000
      vertex 7.787707 54.021793 6.200000
    endloop
  endfacet
  facet normal 0.000000 0.000000 1.000000
    outer loop
      vertex 6.850000 52.815321 6.200000
      vertex 7.787707 54.021793 6.200000
      vertex 7.600000 54.114359 6.200000
    endloop
  endfacet
  facet normal 0.000000 0.000000 -1.000000
    outer loop
      vertex 6.850000 52.815321 4.200000
      vertex 7.787707 54.021793 4.200000
      vertex 7.213681 52.635973 4.200000
    endloop
  endfacet
  facet normal 0.000000 0.000000 -1.000000
    outer loop
      vertex 6.850000 52.815321 4.200000
      vertex 7.600000 54.114359 4.200000
      vertex 7.787707 54.021793 4.200000
    endloop
  endfacet
  facet normal -0.321439 -0.946930 0.000000
    outer loop
      vertex 7.213681 52.635973 4.200000
      vertex 7.597661 52.505630 4.200000
      vertex 7.597661 52.505630 6.200000
    endloop
  endfacet
  facet normal -0.321439 -0.946930 0.000000
    outer loop
      vertex 7.213681 52.635973 4.200000
      vertex 7.597661 52.505630 6.200000
      vertex 7.213681 52.635973 6.200000
    endloop
  endfacet
  facet normal 0.321439 0.946930 0.000000
    outer loop
      vertex 7.787707 54.021793 4.200000
      vertex 7.985890 53.954519 6.200000
      vertex 7.985890 53.954519 4.200000
    endloop
  endfacet
  facet normal 0.321439 0.946930 -0.000000
    outer loop
      vertex 7.787707 54.021793 4.200000
      vertex 7.787707 54.021793 6.200000
      vertex 7.985890 53.954519 6.200000
    endloop
  endfacet
  facet normal -0.000000 0.000000 1.000000
    outer loop
      vertex 7.213681 52.635973 6.200000
      vertex 7.597661 52.505630 6.200000
      vertex 7.985890 53.954519 6.200000
    endloop
  endfacet
  facet normal 0.000000 0.000000 1.000000
    outer loop
      vertex 7.213681 52.635973 6.200000
      vertex 7.985890 53.954519 6.200000
      vertex 7.787707 54.021793 6.200000
    endloop
  endfacet
  facet normal 0.000000 0.000000 -1.000000
    outer loop
      vertex 7.213681 52.635973 4.200000
      vertex 7.985890 53.954519 4.200000
      vertex 7.597661 52.505630 4.200000
    endloop
  endfacet
  facet normal 0.000000 0.000000 -1.000000
    outer loop
      vertex 7.213681 52.635973 4.200000
      vertex 7.787707 54.021793 4.200000
      vertex 7.985890 53.954519 4.200000
    endloop
  endfacet
  facet normal -0.195090 -0.980785 0.000000
    outer loop
      vertex 7.597661 52.505630 4.200000
      vertex 7.995369 52.426521 4.200000
      vertex 7.995369 52.426521 6.200000
    endloop
  endfacet
  facet normal -0.195090 -0.980785 0.000000
    outer loop
      vertex 7.597661 52.505630 4.200000
      vertex 7.995369 52.426521 6.200000
      vertex 7.597661 52.505630 6.200000
    endloop
  endfacet
  facet normal 0.195090 0.980785 0.000000
    outer loop
      vertex 7.985890 53.954519 4.200000
      vertex 8.191158 53.913688 6.200000
      vertex 8.191158 53.913688 4.200000
    endloop
  endfacet
  facet normal 0.195090 0.980785 -0.000000
    outer loop
      vertex 7.985890 53.954519 4.200000
      vertex 7.985890 53.954519 6.200000
      vertex 8.191158 53.913688 6.200000
    endloop
  endfacet
  facet normal -0.000000 0.000000 1.000000
    outer loop
      vertex 7.597661 52.505630 6.200000
      vertex 7.995369 52.426521 6.200000
      vertex 8.191158 53.913688 6.200000
    endloop
  endfacet
  facet normal 0.000000 0.000000 1.000000
    outer loop
      vertex 7.597661 52.505630 6.200000
      vertex 8.191158 53.913688 6.200000
      vertex 7.985890 53.954519 6.200000
    endloop
  endfacet
  facet normal 0.000000 0.000000 -1.000000
    outer loop
      vertex 7.597661 52.505630 4.200000
      vertex 8.191158 53.913688 4.200000
      vertex 7.995369 52.426521 4.200000
    endloop
  endfacet
  facet normal 0.000000 0.000000 -1.000000
    outer loop
      vertex 7.597661 52.505630 4.200000
      vertex 7.985890 53.954519 4.200000
      vertex 8.191158 53.913688 4.200000
    endloop
  endfacet
  facet normal -0.065403 -0.997859 0.000000
    outer loop
      vertex 7.995369 52.426521 4.200000
      vertex 8.400000 52.400000 4.200000
      vertex 8.400000 52.400000 6.200000
    endloop
  endfacet
  facet normal -0.065403 -0.997859 0.000000
    outer loop
      vertex 7.995369 52.426521 4.200000
      vertex 8.400000 52.400000 6.200000
      vertex 7.995369 52.426521 6.200000
    endloop
  endfacet
  facet normal 0.065403 0.997859 0.000000
    outer loop
      vertex 8.191158 53.913688 4.200000
      vertex 8.400000 53.900000 6.200000
      vertex 8.400000 53.900000 4.200000
    endloop
  endfacet
  facet normal 0.065403 0.997859 -0.000000
    outer loop
      vertex 8.191158 53.913688 4.200000
      vertex 8.191158 53.913688 6.200000
      vertex 8.400000 53.900000 6.200000
    endloop
  endfacet
  facet normal -0.000000 0.000000 1.000000
    outer loop
      vertex 7.995369 52.426521 6.200000
      vertex 8.400000 52.400000 6.200000
      vertex 8.400000 53.900000 6.200000
    endloop
  endfacet
  facet normal 0.000000 0.000000 1.000000
    outer loop
      vertex 7.995369 52.426521 6.200000
      vertex 8.400000 53.900000 6.200000
      vertex 8.191158 53.913688 6.200000
    endloop
  endfacet
  facet normal 0.000000 0.000000 -1.000000
    outer loop
      vertex 7.995369 52.426521 4.200000
      vertex 8.400000 53.900000 4.200000
      vertex 8.400000 52.400000 4.200000
    endloop
  endfacet
  facet normal 0.000000 0.000000 -1.000000
    outer loop
      vertex 7.995369 52.426521 4.200000
      vertex 8.191158 53.913688 4.200000
      vertex 8.400000 53.900000 4.200000
    endloop
  endfacet
  facet normal 0.065403 -0.997859 0.000000
    outer loop
      vertex 8.400000 52.400000 4.200000
      vertex 8.804631 52.426521 4.200000
      vertex 8.804631 52.426521 6.200000
    endloop
  endfacet
  facet normal 0.065403 -0.997859 0.000000
    outer loop
      vertex 8.400000 52.400000 4.200000
      vertex 8.804631 52.426521 6.200000
      vertex 8.400000 52.400000 6.200000
    endloop
  endfacet
  facet normal -0.065403 0.997859 0.000000
    outer loop
      vertex 8.400000 53.900000 4.200000
      vertex 8.608842 53.913688 6.200000
      vertex 8.608842 53.913688 4.200000
    endloop
  endfacet
  facet normal -0.065403 0.997859 0.000000
    outer loop
      vertex 8.400000 53.900000 4.200000
      vertex 8.400000 53.900000 6.200000
      vertex 8.608842 53.913688 6.200000
    endloop
  endfacet
  facet normal 0.000000 0.000000 1.000000
    outer loop
      vertex 8.400000 52.400000 6.200000
      vertex 8.804631 52.426521 6.200000
      vertex 8.608842 53.913688 6.200000
    endloop
  endfacet
  facet normal 0.000000 0.000000 1.000000
    outer loop
      vertex 8.400000 52.400000 6.200000
      vertex 8.608842 53.913688 6.200000
      vertex 8.400000 53.900000 6.200000
    endloop
  endfacet
  facet normal 0.000000 0.000000 -1.000000
    outer loop
      vertex 8.400000 52.400000 4.200000
      vertex 8.608842 53.913688 4.200000
      vertex 8.804631 52.426521 4.200000
    endloop
  endfacet
  facet normal 0.000000 0.000000 -1.000000
    outer loop
      vertex 8.400000 52.400000 4.200000
      vertex 8.400000 53.900000 4.200000
      vertex 8.608842 53.913688 4.200000
    endloop
  endfacet
  facet normal 0.195090 -0.980785 0.000000
    outer loop
      vertex 8.804631 52.426521 4.200000
      vertex 9.202339 52.505630 4.200000
      vertex 9.202339 52.505630 6.200000
    endloop
  endfacet
  facet normal 0.195090 -0.980785 0.000000
    outer loop
      vertex 8.804631 52.426521 4.200000
      vertex 9.202339 52.505630 6.200000
      vertex 8.804631 52.426521 6.200000
    endloop
  endfacet
  facet normal -0.195090 0.980785 0.000000
    outer loop
      vertex 8.608842 53.913688 4.200000
      vertex 8.814110 53.954519 6.200000
      vertex 8.814110 53.954519 4.200000
    endloop
  endfacet
  facet normal -0.195090 0.980785 0.000000
    outer loop
      vertex 8.608842 53.913688 4.200000
      vertex 8.608842 53.913688 6.200000
      vertex 8.814110 53.954519 6.200000
    endloop
  endfacet
  facet normal 0.000000 0.000000 1.000000
    outer loop
      vertex 8.804631 52.426521 6.200000
      vertex 9.202339 52.505630 6.200000
      vertex 8.814110 53.954519 6.200000
    endloop
  endfacet
  facet normal 0.000000 -0.000000 1.000000
    outer loop
      vertex 8.804631 52.426521 6.200000
      vertex 8.814110 53.954519 6.200000
      vertex 8.608842 53.913688 6.200000
    endloop
  endfacet
  facet normal 0.000000 0.000000 -1.000000
    outer loop
      vertex 8.804631 52.426521 4.200000
      vertex 8.814110 53.954519 4.200000
      vertex 9.202339 52.505630 4.200000
    endloop
  endfacet
  facet normal 0.000000 0.000000 -1.000000
    outer loop
      vertex 8.804631 52.426521 4.200000
      vertex 8.608842 53.913688 4.200000
      vertex 8.814110 53.954519 4.200000
    endloop
  endfacet
  facet normal 0.321439 -0.946930 0.000000
    outer loop
      vertex 9.202339 52.505630 4.200000
      vertex 9.586319 52.635973 4.200000
      vertex 9.586319 52.635973 6.200000
    endloop
  endfacet
  facet normal 0.321439 -0.946930 0.000000
    outer loop
      vertex 9.202339 52.505630 4.200000
      vertex 9.586319 52.635973 6.200000
      vertex 9.202339 52.505630 6.200000
    endloop
  endfacet
  facet normal -0.321439 0.946930 0.000000
    outer loop
      vertex 8.814110 53.954519 4.200000
      vertex 9.012293 54.021793 6.200000
      vertex 9.012293 54.021793 4.200000
    endloop
  endfacet
  facet normal -0.321439 0.946930 0.000000
    outer loop
      vertex 8.814110 53.954519 4.200000
      vertex 8.814110 53.954519 6.200000
      vertex 9.012293 54.021793 6.200000
    endloop
  endfacet
  facet normal 0.000000 -0.000000 1.000000
    outer loop
      vertex 9.202339 52.505630 6.200000
      vertex 9.586319 52.635973 6.200000
      vertex 9.012293 54.021793 6.200000
    endloop
  endfacet
  facet normal 0.000000 0.000000 1.000000
    outer loop
      vertex 9.202339 52.505630 6.200000
      vertex 9.012293 54.021793 6.200000
      vertex 8.814110 53.954519 6.200000
    endloop
  endfacet
  facet normal 0.000000 0.000000 -1.000000
    outer loop
      vertex 9.202339 52.505630 4.200000
      vertex 9.012293 54.021793 4.200000
      vertex 9.586319 52.635973 4.200000
    endloop
  endfacet
  facet normal 0.000000 0.000000 -1.000000
    outer loop
      vertex 9.202339 52.505630 4.200000
      vertex 8.814110 53.954519 4.200000
      vertex 9.012293 54.021793 4.200000
    endloop
  endfacet
  facet normal 0.442289 -0.896873 0.000000
    outer loop
      vertex 9.586319 52.635973 4.200000
      vertex 9.950000 52.815321 4.200000
      vertex 9.950000 52.815321 6.200000
    endloop
  endfacet
  facet normal 0.442289 -0.896873 0.000000
    outer loop
      vertex 9.586319 52.635973 4.200000
      vertex 9.950000 52.815321 6.200000
      vertex 9.586319 52.635973 6.200000
    endloop
  endfacet
  facet normal -0.442289 0.896873 0.000000
    outer loop
      vertex 9.012293 54.021793 4.200000
      vertex 9.200000 54.114359 6.200000
      vertex 9.200000 54.114359 4.200000
    endloop
  endfacet
  facet normal -0.442289 0.896873 0.000000
    outer loop
      vertex 9.012293 54.021793 4.200000
      vertex 9.012293 54.021793 6.200000
      vertex 9.200000 54.114359 6.200000
    endloop
  endfacet
  facet normal 0.000000 -0.000000 1.000000
    outer loop
      vertex 9.586319 52.635973 6.200000
      vertex 9.950000 52.815321 6.200000
      vertex 9.200000 54.114359 6.200000
    endloop
  endfacet
  facet normal 0.000000 0.000000 1.000000
    outer loop
      vertex 9.586319 52.635973 6.200000
      vertex 9.200000 54.114359 6.200000
      vertex 9.012293 54.021793 6.200000
    endloop
  endfacet
  facet normal 0.000000 0.000000 -1.000000
    outer loop
      vertex 9.586319 52.635973 4.200000
      vertex 9.200000 54.114359 4.200000
      vertex 9.950000 52.815321 4.200000
    endloop
  endfacet
  facet normal 0.000000 0.000000 -1.000000
    outer loop
      vertex 9.586319 52.635973 4.200000
      vertex 9.012293 54.021793 4.200000
      vertex 9.200000 54.114359 4.200000
    endloop
  endfacet
  facet normal 0.555570 -0.831470 0.000000
    outer loop
      vertex 9.950000 52.815321 4.200000
      vertex 10.287160 53.040605 4.200000
      vertex 10.287160 53.040605 6.200000
    endloop
  endfacet
  facet normal 0.555570 -0.831470 0.000000
    outer loop
      vertex 9.950000 52.815321 4.200000
      vertex 10.287160 53.040605 6.200000
      vertex 9.950000 52.815321 6.200000
    endloop
  endfacet
  facet normal -0.555570 0.831470 0.000000
    outer loop
      vertex 9.200000 54.114359 4.200000
      vertex 9.374018 54.230635 6.200000
      vertex 9.374018 54.230635 4.200000
    endloop
  endfacet
  facet normal -0.555570 0.831470 0.000000
    outer loop
      vertex 9.200000 54.114359 4.200000
      vertex 9.200000 54.114359 6.200000
      vertex 9.374018 54.230635 6.200000
    endloop
  endfacet
  facet normal 0.000000 -0.000000 1.000000
    outer loop
      vertex 9.950000 52.815321 6.200000
      vertex 10.287160 53.040605 6.200000
      vertex 9.374018 54.230635 6.200000
    endloop
  endfacet
  facet normal 0.000000 0.000000 1.000000
    outer loop
      vertex 9.950000 52.815321 6.200000
      vertex 9.374018 54.230635 6.200000
      vertex 9.200000 54.114359 6.200000
    endloop
  endfacet
  facet normal 0.000000 0.000000 -1.000000
    outer loop
      vertex 9.950000 52.815321 4.200000
      vertex 9.374018 54.230635 4.200000
      vertex 10.287160 53.040605 4.200000
    endloop
  endfacet
  facet normal 0.000000 0.000000 -1.000000
    outer loop
      vertex 9.950000 52.815321 4.200000
      vertex 9.200000 54.114359 4.200000
      vertex 9.374018 54.230635 4.200000
    endloop
  endfacet
  facet normal 0.659346 -0.751840 0.000000
    outer loop
      vertex 10.287160 53.040605 4.200000
      vertex 10.592031 53.307969 4.200000
      vertex 10.592031 53.307969 6.200000
    endloop
  endfacet
  facet normal 0.659346 -0.751840 0.000000
    outer loop
      vertex 10.287160 53.040605 4.200000
      vertex 10.592031 53.307969 6.200000
      vertex 10.287160 53.040605 6.200000
    endloop
  endfacet
  facet normal -0.659346 0.751840 0.000000
    outer loop
      vertex 9.374018 54.230635 4.200000
      vertex 9.531371 54.368629 6.200000
      vertex 9.531371 54.368629 4.200000
    endloop
  endfacet
  facet normal -0.659346 0.751840 0.000000
    outer loop
      vertex 9.374018 54.230635 4.200000
      vertex 9.374018 54.230635 6.200000
      vertex 9.531371 54.368629 6.200000
    endloop
  endfacet
  facet normal 0.000000 -0.000000 1.000000
    outer loop
      vertex 10.287160 53.040605 6.200000
      vertex 10.592031 53.307969 6.200000
      vertex 9.531371 54.368629 6.200000
    endloop
  endfacet
  facet normal 0.000000 0.000000 1.000000
    outer loop
      vertex 10.287160 53.040605 6.200000
      vertex 9.531371 54.368629 6.200000
      vertex 9.374018 54.230635 6.200000
    endloop
  endfacet
  facet normal 0.000000 0.000000 -1.000000
    outer loop
      vertex 10.287160 53.040605 4.200000
      vertex 9.531371 54.368629 4.200000
      vertex 10.592031 53.307969 4.200000
    endloop
  endfacet
  facet normal 0.000000 0.000000 -1.000000
    outer loop
      vertex 10.287160 53.040605 4.200000
      vertex 9.374018 54.230635 4.200000
      vertex 9.531371 54.368629 4.200000
    endloop
  endfacet
  facet normal 0.751840 -0.659346 0.000000
    outer loop
      vertex 10.592031 53.307969 4.200000
      vertex 10.859395 53.612840 4.200000
      vertex 10.859395 53.612840 6.200000
    endloop
  endfacet
  facet normal 0.751840 -0.659346 0.000000
    outer loop
      vertex 10.592031 53.307969 4.200000
      vertex 10.859395 53.612840 6.200000
      vertex 10.592031 53.307969 6.200000
    endloop
  endfacet
  facet normal -0.751840 0.659346 0.000000
    outer loop
      vertex 9.531371 54.368629 4.200000
      vertex 9.669365 54.525982 6.200000
      vertex 9.669365 54.525982 4.200000
    endloop
  endfacet
  facet normal -0.751840 0.659346 0.000000
    outer loop
      vertex 9.531371 54.368629 4.200000
      vertex 9.531371 54.368629 6.200000
      vertex 9.669365 54.525982 6.200000
    endloop
  endfacet
  facet normal 0.000000 -0.000000 1.000000
    outer loop
      vertex 10.592031 53.307969 6.200000
      vertex 10.859395 53.612840 6.200000
      vertex 9.669365 54.525982 6.200000
    endloop
  endfacet
  facet normal 0.000000 0.000000 1.000000
    outer loop
      vertex 10.592031 53.307969 6.200000
      vertex 9.669365 54.525982 6.200000
      vertex 9.531371 54.368629 6.200000
    endloop
  endfacet
  facet normal 0.000000 0.000000 -1.000000
    outer loop
      vertex 10.592031 53.307969 4.200000
      vertex 9.669365 54.525982 4.200000
      vertex 10.859395 53.612840 4.200000
    endloop
  endfacet
  facet normal 0.000000 0.000000 -1.000000
    outer loop
      vertex 10.592031 53.307969 4.200000
      vertex 9.531371 54.368629 4.200000
      vertex 9.669365 54.525982 4.200000
    endloop
  endfacet
  facet normal 0.831470 -0.555570 0.000000
    outer loop
      vertex 10.859395 53.612840 4.200000
      vertex 11.084679 53.950000 4.200000
      vertex 11.084679 53.950000 6.200000
    endloop
  endfacet
  facet normal 0.831470 -0.555570 0.000000
    outer loop
      vertex 10.859395 53.612840 4.200000
      vertex 11.084679 53.950000 6.200000
      vertex 10.859395 53.612840 6.200000
    endloop
  endfacet
  facet normal -0.831470 0.555570 0.000000
    outer loop
      vertex 9.669365 54.525982 4.200000
      vertex 9.785641 54.700000 6.200000
      vertex 9.785641 54.700000 4.200000
    endloop
  endfacet
  facet normal -0.831470 0.555570 0.000000
    outer loop
      vertex 9.669365 54.525982 4.200000
      vertex 9.669365 54.525982 6.200000
      vertex 9.785641 54.700000 6.200000
    endloop
  endfacet
  facet normal 0.000000 -0.000000 1.000000
    outer loop
      vertex 10.859395 53.612840 6.200000
      vertex 11.084679 53.950000 6.200000
      vertex 9.785641 54.700000 6.200000
    endloop
  endfacet
  facet normal 0.000000 0.000000 1.000000
    outer loop
      vertex 10.859395 53.612840 6.200000
      vertex 9.785641 54.700000 6.200000
      vertex 9.669365 54.525982 6.200000
    endloop
  endfacet
  facet normal 0.000000 0.000000 -1.000000
    outer loop
      vertex 10.859395 53.612840 4.200000
      vertex 9.785641 54.700000 4.200000
      vertex 11.084679 53.950000 4.200000
    endloop
  endfacet
  facet normal 0.000000 0.000000 -1.000000
    outer loop
      vertex 10.859395 53.612840 4.200000
      vertex 9.669365 54.525982 4.200000
      vertex 9.785641 54.700000 4.200000
    endloop
  endfacet
  facet normal 0.896873 -0.442289 0.000000
    outer loop
      vertex 11.084679 53.950000 4.200000
      vertex 11.264027 54.313681 4.200000
      vertex 11.264027 54.313681 6.200000
    endloop
  endfacet
  facet normal 0.896873 -0.442289 0.000000
    outer loop
      vertex 11.084679 53.950000 4.200000
      vertex 11.264027 54.313681 6.200000
      vertex 11.084679 53.950000 6.200000
    endloop
  endfacet
  facet normal -0.896873 0.442289 0.000000
    outer loop
      vertex 9.785641 54.700000 4.200000
      vertex 9.878207 54.887707 6.200000
      vertex 9.878207 54.887707 4.200000
    endloop
  endfacet
  facet normal -0.896873 0.442289 0.000000
    outer loop
      vertex 9.785641 54.700000 4.200000
      vertex 9.785641 54.700000 6.200000
      vertex 9.878207 54.887707 6.200000
    endloop
  endfacet
  facet normal 0.000000 -0.000000 1.000000
    outer loop
      vertex 11.084679 53.950000 6.200000
      vertex 11.264027 54.313681 6.200000
      vertex 9.878207 54.887707 6.200000
    endloop
  endfacet
  facet normal 0.000000 0.000000 1.000000
    outer loop
      vertex 11.084679 53.950000 6.200000
      vertex 9.878207 54.887707 6.200000
      vertex 9.785641 54.700000 6.200000
    endloop
  endfacet
  facet normal 0.000000 0.000000 -1.000000
    outer loop
      vertex 11.084679 53.950000 4.200000
      vertex 9.878207 54.887707 4.200000
      vertex 11.264027 54.313681 4.200000
    endloop
  endfacet
  facet normal 0.000000 0.000000 -1.000000
    outer loop
      vertex 11.084679 53.950000 4.200000
      vertex 9.785641 54.700000 4.200000
      vertex 9.878207 54.887707 4.200000
    endloop
  endfacet
  facet normal 0.946930 -0.321439 0.000000
    outer loop
      vertex 11.264027 54.313681 4.200000
      vertex 11.394370 54.697661 4.200000
      vertex 11.394370 54.697661 6.200000
    endloop
  endfacet
  facet normal 0.946930 -0.321439 0.000000
    outer loop
      vertex 11.264027 54.313681 4.200000
      vertex 11.394370 54.697661 6.200000
      vertex 11.264027 54.313681 6.200000
    endloop
  endfacet
  facet normal -0.946930 0.321439 0.000000
    outer loop
      vertex 9.878207 54.887707 4.200000
      vertex 9.945481 55.085890 6.200000
      vertex 9.945481 55.085890 4.200000
    endloop
  endfacet
  facet normal -0.946930 0.321439 0.000000
    outer loop
      vertex 9.878207 54.887707 4.200000
      vertex 9.878207 54.887707 6.200000
      vertex 9.945481 55.085890 6.200000
    endloop
  endfacet
  facet normal 0.000000 -0.000000 1.000000
    outer loop
      vertex 11.264027 54.313681 6.200000
      vertex 11.394370 54.697661 6.200000
      vertex 9.945481 55.085890 6.200000
    endloop
  endfacet
  facet normal 0.000000 0.000000 1.000000
    outer loop
      vertex 11.264027 54.313681 6.200000
      vertex 9.945481 55.085890 6.200000
      vertex 9.878207 54.887707 6.200000
    endloop
  endfacet
  facet normal 0.000000 0.000000 -1.000000
    outer loop
      vertex 11.264027 54.313681 4.200000
      vertex 9.945481 55.085890 4.200000
      vertex 11.394370 54.697661 4.200000
    endloop
  endfacet
  facet normal 0.000000 0.000000 -1.000000
    outer loop
      vertex 11.264027 54.313681 4.200000
      vertex 9.878207 54.887707 4.200000
      vertex 9.945481 55.085890 4.200000
    endloop
  endfacet
  facet normal 0.980785 -0.195090 0.000000
    outer loop
      vertex 11.394370 54.697661 4.200000
      vertex 11.473479 55.095369 4.200000
      vertex 11.473479 55.095369 6.200000
    endloop
  endfacet
  facet normal 0.980785 -0.195090 0.000000
    outer loop
      vertex 11.394370 54.697661 4.200000
      vertex 11.473479 55.095369 6.200000
      vertex 11.394370 54.697661 6.200000
    endloop
  endfacet
  facet normal -0.980785 0.195090 0.000000
    outer loop
      vertex 9.945481 55.085890 4.200000
      vertex 9.986312 55.291158 6.200000
      vertex 9.986312 55.291158 4.200000
    endloop
  endfacet
  facet normal -0.980785 0.195090 0.000000
    outer loop
      vertex 9.945481 55.085890 4.200000
      vertex 9.945481 55.085890 6.200000
      vertex 9.986312 55.291158 6.200000
    endloop
  endfacet
  facet normal 0.000000 -0.000000 1.000000
    outer loop
      vertex 11.394370 54.697661 6.200000
      vertex 11.473479 55.095369 6.200000
      vertex 9.986312 55.291158 6.200000
    endloop
  endfacet
  facet normal 0.000000 0.000000 1.000000
    outer loop
      vertex 11.394370 54.697661 6.200000
      vertex 9.986312 55.291158 6.200000
      vertex 9.945481 55.085890 6.200000
    endloop
  endfacet
  facet normal 0.000000 0.000000 -1.000000
    outer loop
      vertex 11.394370 54.697661 4.200000
      vertex 9.986312 55.291158 4.200000
      vertex 11.473479 55.095369 4.200000
    endloop
  endfacet
  facet normal 0.000000 0.000000 -1.000000
    outer loop
      vertex 11.394370 54.697661 4.200000
      vertex 9.945481 55.085890 4.200000
      vertex 9.986312 55.291158 4.200000
    endloop
  endfacet
  facet normal 0.997859 -0.065403 0.000000
    outer loop
      vertex 11.473479 55.095369 4.200000
      vertex 11.500000 55.500000 4.200000
      vertex 11.500000 55.500000 6.200000
    endloop
  endfacet
  facet normal 0.997859 -0.065403 0.000000
    outer loop
      vertex 11.473479 55.095369 4.200000
      vertex 11.500000 55.500000 6.200000
      vertex 11.473479 55.095369 6.200000
    endloop
  endfacet
  facet normal -0.997859 0.065403 0.000000
    outer loop
      vertex 9.986312 55.291158 4.200000
      vertex 10.000000 55.500000 6.200000
      vertex 10.000000 55.500000 4.200000
    endloop
  endfacet
  facet normal -0.997859 0.065403 0.000000
    outer loop
      vertex 9.986312 55.291158 4.200000
      vertex 9.986312 55.291158 6.200000
      vertex 10.000000 55.500000 6.200000
    endloop
  endfacet
  facet normal 0.000000 -0.000000 1.000000
    outer loop
      vertex 11.473479 55.095369 6.200000
      vertex 11.500000 55.500000 6.200000
      vertex 10.000000 55.500000 6.200000
    endloop
  endfacet
  facet normal 0.000000 0.000000 1.000000
    outer loop
      vertex 11.473479 55.095369 6.200000
      vertex 10.000000 55.500000 6.200000
      vertex 9.986312 55.291158 6.200000
    endloop
  endfacet
  facet normal 0.000000 0.000000 -1.000000
    outer loop
      vertex 11.473479 55.095369 4.200000
      vertex 10.000000 55.500000 4.200000
      vertex 11.500000 55.500000 4.200000
    endloop
  endfacet
  facet normal 0.000000 0.000000 -1.000000
    outer loop
      vertex 11.473479 55.095369 4.200000
      vertex 9.986312 55.291158 4.200000
      vertex 10.000000 55.500000 4.200000
    endloop
  endfacet
  facet normal 0.997859 0.065403 0.000000
    outer loop
      vertex 72.900000 139.500000 0.000000
      vertex 72.870057 139.956842 0.000000
      vertex 72.870057 139.956842 8.000000
    endloop
  endfacet
  facet normal 0.997859 0.065403 -0.000000
    outer loop
      vertex 72.900000 139.500000 0.000000
      vertex 72.870057 139.956842 8.000000
      vertex 72.900000 139.500000 8.000000
    endloop
  endfacet
  facet normal -0.997859 -0.065403 0.000000
    outer loop
      vertex 71.000000 139.500000 0.000000
      vertex 70.986312 139.708842 8.000000
      vertex 70.986312 139.708842 0.000000
    endloop
  endfacet
  facet normal -0.997859 -0.065403 0.000000
    outer loop
      vertex 71.000000 139.500000 0.000000
      vertex 71.000000 139.500000 8.000000
      vertex 70.986312 139.708842 8.000000
    endloop
  endfacet
  facet normal 0.000000 0.000000 1.000000
    outer loop
      vertex 72.900000 139.500000 8.000000
      vertex 72.870057 139.956842 8.000000
      vertex 70.986312 139.708842 8.000000
    endloop
  endfacet
  facet normal 0.000000 0.000000 1.000000
    outer loop
      vertex 72.900000 139.500000 8.000000
      vertex 70.986312 139.708842 8.000000
      vertex 71.000000 139.500000 8.000000
    endloop
  endfacet
  facet normal 0.000000 0.000000 -1.000000
    outer loop
      vertex 72.900000 139.500000 0.000000
      vertex 70.986312 139.708842 0.000000
      vertex 72.870057 139.956842 0.000000
    endloop
  endfacet
  facet normal 0.000000 0.000000 -1.000000
    outer loop
      vertex 72.900000 139.500000 0.000000
      vertex 71.000000 139.500000 0.000000
      vertex 70.986312 139.708842 0.000000
    endloop
  endfacet
  facet normal 0.980785 0.195090 0.000000
    outer loop
      vertex 72.870057 139.956842 0.000000
      vertex 72.780740 140.405867 0.000000
      vertex 72.780740 140.405867 8.000000
    endloop
  endfacet
  facet normal 0.980785 0.195090 -0.000000
    outer loop
      vertex 72.870057 139.956842 0.000000
      vertex 72.780740 140.405867 8.000000
      vertex 72.870057 139.956842 8.000000
    endloop
  endfacet
  facet normal -0.980785 -0.195090 0.000000
    outer loop
      vertex 70.986312 139.708842 0.000000
      vertex 70.945481 139.914110 8.000000
      vertex 70.945481 139.914110 0.000000
    endloop
  endfacet
  facet normal -0.980785 -0.195090 0.000000
    outer loop
      vertex 70.986312 139.708842 0.000000
      vertex 70.986312 139.708842 8.000000
      vertex 70.945481 139.914110 8.000000
    endloop
  endfacet
  facet normal 0.000000 0.000000 1.000000
    outer loop
      vertex 72.870057 139.956842 8.000000
      vertex 72.780740 140.405867 8.000000
      vertex 70.945481 139.914110 8.000000
    endloop
  endfacet
  facet normal 0.000000 0.000000 1.000000
    outer loop
      vertex 72.870057 139.956842 8.000000
      vertex 70.945481 139.914110 8.000000
      vertex 70.986312 139.708842 8.000000
    endloop
  endfacet
  facet normal -0.000000 0.000000 -1.000000
    outer loop
      vertex 72.870057 139.956842 0.000000
      vertex 70.945481 139.914110 0.000000
      vertex 72.780740 140.405867 0.000000
    endloop
  endfacet
  facet normal 0.000000 0.000000 -1.000000
    outer loop
      vertex 72.870057 139.956842 0.000000
      vertex 70.986312 139.708842 0.000000
      vertex 70.945481 139.914110 0.000000
    endloop
  endfacet
  facet normal 0.946930 0.321439 0.000000
    outer loop
      vertex 72.780740 140.405867 0.000000
      vertex 72.633578 140.839392 0.000000
      vertex 72.633578 140.839392 8.000000
    endloop
  endfacet
  facet normal 0.946930 0.321439 -0.000000
    outer loop
      vertex 72.780740 140.405867 0.000000
      vertex 72.633578 140.839392 8.000000
      vertex 72.780740 140.405867 8.000000
    endloop
  endfacet
  facet normal -0.946930 -0.321439 0.000000
    outer loop
      vertex 70.945481 139.914110 0.000000
      vertex 70.878207 140.112293 8.000000
      vertex 70.878207 140.112293 0.000000
    endloop
  endfacet
  facet normal -0.946930 -0.321439 0.000000
    outer loop
      vertex 70.945481 139.914110 0.000000
      vertex 70.945481 139.914110 8.000000
      vertex 70.878207 140.112293 8.000000
    endloop
  endfacet
  facet normal 0.000000 0.000000 1.000000
    outer loop
      vertex 72.780740 140.405867 8.000000
      vertex 72.633578 140.839392 8.000000
      vertex 70.878207 140.112293 8.000000
    endloop
  endfacet
  facet normal 0.000000 0.000000 1.000000
    outer loop
      vertex 72.780740 140.405867 8.000000
      vertex 70.878207 140.112293 8.000000
      vertex 70.945481 139.914110 8.000000
    endloop
  endfacet
  facet normal -0.000000 0.000000 -1.000000
    outer loop
      vertex 72.780740 140.405867 0.000000
      vertex 70.878207 140.112293 0.000000
      vertex 72.633578 140.839392 0.000000
    endloop
  endfacet
  facet normal 0.000000 0.000000 -1.000000
    outer loop
      vertex 72.780740 140.405867 0.000000
      vertex 70.945481 139.914110 0.000000
      vertex 70.878207 140.112293 0.000000
    endloop
  endfacet
  facet normal 0.896873 0.442289 0.000000
    outer loop
      vertex 72.633578 140.839392 0.000000
      vertex 72.431089 141.250000 0.000000
      vertex 72.431089 141.250000 8.000000
    endloop
  endfacet
  facet normal 0.896873 0.442289 -0.000000
    outer loop
      vertex 72.633578 140.839392 0.000000
      vertex 72.431089 141.250000 8.000000
      vertex 72.633578 140.839392 8.000000
    endloop
  endfacet
  facet normal -0.896873 -0.442289 0.000000
    outer loop
      vertex 70.878207 140.112293 0.000000
      vertex 70.785641 140.300000 8.000000
      vertex 70.785641 140.300000 0.000000
    endloop
  endfacet
  facet normal -0.896873 -0.442289 0.000000
    outer loop
      vertex 70.878207 140.112293 0.000000
      vertex 70.878207 140.112293 8.000000
      vertex 70.785641 140.300000 8.000000
    endloop
  endfacet
  facet normal 0.000000 0.000000 1.000000
    outer loop
      vertex 72.633578 140.839392 8.000000
      vertex 72.431089 141.250000 8.000000
      vertex 70.785641 140.300000 8.000000
    endloop
  endfacet
  facet normal 0.000000 0.000000 1.000000
    outer loop
      vertex 72.633578 140.839392 8.000000
      vertex 70.785641 140.300000 8.000000
      vertex 70.878207 140.112293 8.000000
    endloop
  endfacet
  facet normal -0.000000 0.000000 -1.000000
    outer loop
      vertex 72.633578 140.839392 0.000000
      vertex 70.785641 140.300000 0.000000
      vertex 72.431089 141.250000 0.000000
    endloop
  endfacet
  facet normal 0.000000 0.000000 -1.000000
    outer loop
      vertex 72.633578 140.839392 0.000000
      vertex 70.878207 140.112293 0.000000
      vertex 70.785641 140.300000 0.000000
    endloop
  endfacet
  facet normal 0.831470 0.555570 0.000000
    outer loop
      vertex 72.431089 141.250000 0.000000
      vertex 72.176737 141.630665 0.000000
      vertex 72.176737 141.630665 8.000000
    endloop
  endfacet
  facet normal 0.831470 0.555570 -0.000000
    outer loop
      vertex 72.431089 141.250000 0.000000
      vertex 72.176737 141.630665 8.000000
      vertex 72.431089 141.250000 8.000000
    endloop
  endfacet
  facet normal -0.831470 -0.555570 0.000000
    outer loop
      vertex 70.785641 140.300000 0.000000
      vertex 70.669365 140.474018 8.000000
      vertex 70.669365 140.474018 0.000000
    endloop
  endfacet
  facet normal -0.831470 -0.555570 0.000000
    outer loop
      vertex 70.785641 140.300000 0.000000
      vertex 70.785641 140.300000 8.000000
      vertex 70.669365 140.474018 8.000000
    endloop
  endfacet
  facet normal 0.000000 0.000000 1.000000
    outer loop
      vertex 72.431089 141.250000 8.000000
      vertex 72.176737 141.630665 8.000000
      vertex 70.669365 140.474018 8.000000
    endloop
  endfacet
  facet normal 0.000000 0.000000 1.000000
    outer loop
      vertex 72.431089 141.250000 8.000000
      vertex 70.669365 140.474018 8.000000
      vertex 70.785641 140.300000 8.000000
    endloop
  endfacet
  facet normal -0.000000 0.000000 -1.000000
    outer loop
      vertex 72.431089 141.250000 0.000000
      vertex 70.669365 140.474018 0.000000
      vertex 72.176737 141.630665 0.000000
    endloop
  endfacet
  facet normal 0.000000 0.000000 -1.000000
    outer loop
      vertex 72.431089 141.250000 0.000000
      vertex 70.785641 140.300000 0.000000
      vertex 70.669365 140.474018 0.000000
    endloop
  endfacet
  facet normal 0.751840 0.659346 0.000000
    outer loop
      vertex 72.176737 141.630665 0.000000
      vertex 71.874874 141.974874 0.000000
      vertex 71.874874 141.974874 8.000000
    endloop
  endfacet
  facet normal 0.751840 0.659346 -0.000000
    outer loop
      vertex 72.176737 141.630665 0.000000
      vertex 71.874874 141.974874 8.000000
      vertex 72.176737 141.630665 8.000000
    endloop
  endfacet
  facet normal -0.751840 -0.659346 0.000000
    outer loop
      vertex 70.669365 140.474018 0.000000
      vertex 70.531371 140.631371 8.000000
      vertex 70.531371 140.631371 0.000000
    endloop
  endfacet
  facet normal -0.751840 -0.659346 0.000000
    outer loop
      vertex 70.669365 140.474018 0.000000
      vertex 70.669365 140.474018 8.000000
      vertex 70.531371 140.631371 8.000000
    endloop
  endfacet
  facet normal 0.000000 0.000000 1.000000
    outer loop
      vertex 72.176737 141.630665 8.000000
      vertex 71.874874 141.974874 8.000000
      vertex 70.531371 140.631371 8.000000
    endloop
  endfacet
  facet normal 0.000000 0.000000 1.000000
    outer loop
      vertex 72.176737 141.630665 8.000000
      vertex 70.531371 140.631371 8.000000
      vertex 70.669365 140.474018 8.000000
    endloop
  endfacet
  facet normal -0.000000 0.000000 -1.000000
    outer loop
      vertex 72.176737 141.630665 0.000000
      vertex 70.531371 140.631371 0.000000
      vertex 71.874874 141.974874 0.000000
    endloop
  endfacet
  facet normal 0.000000 0.000000 -1.000000
    outer loop
      vertex 72.176737 141.630665 0.000000
      vertex 70.669365 140.474018 0.000000
      vertex 70.531371 140.631371 0.000000
    endloop
  endfacet
  facet normal 0.659346 0.751840 0.000000
    outer loop
      vertex 71.874874 141.974874 0.000000
      vertex 71.530665 142.276737 0.000000
      vertex 71.530665 142.276737 8.000000
    endloop
  endfacet
  facet normal 0.659346 0.751840 -0.000000
    outer loop
      vertex 71.874874 141.974874 0.000000
      vertex 71.530665 142.276737 8.000000
      vertex 71.874874 141.974874 8.000000
    endloop
  endfacet
  facet normal -0.659346 -0.751840 0.000000
    outer loop
      vertex 70.531371 140.631371 0.000000
      vertex 70.374018 140.769365 8.000000
      vertex 70.374018 140.769365 0.000000
    endloop
  endfacet
  facet normal -0.659346 -0.751840 0.000000
    outer loop
      vertex 70.531371 140.631371 0.000000
      vertex 70.531371 140.631371 8.000000
      vertex 70.374018 140.769365 8.000000
    endloop
  endfacet
  facet normal 0.000000 0.000000 1.000000
    outer loop
      vertex 71.874874 141.974874 8.000000
      vertex 71.530665 142.276737 8.000000
      vertex 70.374018 140.769365 8.000000
    endloop
  endfacet
  facet normal 0.000000 0.000000 1.000000
    outer loop
      vertex 71.874874 141.974874 8.000000
      vertex 70.374018 140.769365 8.000000
      vertex 70.531371 140.631371 8.000000
    endloop
  endfacet
  facet normal -0.000000 0.000000 -1.000000
    outer loop
      vertex 71.874874 141.974874 0.000000
      vertex 70.374018 140.769365 0.000000
      vertex 71.530665 142.276737 0.000000
    endloop
  endfacet
  facet normal 0.000000 0.000000 -1.000000
    outer loop
      vertex 71.874874 141.974874 0.000000
      vertex 70.531371 140.631371 0.000000
      vertex 70.374018 140.769365 0.000000
    endloop
  endfacet
  facet normal 0.555570 0.831470 0.000000
    outer loop
      vertex 71.530665 142.276737 0.000000
      vertex 71.150000 142.531089 0.000000
      vertex 71.150000 142.531089 8.000000
    endloop
  endfacet
  facet normal 0.555570 0.831470 -0.000000
    outer loop
      vertex 71.530665 142.276737 0.000000
      vertex 71.150000 142.531089 8.000000
      vertex 71.530665 142.276737 8.000000
    endloop
  endfacet
  facet normal -0.555570 -0.831470 0.000000
    outer loop
      vertex 70.374018 140.769365 0.000000
      vertex 70.200000 140.885641 8.000000
      vertex 70.200000 140.885641 0.000000
    endloop
  endfacet
  facet normal -0.555570 -0.831470 0.000000
    outer loop
      vertex 70.374018 140.769365 0.000000
      vertex 70.374018 140.769365 8.000000
      vertex 70.200000 140.885641 8.000000
    endloop
  endfacet
  facet normal 0.000000 0.000000 1.000000
    outer loop
      vertex 71.530665 142.276737 8.000000
      vertex 71.150000 142.531089 8.000000
      vertex 70.200000 140.885641 8.000000
    endloop
  endfacet
  facet normal 0.000000 0.000000 1.000000
    outer loop
      vertex 71.530665 142.276737 8.000000
      vertex 70.200000 140.885641 8.000000
      vertex 70.374018 140.769365 8.000000
    endloop
  endfacet
  facet normal -0.000000 0.000000 -1.000000
    outer loop
      vertex 71.530665 142.276737 0.000000
      vertex 70.200000 140.885641 0.000000
      vertex 71.150000 142.531089 0.000000
    endloop
  endfacet
  facet normal 0.000000 0.000000 -1.000000
    outer loop
      vertex 71.530665 142.276737 0.000000
      vertex 70.374018 140.769365 0.000000
      vertex 70.200000 140.885641 0.000000
    endloop
  endfacet
  facet normal 0.442289 0.896873 0.000000
    outer loop
      vertex 71.150000 142.531089 0.000000
      vertex 70.739392 142.733578 0.000000
      vertex 70.739392 142.733578 8.000000
    endloop
  endfacet
  facet normal 0.442289 0.896873 -0.000000
    outer loop
      vertex 71.150000 142.531089 0.000000
      vertex 70.739392 142.733578 8.000000
      vertex 71.150000 142.531089 8.000000
    endloop
  endfacet
  facet normal -0.442289 -0.896873 0.000000
    outer loop
      vertex 70.200000 140.885641 0.000000
      vertex 70.012293 140.978207 8.000000
      vertex 70.012293 140.978207 0.000000
    endloop
  endfacet
  facet normal -0.442289 -0.896873 0.000000
    outer loop
      vertex 70.200000 140.885641 0.000000
      vertex 70.200000 140.885641 8.000000
      vertex 70.012293 140.978207 8.000000
    endloop
  endfacet
  facet normal 0.000000 0.000000 1.000000
    outer loop
      vertex 71.150000 142.531089 8.000000
      vertex 70.739392 142.733578 8.000000
      vertex 70.012293 140.978207 8.000000
    endloop
  endfacet
  facet normal 0.000000 0.000000 1.000000
    outer loop
      vertex 71.150000 142.531089 8.000000
      vertex 70.012293 140.978207 8.000000
      vertex 70.200000 140.885641 8.000000
    endloop
  endfacet
  facet normal -0.000000 0.000000 -1.000000
    outer loop
      vertex 71.150000 142.531089 0.000000
      vertex 70.012293 140.978207 0.000000
      vertex 70.739392 142.733578 0.000000
    endloop
  endfacet
  facet normal 0.000000 0.000000 -1.000000
    outer loop
      vertex 71.150000 142.531089 0.000000
      vertex 70.200000 140.885641 0.000000
      vertex 70.012293 140.978207 0.000000
    endloop
  endfacet
  facet normal 0.321439 0.946930 0.000000
    outer loop
      vertex 70.739392 142.733578 0.000000
      vertex 70.305867 142.880740 0.000000
      vertex 70.305867 142.880740 8.000000
    endloop
  endfacet
  facet normal 0.321439 0.946930 -0.000000
    outer loop
      vertex 70.739392 142.733578 0.000000
      vertex 70.305867 142.880740 8.000000
      vertex 70.739392 142.733578 8.000000
    endloop
  endfacet
  facet normal -0.321439 -0.946930 0.000000
    outer loop
      vertex 70.012293 140.978207 0.000000
      vertex 69.814110 141.045481 8.000000
      vertex 69.814110 141.045481 0.000000
    endloop
  endfacet
  facet normal -0.321439 -0.946930 0.000000
    outer loop
      vertex 70.012293 140.978207 0.000000
      vertex 70.012293 140.978207 8.000000
      vertex 69.814110 141.045481 8.000000
    endloop
  endfacet
  facet normal 0.000000 0.000000 1.000000
    outer loop
      vertex 70.739392 142.733578 8.000000
      vertex 70.305867 142.880740 8.000000
      vertex 69.814110 141.045481 8.000000
    endloop
  endfacet
  facet normal 0.000000 0.000000 1.000000
    outer loop
      vertex 70.739392 142.733578 8.000000
      vertex 69.814110 141.045481 8.000000
      vertex 70.012293 140.978207 8.000000
    endloop
  endfacet
  facet normal -0.000000 0.000000 -1.000000
    outer loop
      vertex 70.739392 142.733578 0.000000
      vertex 69.814110 141.045481 0.000000
      vertex 70.305867 142.880740 0.000000
    endloop
  endfacet
  facet normal 0.000000 0.000000 -1.000000
    outer loop
      vertex 70.739392 142.733578 0.000000
      vertex 70.012293 140.978207 0.000000
      vertex 69.814110 141.045481 0.000000
    endloop
  endfacet
  facet normal 0.195090 0.980785 0.000000
    outer loop
      vertex 70.305867 142.880740 0.000000
      vertex 69.856842 142.970057 0.000000
      vertex 69.856842 142.970057 8.000000
    endloop
  endfacet
  facet normal 0.195090 0.980785 -0.000000
    outer loop
      vertex 70.305867 142.880740 0.000000
      vertex 69.856842 142.970057 8.000000
      vertex 70.305867 142.880740 8.000000
    endloop
  endfacet
  facet normal -0.195090 -0.980785 0.000000
    outer loop
      vertex 69.814110 141.045481 0.000000
      vertex 69.608842 141.086312 8.000000
      vertex 69.608842 141.086312 0.000000
    endloop
  endfacet
  facet normal -0.195090 -0.980785 0.000000
    outer loop
      vertex 69.814110 141.045481 0.000000
      vertex 69.814110 141.045481 8.000000
      vertex 69.608842 141.086312 8.000000
    endloop
  endfacet
  facet normal 0.000000 0.000000 1.000000
    outer loop
      vertex 70.305867 142.880740 8.000000
      vertex 69.856842 142.970057 8.000000
      vertex 69.608842 141.086312 8.000000
    endloop
  endfacet
  facet normal 0.000000 0.000000 1.000000
    outer loop
      vertex 70.305867 142.880740 8.000000
      vertex 69.608842 141.086312 8.000000
      vertex 69.814110 141.045481 8.000000
    endloop
  endfacet
  facet normal -0.000000 0.000000 -1.000000
    outer loop
      vertex 70.305867 142.880740 0.000000
      vertex 69.608842 141.086312 0.000000
      vertex 69.856842 142.970057 0.000000
    endloop
  endfacet
  facet normal 0.000000 0.000000 -1.000000
    outer loop
      vertex 70.305867 142.880740 0.000000
      vertex 69.814110 141.045481 0.000000
      vertex 69.608842 141.086312 0.000000
    endloop
  endfacet
  facet normal 0.065403 0.997859 0.000000
    outer loop
      vertex 69.856842 142.970057 0.000000
      vertex 69.400000 143.000000 0.000000
      vertex 69.400000 143.000000 8.000000
    endloop
  endfacet
  facet normal 0.065403 0.997859 -0.000000
    outer loop
      vertex 69.856842 142.970057 0.000000
      vertex 69.400000 143.000000 8.000000
      vertex 69.856842 142.970057 8.000000
    endloop
  endfacet
  facet normal -0.065403 -0.997859 0.000000
    outer loop
      vertex 69.608842 141.086312 0.000000
      vertex 69.400000 141.100000 8.000000
      vertex 69.400000 141.100000 0.000000
    endloop
  endfacet
  facet normal -0.065403 -0.997859 0.000000
    outer loop
      vertex 69.608842 141.086312 0.000000
      vertex 69.608842 141.086312 8.000000
      vertex 69.400000 141.100000 8.000000
    endloop
  endfacet
  facet normal 0.000000 0.000000 1.000000
    outer loop
      vertex 69.856842 142.970057 8.000000
      vertex 69.400000 143.000000 8.000000
      vertex 69.400000 141.100000 8.000000
    endloop
  endfacet
  facet normal 0.000000 0.000000 1.000000
    outer loop
      vertex 69.856842 142.970057 8.000000
      vertex 69.400000 141.100000 8.000000
      vertex 69.608842 141.086312 8.000000
    endloop
  endfacet
  facet normal -0.000000 0.000000 -1.000000
    outer loop
      vertex 69.856842 142.970057 0.000000
      vertex 69.400000 141.100000 0.000000
      vertex 69.400000 143.000000 0.000000
    endloop
  endfacet
  facet normal 0.000000 0.000000 -1.000000
    outer loop
      vertex 69.856842 142.970057 0.000000
      vertex 69.608842 141.086312 0.000000
      vertex 69.400000 141.100000 0.000000
    endloop
  endfacet
  facet normal -0.065403 0.997859 0.000000
    outer loop
      vertex 69.400000 143.000000 0.000000
      vertex 68.943158 142.970057 0.000000
      vertex 68.943158 142.970057 8.000000
    endloop
  endfacet
  facet normal -0.065403 0.997859 0.000000
    outer loop
      vertex 69.400000 143.000000 0.000000
      vertex 68.943158 142.970057 8.000000
      vertex 69.400000 143.000000 8.000000
    endloop
  endfacet
  facet normal 0.065403 -0.997859 0.000000
    outer loop
      vertex 69.400000 141.100000 0.000000
      vertex 69.191158 141.086312 8.000000
      vertex 69.191158 141.086312 0.000000
    endloop
  endfacet
  facet normal 0.065403 -0.997859 0.000000
    outer loop
      vertex 69.400000 141.100000 0.000000
      vertex 69.400000 141.100000 8.000000
      vertex 69.191158 141.086312 8.000000
    endloop
  endfacet
  facet normal 0.000000 0.000000 1.000000
    outer loop
      vertex 69.400000 143.000000 8.000000
      vertex 68.943158 142.970057 8.000000
      vertex 69.191158 141.086312 8.000000
    endloop
  endfacet
  facet normal 0.000000 0.000000 1.000000
    outer loop
      vertex 69.400000 143.000000 8.000000
      vertex 69.191158 141.086312 8.000000
      vertex 69.400000 141.100000 8.000000
    endloop
  endfacet
  facet normal 0.000000 0.000000 -1.000000
    outer loop
      vertex 69.400000 143.000000 0.000000
      vertex 69.191158 141.086312 0.000000
      vertex 68.943158 142.970057 0.000000
    endloop
  endfacet
  facet normal 0.000000 -0.000000 -1.000000
    outer loop
      vertex 69.400000 143.000000 0.000000
      vertex 69.400000 141.100000 0.000000
      vertex 69.191158 141.086312 0.000000
    endloop
  endfacet
  facet normal -0.195090 0.980785 0.000000
    outer loop
      vertex 68.943158 142.970057 0.000000
      vertex 68.494133 142.880740 0.000000
      vertex 68.494133 142.880740 8.000000
    endloop
  endfacet
  facet normal -0.195090 0.980785 0.000000
    outer loop
      vertex 68.943158 142.970057 0.000000
      vertex 68.494133 142.880740 8.000000
      vertex 68.943158 142.970057 8.000000
    endloop
  endfacet
  facet normal 0.195090 -0.980785 0.000000
    outer loop
      vertex 69.191158 141.086312 0.000000
      vertex 68.985890 141.045481 8.000000
      vertex 68.985890 141.045481 0.000000
    endloop
  endfacet
  facet normal 0.195090 -0.980785 0.000000
    outer loop
      vertex 69.191158 141.086312 0.000000
      vertex 69.191158 141.086312 8.000000
      vertex 68.985890 141.045481 8.000000
    endloop
  endfacet
  facet normal 0.000000 0.000000 1.000000
    outer loop
      vertex 68.943158 142.970057 8.000000
      vertex 68.494133 142.880740 8.000000
      vertex 68.985890 141.045481 8.000000
    endloop
  endfacet
  facet normal 0.000000 0.000000 1.000000
    outer loop
      vertex 68.943158 142.970057 8.000000
      vertex 68.985890 141.045481 8.000000
      vertex 69.191158 141.086312 8.000000
    endloop
  endfacet
  facet normal 0.000000 -0.000000 -1.000000
    outer loop
      vertex 68.943158 142.970057 0.000000
      vertex 68.985890 141.045481 0.000000
      vertex 68.494133 142.880740 0.000000
    endloop
  endfacet
  facet normal 0.000000 0.000000 -1.000000
    outer loop
      vertex 68.943158 142.970057 0.000000
      vertex 69.191158 141.086312 0.000000
      vertex 68.985890 141.045481 0.000000
    endloop
  endfacet
  facet normal -0.321439 0.946930 0.000000
    outer loop
      vertex 68.494133 142.880740 0.000000
      vertex 68.060608 142.733578 0.000000
      vertex 68.060608 142.733578 8.000000
    endloop
  endfacet
  facet normal -0.321439 0.946930 0.000000
    outer loop
      vertex 68.494133 142.880740 0.000000
      vertex 68.060608 142.733578 8.000000
      vertex 68.494133 142.880740 8.000000
    endloop
  endfacet
  facet normal 0.321439 -0.946930 0.000000
    outer loop
      vertex 68.985890 141.045481 0.000000
      vertex 68.787707 140.978207 8.000000
      vertex 68.787707 140.978207 0.000000
    endloop
  endfacet
  facet normal 0.321439 -0.946930 0.000000
    outer loop
      vertex 68.985890 141.045481 0.000000
      vertex 68.985890 141.045481 8.000000
      vertex 68.787707 140.978207 8.000000
    endloop
  endfacet
  facet normal 0.000000 0.000000 1.000000
    outer loop
      vertex 68.494133 142.880740 8.000000
      vertex 68.060608 142.733578 8.000000
      vertex 68.787707 140.978207 8.000000
    endloop
  endfacet
  facet normal 0.000000 0.000000 1.000000
    outer loop
      vertex 68.494133 142.880740 8.000000
      vertex 68.787707 140.978207 8.000000
      vertex 68.985890 141.045481 8.000000
    endloop
  endfacet
  facet normal 0.000000 -0.000000 -1.000000
    outer loop
      vertex 68.494133 142.880740 0.000000
      vertex 68.787707 140.978207 0.000000
      vertex 68.060608 142.733578 0.000000
    endloop
  endfacet
  facet normal 0.000000 0.000000 -1.000000
    outer loop
      vertex 68.494133 142.880740 0.000000
      vertex 68.985890 141.045481 0.000000
      vertex 68.787707 140.978207 0.000000
    endloop
  endfacet
  facet normal -0.442289 0.896873 0.000000
    outer loop
      vertex 68.060608 142.733578 0.000000
      vertex 67.650000 142.531089 0.000000
      vertex 67.650000 142.531089 8.000000
    endloop
  endfacet
  facet normal -0.442289 0.896873 0.000000
    outer loop
      vertex 68.060608 142.733578 0.000000
      vertex 67.650000 142.531089 8.000000
      vertex 68.060608 142.733578 8.000000
    endloop
  endfacet
  facet normal 0.442289 -0.896873 0.000000
    outer loop
      vertex 68.787707 140.978207 0.000000
      vertex 68.600000 140.885641 8.000000
      vertex 68.600000 140.885641 0.000000
    endloop
  endfacet
  facet normal 0.442289 -0.896873 0.000000
    outer loop
      vertex 68.787707 140.978207 0.000000
      vertex 68.787707 140.978207 8.000000
      vertex 68.600000 140.885641 8.000000
    endloop
  endfacet
  facet normal 0.000000 0.000000 1.000000
    outer loop
      vertex 68.060608 142.733578 8.000000
      vertex 67.650000 142.531089 8.000000
      vertex 68.600000 140.885641 8.000000
    endloop
  endfacet
  facet normal 0.000000 0.000000 1.000000
    outer loop
      vertex 68.060608 142.733578 8.000000
      vertex 68.600000 140.885641 8.000000
      vertex 68.787707 140.978207 8.000000
    endloop
  endfacet
  facet normal 0.000000 -0.000000 -1.000000
    outer loop
      vertex 68.060608 142.733578 0.000000
      vertex 68.600000 140.885641 0.000000
      vertex 67.650000 142.531089 0.000000
    endloop
  endfacet
  facet normal 0.000000 0.000000 -1.000000
    outer loop
      vertex 68.060608 142.733578 0.000000
      vertex 68.787707 140.978207 0.000000
      vertex 68.600000 140.885641 0.000000
    endloop
  endfacet
  facet normal -0.555570 0.831470 0.000000
    outer loop
      vertex 67.650000 142.531089 0.000000
      vertex 67.269335 142.276737 0.000000
      vertex 67.269335 142.276737 8.000000
    endloop
  endfacet
  facet normal -0.555570 0.831470 0.000000
    outer loop
      vertex 67.650000 142.531089 0.000000
      vertex 67.269335 142.276737 8.000000
      vertex 67.650000 142.531089 8.000000
    endloop
  endfacet
  facet normal 0.555570 -0.831470 0.000000
    outer loop
      vertex 68.600000 140.885641 0.000000
      vertex 68.425982 140.769365 8.000000
      vertex 68.425982 140.769365 0.000000
    endloop
  endfacet
  facet normal 0.555570 -0.831470 0.000000
    outer loop
      vertex 68.600000 140.885641 0.000000
      vertex 68.600000 140.885641 8.000000
      vertex 68.425982 140.769365 8.000000
    endloop
  endfacet
  facet normal 0.000000 0.000000 1.000000
    outer loop
      vertex 67.650000 142.531089 8.000000
      vertex 67.269335 142.276737 8.000000
      vertex 68.425982 140.769365 8.000000
    endloop
  endfacet
  facet normal 0.000000 0.000000 1.000000
    outer loop
      vertex 67.650000 142.531089 8.000000
      vertex 68.425982 140.769365 8.000000
      vertex 68.600000 140.885641 8.000000
    endloop
  endfacet
  facet normal 0.000000 -0.000000 -1.000000
    outer loop
      vertex 67.650000 142.531089 0.000000
      vertex 68.425982 140.769365 0.000000
      vertex 67.269335 142.276737 0.000000
    endloop
  endfacet
  facet normal 0.000000 0.000000 -1.000000
    outer loop
      vertex 67.650000 142.531089 0.000000
      vertex 68.600000 140.885641 0.000000
      vertex 68.425982 140.769365 0.000000
    endloop
  endfacet
  facet normal -0.659346 0.751840 0.000000
    outer loop
      vertex 67.269335 142.276737 0.000000
      vertex 66.925126 141.974874 0.000000
      vertex 66.925126 141.974874 8.000000
    endloop
  endfacet
  facet normal -0.659346 0.751840 0.000000
    outer loop
      vertex 67.269335 142.276737 0.000000
      vertex 66.925126 141.974874 8.000000
      vertex 67.269335 142.276737 8.000000
    endloop
  endfacet
  facet normal 0.659346 -0.751840 0.000000
    outer loop
      vertex 68.425982 140.769365 0.000000
      vertex 68.268629 140.631371 8.000000
      vertex 68.268629 140.631371 0.000000
    endloop
  endfacet
  facet normal 0.659346 -0.751840 0.000000
    outer loop
      vertex 68.425982 140.769365 0.000000
      vertex 68.425982 140.769365 8.000000
      vertex 68.268629 140.631371 8.000000
    endloop
  endfacet
  facet normal 0.000000 0.000000 1.000000
    outer loop
      vertex 67.269335 142.276737 8.000000
      vertex 66.925126 141.974874 8.000000
      vertex 68.268629 140.631371 8.000000
    endloop
  endfacet
  facet normal 0.000000 0.000000 1.000000
    outer loop
      vertex 67.269335 142.276737 8.000000
      vertex 68.268629 140.631371 8.000000
      vertex 68.425982 140.769365 8.000000
    endloop
  endfacet
  facet normal 0.000000 -0.000000 -1.000000
    outer loop
      vertex 67.269335 142.276737 0.000000
      vertex 68.268629 140.631371 0.000000
      vertex 66.925126 141.974874 0.000000
    endloop
  endfacet
  facet normal 0.000000 0.000000 -1.000000
    outer loop
      vertex 67.269335 142.276737 0.000000
      vertex 68.425982 140.769365 0.000000
      vertex 68.268629 140.631371 0.000000
    endloop
  endfacet
  facet normal -0.751840 0.659346 0.000000
    outer loop
      vertex 66.925126 141.974874 0.000000
      vertex 66.623263 141.630665 0.000000
      vertex 66.623263 141.630665 8.000000
    endloop
  endfacet
  facet normal -0.751840 0.659346 0.000000
    outer loop
      vertex 66.925126 141.974874 0.000000
      vertex 66.623263 141.630665 8.000000
      vertex 66.925126 141.974874 8.000000
    endloop
  endfacet
  facet normal 0.751840 -0.659346 0.000000
    outer loop
      vertex 68.268629 140.631371 0.000000
      vertex 68.130635 140.474018 8.000000
      vertex 68.130635 140.474018 0.000000
    endloop
  endfacet
  facet normal 0.751840 -0.659346 0.000000
    outer loop
      vertex 68.268629 140.631371 0.000000
      vertex 68.268629 140.631371 8.000000
      vertex 68.130635 140.474018 8.000000
    endloop
  endfacet
  facet normal 0.000000 0.000000 1.000000
    outer loop
      vertex 66.925126 141.974874 8.000000
      vertex 66.623263 141.630665 8.000000
      vertex 68.130635 140.474018 8.000000
    endloop
  endfacet
  facet normal 0.000000 0.000000 1.000000
    outer loop
      vertex 66.925126 141.974874 8.000000
      vertex 68.130635 140.474018 8.000000
      vertex 68.268629 140.631371 8.000000
    endloop
  endfacet
  facet normal 0.000000 -0.000000 -1.000000
    outer loop
      vertex 66.925126 141.974874 0.000000
      vertex 68.130635 140.474018 0.000000
      vertex 66.623263 141.630665 0.000000
    endloop
  endfacet
  facet normal 0.000000 0.000000 -1.000000
    outer loop
      vertex 66.925126 141.974874 0.000000
      vertex 68.268629 140.631371 0.000000
      vertex 68.130635 140.474018 0.000000
    endloop
  endfacet
  facet normal -0.831470 0.555570 0.000000
    outer loop
      vertex 66.623263 141.630665 0.000000
      vertex 66.368911 141.250000 0.000000
      vertex 66.368911 141.250000 8.000000
    endloop
  endfacet
  facet normal -0.831470 0.555570 0.000000
    outer loop
      vertex 66.623263 141.630665 0.000000
      vertex 66.368911 141.250000 8.000000
      vertex 66.623263 141.630665 8.000000
    endloop
  endfacet
  facet normal 0.831470 -0.555570 0.000000
    outer loop
      vertex 68.130635 140.474018 0.000000
      vertex 68.014359 140.300000 8.000000
      vertex 68.014359 140.300000 0.000000
    endloop
  endfacet
  facet normal 0.831470 -0.555570 0.000000
    outer loop
      vertex 68.130635 140.474018 0.000000
      vertex 68.130635 140.474018 8.000000
      vertex 68.014359 140.300000 8.000000
    endloop
  endfacet
  facet normal 0.000000 0.000000 1.000000
    outer loop
      vertex 66.623263 141.630665 8.000000
      vertex 66.368911 141.250000 8.000000
      vertex 68.014359 140.300000 8.000000
    endloop
  endfacet
  facet normal 0.000000 0.000000 1.000000
    outer loop
      vertex 66.623263 141.630665 8.000000
      vertex 68.014359 140.300000 8.000000
      vertex 68.130635 140.474018 8.000000
    endloop
  endfacet
  facet normal 0.000000 -0.000000 -1.000000
    outer loop
      vertex 66.623263 141.630665 0.000000
      vertex 68.014359 140.300000 0.000000
      vertex 66.368911 141.250000 0.000000
    endloop
  endfacet
  facet normal 0.000000 0.000000 -1.000000
    outer loop
      vertex 66.623263 141.630665 0.000000
      vertex 68.130635 140.474018 0.000000
      vertex 68.014359 140.300000 0.000000
    endloop
  endfacet
  facet normal -0.896873 0.442289 0.000000
    outer loop
      vertex 66.368911 141.250000 0.000000
      vertex 66.166422 140.839392 0.000000
      vertex 66.166422 140.839392 8.000000
    endloop
  endfacet
  facet normal -0.896873 0.442289 0.000000
    outer loop
      vertex 66.368911 141.250000 0.000000
      vertex 66.166422 140.839392 8.000000
      vertex 66.368911 141.250000 8.000000
    endloop
  endfacet
  facet normal 0.896873 -0.442289 0.000000
    outer loop
      vertex 68.014359 140.300000 0.000000
      vertex 67.921793 140.112293 8.000000
      vertex 67.921793 140.112293 0.000000
    endloop
  endfacet
  facet normal 0.896873 -0.442289 0.000000
    outer loop
      vertex 68.014359 140.300000 0.000000
      vertex 68.014359 140.300000 8.000000
      vertex 67.921793 140.112293 8.000000
    endloop
  endfacet
  facet normal 0.000000 0.000000 1.000000
    outer loop
      vertex 66.368911 141.250000 8.000000
      vertex 66.166422 140.839392 8.000000
      vertex 67.921793 140.112293 8.000000
    endloop
  endfacet
  facet normal 0.000000 0.000000 1.000000
    outer loop
      vertex 66.368911 141.250000 8.000000
      vertex 67.921793 140.112293 8.000000
      vertex 68.014359 140.300000 8.000000
    endloop
  endfacet
  facet normal 0.000000 -0.000000 -1.000000
    outer loop
      vertex 66.368911 141.250000 0.000000
      vertex 67.921793 140.112293 0.000000
      vertex 66.166422 140.839392 0.000000
    endloop
  endfacet
  facet normal 0.000000 0.000000 -1.000000
    outer loop
      vertex 66.368911 141.250000 0.000000
      vertex 68.014359 140.300000 0.000000
      vertex 67.921793 140.112293 0.000000
    endloop
  endfacet
  facet normal -0.946930 0.321439 0.000000
    outer loop
      vertex 66.166422 140.839392 0.000000
      vertex 66.019260 140.405867 0.000000
      vertex 66.019260 140.405867 8.000000
    endloop
  endfacet
  facet normal -0.946930 0.321439 0.000000
    outer loop
      vertex 66.166422 140.839392 0.000000
      vertex 66.019260 140.405867 8.000000
      vertex 66.166422 140.839392 8.000000
    endloop
  endfacet
  facet normal 0.946930 -0.321439 0.000000
    outer loop
      vertex 67.921793 140.112293 0.000000
      vertex 67.854519 139.914110 8.000000
      vertex 67.854519 139.914110 0.000000
    endloop
  endfacet
  facet normal 0.946930 -0.321439 0.000000
    outer loop
      vertex 67.921793 140.112293 0.000000
      vertex 67.921793 140.112293 8.000000
      vertex 67.854519 139.914110 8.000000
    endloop
  endfacet
  facet normal 0.000000 0.000000 1.000000
    outer loop
      vertex 66.166422 140.839392 8.000000
      vertex 66.019260 140.405867 8.000000
      vertex 67.854519 139.914110 8.000000
    endloop
  endfacet
  facet normal 0.000000 0.000000 1.000000
    outer loop
      vertex 66.166422 140.839392 8.000000
      vertex 67.854519 139.914110 8.000000
      vertex 67.921793 140.112293 8.000000
    endloop
  endfacet
  facet normal 0.000000 -0.000000 -1.000000
    outer loop
      vertex 66.166422 140.839392 0.000000
      vertex 67.854519 139.914110 0.000000
      vertex 66.019260 140.405867 0.000000
    endloop
  endfacet
  facet normal 0.000000 0.000000 -1.000000
    outer loop
      vertex 66.166422 140.839392 0.000000
      vertex 67.921793 140.112293 0.000000
      vertex 67.854519 139.914110 0.000000
    endloop
  endfacet
  facet normal -0.980785 0.195090 0.000000
    outer loop
      vertex 66.019260 140.405867 0.000000
      vertex 65.929943 139.956842 0.000000
      vertex 65.929943 139.956842 8.000000
    endloop
  endfacet
  facet normal -0.980785 0.195090 0.000000
    outer loop
      vertex 66.019260 140.405867 0.000000
      vertex 65.929943 139.956842 8.000000
      vertex 66.019260 140.405867 8.000000
    endloop
  endfacet
  facet normal 0.980785 -0.195090 0.000000
    outer loop
      vertex 67.854519 139.914110 0.000000
      vertex 67.813688 139.708842 8.000000
      vertex 67.813688 139.708842 0.000000
    endloop
  endfacet
  facet normal 0.980785 -0.195090 0.000000
    outer loop
      vertex 67.854519 139.914110 0.000000
      vertex 67.854519 139.914110 8.000000
      vertex 67.813688 139.708842 8.000000
    endloop
  endfacet
  facet normal 0.000000 0.000000 1.000000
    outer loop
      vertex 66.019260 140.405867 8.000000
      vertex 65.929943 139.956842 8.000000
      vertex 67.813688 139.708842 8.000000
    endloop
  endfacet
  facet normal 0.000000 0.000000 1.000000
    outer loop
      vertex 66.019260 140.405867 8.000000
      vertex 67.813688 139.708842 8.000000
      vertex 67.854519 139.914110 8.000000
    endloop
  endfacet
  facet normal 0.000000 -0.000000 -1.000000
    outer loop
      vertex 66.019260 140.405867 0.000000
      vertex 67.813688 139.708842 0.000000
      vertex 65.929943 139.956842 0.000000
    endloop
  endfacet
  facet normal 0.000000 0.000000 -1.000000
    outer loop
      vertex 66.019260 140.405867 0.000000
      vertex 67.854519 139.914110 0.000000
      vertex 67.813688 139.708842 0.000000
    endloop
  endfacet
  facet normal -0.997859 0.065403 0.000000
    outer loop
      vertex 65.929943 139.956842 0.000000
      vertex 65.900000 139.500000 0.000000
      vertex 65.900000 139.500000 8.000000
    endloop
  endfacet
  facet normal -0.997859 0.065403 0.000000
    outer loop
      vertex 65.929943 139.956842 0.000000
      vertex 65.900000 139.500000 8.000000
      vertex 65.929943 139.956842 8.000000
    endloop
  endfacet
  facet normal 0.997859 -0.065403 0.000000
    outer loop
      vertex 67.813688 139.708842 0.000000
      vertex 67.800000 139.500000 8.000000
      vertex 67.800000 139.500000 0.000000
    endloop
  endfacet
  facet normal 0.997859 -0.065403 0.000000
    outer loop
      vertex 67.813688 139.708842 0.000000
      vertex 67.813688 139.708842 8.000000
      vertex 67.800000 139.500000 8.000000
    endloop
  endfacet
  facet normal 0.000000 0.000000 1.000000
    outer loop
      vertex 65.929943 139.956842 8.000000
      vertex 65.900000 139.500000 8.000000
      vertex 67.800000 139.500000 8.000000
    endloop
  endfacet
  facet normal 0.000000 0.000000 1.000000
    outer loop
      vertex 65.929943 139.956842 8.000000
      vertex 67.800000 139.500000 8.000000
      vertex 67.813688 139.708842 8.000000
    endloop
  endfacet
  facet normal 0.000000 -0.000000 -1.000000
    outer loop
      vertex 65.929943 139.956842 0.000000
      vertex 67.800000 139.500000 0.000000
      vertex 65.900000 139.500000 0.000000
    endloop
  endfacet
  facet normal 0.000000 0.000000 -1.000000
    outer loop
      vertex 65.929943 139.956842 0.000000
      vertex 67.813688 139.708842 0.000000
      vertex 67.800000 139.500000 0.000000
    endloop
  endfacet
  facet normal -0.997859 -0.065403 0.000000
    outer loop
      vertex 65.900000 139.500000 0.000000
      vertex 65.929943 139.043158 0.000000
      vertex 65.929943 139.043158 8.000000
    endloop
  endfacet
  facet normal -0.997859 -0.065403 0.000000
    outer loop
      vertex 65.900000 139.500000 0.000000
      vertex 65.929943 139.043158 8.000000
      vertex 65.900000 139.500000 8.000000
    endloop
  endfacet
  facet normal 0.997859 0.065403 0.000000
    outer loop
      vertex 67.800000 139.500000 0.000000
      vertex 67.813688 139.291158 8.000000
      vertex 67.813688 139.291158 0.000000
    endloop
  endfacet
  facet normal 0.997859 0.065403 -0.000000
    outer loop
      vertex 67.800000 139.500000 0.000000
      vertex 67.800000 139.500000 8.000000
      vertex 67.813688 139.291158 8.000000
    endloop
  endfacet
  facet normal 0.000000 0.000000 1.000000
    outer loop
      vertex 65.900000 139.500000 8.000000
      vertex 65.929943 139.043158 8.000000
      vertex 67.813688 139.291158 8.000000
    endloop
  endfacet
  facet normal -0.000000 0.000000 1.000000
    outer loop
      vertex 65.900000 139.500000 8.000000
      vertex 67.813688 139.291158 8.000000
      vertex 67.800000 139.500000 8.000000
    endloop
  endfacet
  facet normal 0.000000 0.000000 -1.000000
    outer loop
      vertex 65.900000 139.500000 0.000000
      vertex 67.813688 139.291158 0.000000
      vertex 65.929943 139.043158 0.000000
    endloop
  endfacet
  facet normal 0.000000 0.000000 -1.000000
    outer loop
      vertex 65.900000 139.500000 0.000000
      vertex 67.800000 139.500000 0.000000
      vertex 67.813688 139.291158 0.000000
    endloop
  endfacet
  facet normal -0.980785 -0.195090 0.000000
    outer loop
      vertex 65.929943 139.043158 0.000000
      vertex 66.019260 138.594133 0.000000
      vertex 66.019260 138.594133 8.000000
    endloop
  endfacet
  facet normal -0.980785 -0.195090 0.000000
    outer loop
      vertex 65.929943 139.043158 0.000000
      vertex 66.019260 138.594133 8.000000
      vertex 65.929943 139.043158 8.000000
    endloop
  endfacet
  facet normal 0.980785 0.195090 0.000000
    outer loop
      vertex 67.813688 139.291158 0.000000
      vertex 67.854519 139.085890 8.000000
      vertex 67.854519 139.085890 0.000000
    endloop
  endfacet
  facet normal 0.980785 0.195090 -0.000000
    outer loop
      vertex 67.813688 139.291158 0.000000
      vertex 67.813688 139.291158 8.000000
      vertex 67.854519 139.085890 8.000000
    endloop
  endfacet
  facet normal -0.000000 0.000000 1.000000
    outer loop
      vertex 65.929943 139.043158 8.000000
      vertex 66.019260 138.594133 8.000000
      vertex 67.854519 139.085890 8.000000
    endloop
  endfacet
  facet normal 0.000000 0.000000 1.000000
    outer loop
      vertex 65.929943 139.043158 8.000000
      vertex 67.854519 139.085890 8.000000
      vertex 67.813688 139.291158 8.000000
    endloop
  endfacet
  facet normal 0.000000 0.000000 -1.000000
    outer loop
      vertex 65.929943 139.043158 0.000000
      vertex 67.854519 139.085890 0.000000
      vertex 66.019260 138.594133 0.000000
    endloop
  endfacet
  facet normal 0.000000 0.000000 -1.000000
    outer loop
      vertex 65.929943 139.043158 0.000000
      vertex 67.813688 139.291158 0.000000
      vertex 67.854519 139.085890 0.000000
    endloop
  endfacet
  facet normal -0.946930 -0.321439 0.000000
    outer loop
      vertex 66.019260 138.594133 0.000000
      vertex 66.166422 138.160608 0.000000
      vertex 66.166422 138.160608 8.000000
    endloop
  endfacet
  facet normal -0.946930 -0.321439 0.000000
    outer loop
      vertex 66.019260 138.594133 0.000000
      vertex 66.166422 138.160608 8.000000
      vertex 66.019260 138.594133 8.000000
    endloop
  endfacet
  facet normal 0.946930 0.321439 0.000000
    outer loop
      vertex 67.854519 139.085890 0.000000
      vertex 67.921793 138.887707 8.000000
      vertex 67.921793 138.887707 0.000000
    endloop
  endfacet
  facet normal 0.946930 0.321439 -0.000000
    outer loop
      vertex 67.854519 139.085890 0.000000
      vertex 67.854519 139.085890 8.000000
      vertex 67.921793 138.887707 8.000000
    endloop
  endfacet
  facet normal -0.000000 0.000000 1.000000
    outer loop
      vertex 66.019260 138.594133 8.000000
      vertex 66.166422 138.160608 8.000000
      vertex 67.921793 138.887707 8.000000
    endloop
  endfacet
  facet normal 0.000000 0.000000 1.000000
    outer loop
      vertex 66.019260 138.594133 8.000000
      vertex 67.921793 138.887707 8.000000
      vertex 67.854519 139.085890 8.000000
    endloop
  endfacet
  facet normal 0.000000 0.000000 -1.000000
    outer loop
      vertex 66.019260 138.594133 0.000000
      vertex 67.921793 138.887707 0.000000
      vertex 66.166422 138.160608 0.000000
    endloop
  endfacet
  facet normal 0.000000 0.000000 -1.000000
    outer loop
      vertex 66.019260 138.594133 0.000000
      vertex 67.854519 139.085890 0.000000
      vertex 67.921793 138.887707 0.000000
    endloop
  endfacet
  facet normal -0.896873 -0.442289 0.000000
    outer loop
      vertex 66.166422 138.160608 0.000000
      vertex 66.368911 137.750000 0.000000
      vertex 66.368911 137.750000 8.000000
    endloop
  endfacet
  facet normal -0.896873 -0.442289 0.000000
    outer loop
      vertex 66.166422 138.160608 0.000000
      vertex 66.368911 137.750000 8.000000
      vertex 66.166422 138.160608 8.000000
    endloop
  endfacet
  facet normal 0.896873 0.442289 0.000000
    outer loop
      vertex 67.921793 138.887707 0.000000
      vertex 68.014359 138.700000 8.000000
      vertex 68.014359 138.700000 0.000000
    endloop
  endfacet
  facet normal 0.896873 0.442289 -0.000000
    outer loop
      vertex 67.921793 138.887707 0.000000
      vertex 67.921793 138.887707 8.000000
      vertex 68.014359 138.700000 8.000000
    endloop
  endfacet
  facet normal -0.000000 0.000000 1.000000
    outer loop
      vertex 66.166422 138.160608 8.000000
      vertex 66.368911 137.750000 8.000000
      vertex 68.014359 138.700000 8.000000
    endloop
  endfacet
  facet normal 0.000000 0.000000 1.000000
    outer loop
      vertex 66.166422 138.160608 8.000000
      vertex 68.014359 138.700000 8.000000
      vertex 67.921793 138.887707 8.000000
    endloop
  endfacet
  facet normal 0.000000 0.000000 -1.000000
    outer loop
      vertex 66.166422 138.160608 0.000000
      vertex 68.014359 138.700000 0.000000
      vertex 66.368911 137.750000 0.000000
    endloop
  endfacet
  facet normal 0.000000 0.000000 -1.000000
    outer loop
      vertex 66.166422 138.160608 0.000000
      vertex 67.921793 138.887707 0.000000
      vertex 68.014359 138.700000 0.000000
    endloop
  endfacet
  facet normal -0.831470 -0.555570 0.000000
    outer loop
      vertex 66.368911 137.750000 0.000000
      vertex 66.623263 137.369335 0.000000
      vertex 66.623263 137.369335 8.000000
    endloop
  endfacet
  facet normal -0.831470 -0.555570 0.000000
    outer loop
      vertex 66.368911 137.750000 0.000000
      vertex 66.623263 137.369335 8.000000
      vertex 66.368911 137.750000 8.000000
    endloop
  endfacet
  facet normal 0.831470 0.555570 0.000000
    outer loop
      vertex 68.014359 138.700000 0.000000
      vertex 68.130635 138.525982 8.000000
      vertex 68.130635 138.525982 0.000000
    endloop
  endfacet
  facet normal 0.831470 0.555570 -0.000000
    outer loop
      vertex 68.014359 138.700000 0.000000
      vertex 68.014359 138.700000 8.000000
      vertex 68.130635 138.525982 8.000000
    endloop
  endfacet
  facet normal -0.000000 0.000000 1.000000
    outer loop
      vertex 66.368911 137.750000 8.000000
      vertex 66.623263 137.369335 8.000000
      vertex 68.130635 138.525982 8.000000
    endloop
  endfacet
  facet normal 0.000000 0.000000 1.000000
    outer loop
      vertex 66.368911 137.750000 8.000000
      vertex 68.130635 138.525982 8.000000
      vertex 68.014359 138.700000 8.000000
    endloop
  endfacet
  facet normal 0.000000 0.000000 -1.000000
    outer loop
      vertex 66.368911 137.750000 0.000000
      vertex 68.130635 138.525982 0.000000
      vertex 66.623263 137.369335 0.000000
    endloop
  endfacet
  facet normal 0.000000 0.000000 -1.000000
    outer loop
      vertex 66.368911 137.750000 0.000000
      vertex 68.014359 138.700000 0.000000
      vertex 68.130635 138.525982 0.000000
    endloop
  endfacet
  facet normal -0.751840 -0.659346 0.000000
    outer loop
      vertex 66.623263 137.369335 0.000000
      vertex 66.925126 137.025126 0.000000
      vertex 66.925126 137.025126 8.000000
    endloop
  endfacet
  facet normal -0.751840 -0.659346 0.000000
    outer loop
      vertex 66.623263 137.369335 0.000000
      vertex 66.925126 137.025126 8.000000
      vertex 66.623263 137.369335 8.000000
    endloop
  endfacet
  facet normal 0.751840 0.659346 0.000000
    outer loop
      vertex 68.130635 138.525982 0.000000
      vertex 68.268629 138.368629 8.000000
      vertex 68.268629 138.368629 0.000000
    endloop
  endfacet
  facet normal 0.751840 0.659346 -0.000000
    outer loop
      vertex 68.130635 138.525982 0.000000
      vertex 68.130635 138.525982 8.000000
      vertex 68.268629 138.368629 8.000000
    endloop
  endfacet
  facet normal -0.000000 0.000000 1.000000
    outer loop
      vertex 66.623263 137.369335 8.000000
      vertex 66.925126 137.025126 8.000000
      vertex 68.268629 138.368629 8.000000
    endloop
  endfacet
  facet normal 0.000000 0.000000 1.000000
    outer loop
      vertex 66.623263 137.369335 8.000000
      vertex 68.268629 138.368629 8.000000
      vertex 68.130635 138.525982 8.000000
    endloop
  endfacet
  facet normal 0.000000 0.000000 -1.000000
    outer loop
      vertex 66.623263 137.369335 0.000000
      vertex 68.268629 138.368629 0.000000
      vertex 66.925126 137.025126 0.000000
    endloop
  endfacet
  facet normal 0.000000 0.000000 -1.000000
    outer loop
      vertex 66.623263 137.369335 0.000000
      vertex 68.130635 138.525982 0.000000
      vertex 68.268629 138.368629 0.000000
    endloop
  endfacet
  facet normal -0.659346 -0.751840 0.000000
    outer loop
      vertex 66.925126 137.025126 0.000000
      vertex 67.269335 136.723263 0.000000
      vertex 67.269335 136.723263 8.000000
    endloop
  endfacet
  facet normal -0.659346 -0.751840 0.000000
    outer loop
      vertex 66.925126 137.025126 0.000000
      vertex 67.269335 136.723263 8.000000
      vertex 66.925126 137.025126 8.000000
    endloop
  endfacet
  facet normal 0.659346 0.751840 0.000000
    outer loop
      vertex 68.268629 138.368629 0.000000
      vertex 68.425982 138.230635 8.000000
      vertex 68.425982 138.230635 0.000000
    endloop
  endfacet
  facet normal 0.659346 0.751840 -0.000000
    outer loop
      vertex 68.268629 138.368629 0.000000
      vertex 68.268629 138.368629 8.000000
      vertex 68.425982 138.230635 8.000000
    endloop
  endfacet
  facet normal -0.000000 0.000000 1.000000
    outer loop
      vertex 66.925126 137.025126 8.000000
      vertex 67.269335 136.723263 8.000000
      vertex 68.425982 138.230635 8.000000
    endloop
  endfacet
  facet normal 0.000000 0.000000 1.000000
    outer loop
      vertex 66.925126 137.025126 8.000000
      vertex 68.425982 138.230635 8.000000
      vertex 68.268629 138.368629 8.000000
    endloop
  endfacet
  facet normal 0.000000 0.000000 -1.000000
    outer loop
      vertex 66.925126 137.025126 0.000000
      vertex 68.425982 138.230635 0.000000
      vertex 67.269335 136.723263 0.000000
    endloop
  endfacet
  facet normal 0.000000 0.000000 -1.000000
    outer loop
      vertex 66.925126 137.025126 0.000000
      vertex 68.268629 138.368629 0.000000
      vertex 68.425982 138.230635 0.000000
    endloop
  endfacet
  facet normal -0.555570 -0.831470 0.000000
    outer loop
      vertex 67.269335 136.723263 0.000000
      vertex 67.650000 136.468911 0.000000
      vertex 67.650000 136.468911 8.000000
    endloop
  endfacet
  facet normal -0.555570 -0.831470 0.000000
    outer loop
      vertex 67.269335 136.723263 0.000000
      vertex 67.650000 136.468911 8.000000
      vertex 67.269335 136.723263 8.000000
    endloop
  endfacet
  facet normal 0.555570 0.831470 0.000000
    outer loop
      vertex 68.425982 138.230635 0.000000
      vertex 68.600000 138.114359 8.000000
      vertex 68.600000 138.114359 0.000000
    endloop
  endfacet
  facet normal 0.555570 0.831470 -0.000000
    outer loop
      vertex 68.425982 138.230635 0.000000
      vertex 68.425982 138.230635 8.000000
      vertex 68.600000 138.114359 8.000000
    endloop
  endfacet
  facet normal -0.000000 0.000000 1.000000
    outer loop
      vertex 67.269335 136.723263 8.000000
      vertex 67.650000 136.468911 8.000000
      vertex 68.600000 138.114359 8.000000
    endloop
  endfacet
  facet normal 0.000000 0.000000 1.000000
    outer loop
      vertex 67.269335 136.723263 8.000000
      vertex 68.600000 138.114359 8.000000
      vertex 68.425982 138.230635 8.000000
    endloop
  endfacet
  facet normal 0.000000 0.000000 -1.000000
    outer loop
      vertex 67.269335 136.723263 0.000000
      vertex 68.600000 138.114359 0.000000
      vertex 67.650000 136.468911 0.000000
    endloop
  endfacet
  facet normal 0.000000 0.000000 -1.000000
    outer loop
      vertex 67.269335 136.723263 0.000000
      vertex 68.425982 138.230635 0.000000
      vertex 68.600000 138.114359 0.000000
    endloop
  endfacet
  facet normal -0.442289 -0.896873 0.000000
    outer loop
      vertex 67.650000 136.468911 0.000000
      vertex 68.060608 136.266422 0.000000
      vertex 68.060608 136.266422 8.000000
    endloop
  endfacet
  facet normal -0.442289 -0.896873 0.000000
    outer loop
      vertex 67.650000 136.468911 0.000000
      vertex 68.060608 136.266422 8.000000
      vertex 67.650000 136.468911 8.000000
    endloop
  endfacet
  facet normal 0.442289 0.896873 0.000000
    outer loop
      vertex 68.600000 138.114359 0.000000
      vertex 68.787707 138.021793 8.000000
      vertex 68.787707 138.021793 0.000000
    endloop
  endfacet
  facet normal 0.442289 0.896873 -0.000000
    outer loop
      vertex 68.600000 138.114359 0.000000
      vertex 68.600000 138.114359 8.000000
      vertex 68.787707 138.021793 8.000000
    endloop
  endfacet
  facet normal -0.000000 0.000000 1.000000
    outer loop
      vertex 67.650000 136.468911 8.000000
      vertex 68.060608 136.266422 8.000000
      vertex 68.787707 138.021793 8.000000
    endloop
  endfacet
  facet normal 0.000000 0.000000 1.000000
    outer loop
      vertex 67.650000 136.468911 8.000000
      vertex 68.787707 138.021793 8.000000
      vertex 68.600000 138.114359 8.000000
    endloop
  endfacet
  facet normal 0.000000 0.000000 -1.000000
    outer loop
      vertex 67.650000 136.468911 0.000000
      vertex 68.787707 138.021793 0.000000
      vertex 68.060608 136.266422 0.000000
    endloop
  endfacet
  facet normal 0.000000 0.000000 -1.000000
    outer loop
      vertex 67.650000 136.468911 0.000000
      vertex 68.600000 138.114359 0.000000
      vertex 68.787707 138.021793 0.000000
    endloop
  endfacet
  facet normal -0.321439 -0.946930 0.000000
    outer loop
      vertex 68.060608 136.266422 0.000000
      vertex 68.494133 136.119260 0.000000
      vertex 68.494133 136.119260 8.000000
    endloop
  endfacet
  facet normal -0.321439 -0.946930 0.000000
    outer loop
      vertex 68.060608 136.266422 0.000000
      vertex 68.494133 136.119260 8.000000
      vertex 68.060608 136.266422 8.000000
    endloop
  endfacet
  facet normal 0.321439 0.946930 0.000000
    outer loop
      vertex 68.787707 138.021793 0.000000
      vertex 68.985890 137.954519 8.000000
      vertex 68.985890 137.954519 0.000000
    endloop
  endfacet
  facet normal 0.321439 0.946930 -0.000000
    outer loop
      vertex 68.787707 138.021793 0.000000
      vertex 68.787707 138.021793 8.000000
      vertex 68.985890 137.954519 8.000000
    endloop
  endfacet
  facet normal -0.000000 0.000000 1.000000
    outer loop
      vertex 68.060608 136.266422 8.000000
      vertex 68.494133 136.119260 8.000000
      vertex 68.985890 137.954519 8.000000
    endloop
  endfacet
  facet normal 0.000000 0.000000 1.000000
    outer loop
      vertex 68.060608 136.266422 8.000000
      vertex 68.985890 137.954519 8.000000
      vertex 68.787707 138.021793 8.000000
    endloop
  endfacet
  facet normal 0.000000 0.000000 -1.000000
    outer loop
      vertex 68.060608 136.266422 0.000000
      vertex 68.985890 137.954519 0.000000
      vertex 68.494133 136.119260 0.000000
    endloop
  endfacet
  facet normal 0.000000 0.000000 -1.000000
    outer loop
      vertex 68.060608 136.266422 0.000000
      vertex 68.787707 138.021793 0.000000
      vertex 68.985890 137.954519 0.000000
    endloop
  endfacet
  facet normal -0.195090 -0.980785 0.000000
    outer loop
      vertex 68.494133 136.119260 0.000000
      vertex 68.943158 136.029943 0.000000
      vertex 68.943158 136.029943 8.000000
    endloop
  endfacet
  facet normal -0.195090 -0.980785 0.000000
    outer loop
      vertex 68.494133 136.119260 0.000000
      vertex 68.943158 136.029943 8.000000
      vertex 68.494133 136.119260 8.000000
    endloop
  endfacet
  facet normal 0.195090 0.980785 0.000000
    outer loop
      vertex 68.985890 137.954519 0.000000
      vertex 69.191158 137.913688 8.000000
      vertex 69.191158 137.913688 0.000000
    endloop
  endfacet
  facet normal 0.195090 0.980785 -0.000000
    outer loop
      vertex 68.985890 137.954519 0.000000
      vertex 68.985890 137.954519 8.000000
      vertex 69.191158 137.913688 8.000000
    endloop
  endfacet
  facet normal -0.000000 0.000000 1.000000
    outer loop
      vertex 68.494133 136.119260 8.000000
      vertex 68.943158 136.029943 8.000000
      vertex 69.191158 137.913688 8.000000
    endloop
  endfacet
  facet normal 0.000000 0.000000 1.000000
    outer loop
      vertex 68.494133 136.119260 8.000000
      vertex 69.191158 137.913688 8.000000
      vertex 68.985890 137.954519 8.000000
    endloop
  endfacet
  facet normal 0.000000 0.000000 -1.000000
    outer loop
      vertex 68.494133 136.119260 0.000000
      vertex 69.191158 137.913688 0.000000
      vertex 68.943158 136.029943 0.000000
    endloop
  endfacet
  facet normal 0.000000 0.000000 -1.000000
    outer loop
      vertex 68.494133 136.119260 0.000000
      vertex 68.985890 137.954519 0.000000
      vertex 69.191158 137.913688 0.000000
    endloop
  endfacet
  facet normal -0.065403 -0.997859 0.000000
    outer loop
      vertex 68.943158 136.029943 0.000000
      vertex 69.400000 136.000000 0.000000
      vertex 69.400000 136.000000 8.000000
    endloop
  endfacet
  facet normal -0.065403 -0.997859 0.000000
    outer loop
      vertex 68.943158 136.029943 0.000000
      vertex 69.400000 136.000000 8.000000
      vertex 68.943158 136.029943 8.000000
    endloop
  endfacet
  facet normal 0.065403 0.997859 0.000000
    outer loop
      vertex 69.191158 137.913688 0.000000
      vertex 69.400000 137.900000 8.000000
      vertex 69.400000 137.900000 0.000000
    endloop
  endfacet
  facet normal 0.065403 0.997859 -0.000000
    outer loop
      vertex 69.191158 137.913688 0.000000
      vertex 69.191158 137.913688 8.000000
      vertex 69.400000 137.900000 8.000000
    endloop
  endfacet
  facet normal -0.000000 0.000000 1.000000
    outer loop
      vertex 68.943158 136.029943 8.000000
      vertex 69.400000 136.000000 8.000000
      vertex 69.400000 137.900000 8.000000
    endloop
  endfacet
  facet normal 0.000000 0.000000 1.000000
    outer loop
      vertex 68.943158 136.029943 8.000000
      vertex 69.400000 137.900000 8.000000
      vertex 69.191158 137.913688 8.000000
    endloop
  endfacet
  facet normal 0.000000 0.000000 -1.000000
    outer loop
      vertex 68.943158 136.029943 0.000000
      vertex 69.400000 137.900000 0.000000
      vertex 69.400000 136.000000 0.000000
    endloop
  endfacet
  facet normal 0.000000 0.000000 -1.000000
    outer loop
      vertex 68.943158 136.029943 0.000000
      vertex 69.191158 137.913688 0.000000
      vertex 69.400000 137.900000 0.000000
    endloop
  endfacet
  facet normal 0.065403 -0.997859 0.000000
    outer loop
      vertex 69.400000 136.000000 0.000000
      vertex 69.856842 136.029943 0.000000
      vertex 69.856842 136.029943 8.000000
    endloop
  endfacet
  facet normal 0.065403 -0.997859 0.000000
    outer loop
      vertex 69.400000 136.000000 0.000000
      vertex 69.856842 136.029943 8.000000
      vertex 69.400000 136.000000 8.000000
    endloop
  endfacet
  facet normal -0.065403 0.997859 0.000000
    outer loop
      vertex 69.400000 137.900000 0.000000
      vertex 69.608842 137.913688 8.000000
      vertex 69.608842 137.913688 0.000000
    endloop
  endfacet
  facet normal -0.065403 0.997859 0.000000
    outer loop
      vertex 69.400000 137.900000 0.000000
      vertex 69.400000 137.900000 8.000000
      vertex 69.608842 137.913688 8.000000
    endloop
  endfacet
  facet normal 0.000000 0.000000 1.000000
    outer loop
      vertex 69.400000 136.000000 8.000000
      vertex 69.856842 136.029943 8.000000
      vertex 69.608842 137.913688 8.000000
    endloop
  endfacet
  facet normal 0.000000 0.000000 1.000000
    outer loop
      vertex 69.400000 136.000000 8.000000
      vertex 69.608842 137.913688 8.000000
      vertex 69.400000 137.900000 8.000000
    endloop
  endfacet
  facet normal 0.000000 0.000000 -1.000000
    outer loop
      vertex 69.400000 136.000000 0.000000
      vertex 69.608842 137.913688 0.000000
      vertex 69.856842 136.029943 0.000000
    endloop
  endfacet
  facet normal 0.000000 0.000000 -1.000000
    outer loop
      vertex 69.400000 136.000000 0.000000
      vertex 69.400000 137.900000 0.000000
      vertex 69.608842 137.913688 0.000000
    endloop
  endfacet
  facet normal 0.195090 -0.980785 0.000000
    outer loop
      vertex 69.856842 136.029943 0.000000
      vertex 70.305867 136.119260 0.000000
      vertex 70.305867 136.119260 8.000000
    endloop
  endfacet
  facet normal 0.195090 -0.980785 0.000000
    outer loop
      vertex 69.856842 136.029943 0.000000
      vertex 70.305867 136.119260 8.000000
      vertex 69.856842 136.029943 8.000000
    endloop
  endfacet
  facet normal -0.195090 0.980785 0.000000
    outer loop
      vertex 69.608842 137.913688 0.000000
      vertex 69.814110 137.954519 8.000000
      vertex 69.814110 137.954519 0.000000
    endloop
  endfacet
  facet normal -0.195090 0.980785 0.000000
    outer loop
      vertex 69.608842 137.913688 0.000000
      vertex 69.608842 137.913688 8.000000
      vertex 69.814110 137.954519 8.000000
    endloop
  endfacet
  facet normal 0.000000 -0.000000 1.000000
    outer loop
      vertex 69.856842 136.029943 8.000000
      vertex 70.305867 136.119260 8.000000
      vertex 69.814110 137.954519 8.000000
    endloop
  endfacet
  facet normal 0.000000 0.000000 1.000000
    outer loop
      vertex 69.856842 136.029943 8.000000
      vertex 69.814110 137.954519 8.000000
      vertex 69.608842 137.913688 8.000000
    endloop
  endfacet
  facet normal 0.000000 0.000000 -1.000000
    outer loop
      vertex 69.856842 136.029943 0.000000
      vertex 69.814110 137.954519 0.000000
      vertex 70.305867 136.119260 0.000000
    endloop
  endfacet
  facet normal 0.000000 0.000000 -1.000000
    outer loop
      vertex 69.856842 136.029943 0.000000
      vertex 69.608842 137.913688 0.000000
      vertex 69.814110 137.954519 0.000000
    endloop
  endfacet
  facet normal 0.321439 -0.946930 0.000000
    outer loop
      vertex 70.305867 136.119260 0.000000
      vertex 70.739392 136.266422 0.000000
      vertex 70.739392 136.266422 8.000000
    endloop
  endfacet
  facet normal 0.321439 -0.946930 0.000000
    outer loop
      vertex 70.305867 136.119260 0.000000
      vertex 70.739392 136.266422 8.000000
      vertex 70.305867 136.119260 8.000000
    endloop
  endfacet
  facet normal -0.321439 0.946930 0.000000
    outer loop
      vertex 69.814110 137.954519 0.000000
      vertex 70.012293 138.021793 8.000000
      vertex 70.012293 138.021793 0.000000
    endloop
  endfacet
  facet normal -0.321439 0.946930 0.000000
    outer loop
      vertex 69.814110 137.954519 0.000000
      vertex 69.814110 137.954519 8.000000
      vertex 70.012293 138.021793 8.000000
    endloop
  endfacet
  facet normal 0.000000 -0.000000 1.000000
    outer loop
      vertex 70.305867 136.119260 8.000000
      vertex 70.739392 136.266422 8.000000
      vertex 70.012293 138.021793 8.000000
    endloop
  endfacet
  facet normal 0.000000 0.000000 1.000000
    outer loop
      vertex 70.305867 136.119260 8.000000
      vertex 70.012293 138.021793 8.000000
      vertex 69.814110 137.954519 8.000000
    endloop
  endfacet
  facet normal 0.000000 0.000000 -1.000000
    outer loop
      vertex 70.305867 136.119260 0.000000
      vertex 70.012293 138.021793 0.000000
      vertex 70.739392 136.266422 0.000000
    endloop
  endfacet
  facet normal 0.000000 0.000000 -1.000000
    outer loop
      vertex 70.305867 136.119260 0.000000
      vertex 69.814110 137.954519 0.000000
      vertex 70.012293 138.021793 0.000000
    endloop
  endfacet
  facet normal 0.442289 -0.896873 0.000000
    outer loop
      vertex 70.739392 136.266422 0.000000
      vertex 71.150000 136.468911 0.000000
      vertex 71.150000 136.468911 8.000000
    endloop
  endfacet
  facet normal 0.442289 -0.896873 0.000000
    outer loop
      vertex 70.739392 136.266422 0.000000
      vertex 71.150000 136.468911 8.000000
      vertex 70.739392 136.266422 8.000000
    endloop
  endfacet
  facet normal -0.442289 0.896873 0.000000
    outer loop
      vertex 70.012293 138.021793 0.000000
      vertex 70.200000 138.114359 8.000000
      vertex 70.200000 138.114359 0.000000
    endloop
  endfacet
  facet normal -0.442289 0.896873 0.000000
    outer loop
      vertex 70.012293 138.021793 0.000000
      vertex 70.012293 138.021793 8.000000
      vertex 70.200000 138.114359 8.000000
    endloop
  endfacet
  facet normal 0.000000 -0.000000 1.000000
    outer loop
      vertex 70.739392 136.266422 8.000000
      vertex 71.150000 136.468911 8.000000
      vertex 70.200000 138.114359 8.000000
    endloop
  endfacet
  facet normal 0.000000 0.000000 1.000000
    outer loop
      vertex 70.739392 136.266422 8.000000
      vertex 70.200000 138.114359 8.000000
      vertex 70.012293 138.021793 8.000000
    endloop
  endfacet
  facet normal 0.000000 0.000000 -1.000000
    outer loop
      vertex 70.739392 136.266422 0.000000
      vertex 70.200000 138.114359 0.000000
      vertex 71.150000 136.468911 0.000000
    endloop
  endfacet
  facet normal 0.000000 0.000000 -1.000000
    outer loop
      vertex 70.739392 136.266422 0.000000
      vertex 70.012293 138.021793 0.000000
      vertex 70.200000 138.114359 0.000000
    endloop
  endfacet
  facet normal 0.555570 -0.831470 0.000000
    outer loop
      vertex 71.150000 136.468911 0.000000
      vertex 71.530665 136.723263 0.000000
      vertex 71.530665 136.723263 8.000000
    endloop
  endfacet
  facet normal 0.555570 -0.831470 0.000000
    outer loop
      vertex 71.150000 136.468911 0.000000
      vertex 71.530665 136.723263 8.000000
      vertex 71.150000 136.468911 8.000000
    endloop
  endfacet
  facet normal -0.555570 0.831470 0.000000
    outer loop
      vertex 70.200000 138.114359 0.000000
      vertex 70.374018 138.230635 8.000000
      vertex 70.374018 138.230635 0.000000
    endloop
  endfacet
  facet normal -0.555570 0.831470 0.000000
    outer loop
      vertex 70.200000 138.114359 0.000000
      vertex 70.200000 138.114359 8.000000
      vertex 70.374018 138.230635 8.000000
    endloop
  endfacet
  facet normal 0.000000 -0.000000 1.000000
    outer loop
      vertex 71.150000 136.468911 8.000000
      vertex 71.530665 136.723263 8.000000
      vertex 70.374018 138.230635 8.000000
    endloop
  endfacet
  facet normal 0.000000 0.000000 1.000000
    outer loop
      vertex 71.150000 136.468911 8.000000
      vertex 70.374018 138.230635 8.000000
      vertex 70.200000 138.114359 8.000000
    endloop
  endfacet
  facet normal 0.000000 0.000000 -1.000000
    outer loop
      vertex 71.150000 136.468911 0.000000
      vertex 70.374018 138.230635 0.000000
      vertex 71.530665 136.723263 0.000000
    endloop
  endfacet
  facet normal 0.000000 0.000000 -1.000000
    outer loop
      vertex 71.150000 136.468911 0.000000
      vertex 70.200000 138.114359 0.000000
      vertex 70.374018 138.230635 0.000000
    endloop
  endfacet
  facet normal 0.659346 -0.751840 0.000000
    outer loop
      vertex 71.530665 136.723263 0.000000
      vertex 71.874874 137.025126 0.000000
      vertex 71.874874 137.025126 8.000000
    endloop
  endfacet
  facet normal 0.659346 -0.751840 0.000000
    outer loop
      vertex 71.530665 136.723263 0.000000
      vertex 71.874874 137.025126 8.000000
      vertex 71.530665 136.723263 8.000000
    endloop
  endfacet
  facet normal -0.659346 0.751840 0.000000
    outer loop
      vertex 70.374018 138.230635 0.000000
      vertex 70.531371 138.368629 8.000000
      vertex 70.531371 138.368629 0.000000
    endloop
  endfacet
  facet normal -0.659346 0.751840 0.000000
    outer loop
      vertex 70.374018 138.230635 0.000000
      vertex 70.374018 138.230635 8.000000
      vertex 70.531371 138.368629 8.000000
    endloop
  endfacet
  facet normal 0.000000 -0.000000 1.000000
    outer loop
      vertex 71.530665 136.723263 8.000000
      vertex 71.874874 137.025126 8.000000
      vertex 70.531371 138.368629 8.000000
    endloop
  endfacet
  facet normal 0.000000 0.000000 1.000000
    outer loop
      vertex 71.530665 136.723263 8.000000
      vertex 70.531371 138.368629 8.000000
      vertex 70.374018 138.230635 8.000000
    endloop
  endfacet
  facet normal 0.000000 0.000000 -1.000000
    outer loop
      vertex 71.530665 136.723263 0.000000
      vertex 70.531371 138.368629 0.000000
      vertex 71.874874 137.025126 0.000000
    endloop
  endfacet
  facet normal 0.000000 0.000000 -1.000000
    outer loop
      vertex 71.530665 136.723263 0.000000
      vertex 70.374018 138.230635 0.000000
      vertex 70.531371 138.368629 0.000000
    endloop
  endfacet
  facet normal 0.751840 -0.659346 0.000000
    outer loop
      vertex 71.874874 137.025126 0.000000
      vertex 72.176737 137.369335 0.000000
      vertex 72.176737 137.369335 8.000000
    endloop
  endfacet
  facet normal 0.751840 -0.659346 0.000000
    outer loop
      vertex 71.874874 137.025126 0.000000
      vertex 72.176737 137.369335 8.000000
      vertex 71.874874 137.025126 8.000000
    endloop
  endfacet
  facet normal -0.751840 0.659346 0.000000
    outer loop
      vertex 70.531371 138.368629 0.000000
      vertex 70.669365 138.525982 8.000000
      vertex 70.669365 138.525982 0.000000
    endloop
  endfacet
  facet normal -0.751840 0.659346 0.000000
    outer loop
      vertex 70.531371 138.368629 0.000000
      vertex 70.531371 138.368629 8.000000
      vertex 70.669365 138.525982 8.000000
    endloop
  endfacet
  facet normal 0.000000 -0.000000 1.000000
    outer loop
      vertex 71.874874 137.025126 8.000000
      vertex 72.176737 137.369335 8.000000
      vertex 70.669365 138.525982 8.000000
    endloop
  endfacet
  facet normal 0.000000 0.000000 1.000000
    outer loop
      vertex 71.874874 137.025126 8.000000
      vertex 70.669365 138.525982 8.000000
      vertex 70.531371 138.368629 8.000000
    endloop
  endfacet
  facet normal 0.000000 0.000000 -1.000000
    outer loop
      vertex 71.874874 137.025126 0.000000
      vertex 70.669365 138.525982 0.000000
      vertex 72.176737 137.369335 0.000000
    endloop
  endfacet
  facet normal 0.000000 0.000000 -1.000000
    outer loop
      vertex 71.874874 137.025126 0.000000
      vertex 70.531371 138.368629 0.000000
      vertex 70.669365 138.525982 0.000000
    endloop
  endfacet
  facet normal 0.831470 -0.555570 0.000000
    outer loop
      vertex 72.176737 137.369335 0.000000
      vertex 72.431089 137.750000 0.000000
      vertex 72.431089 137.750000 8.000000
    endloop
  endfacet
  facet normal 0.831470 -0.555570 0.000000
    outer loop
      vertex 72.176737 137.369335 0.000000
      vertex 72.431089 137.750000 8.000000
      vertex 72.176737 137.369335 8.000000
    endloop
  endfacet
  facet normal -0.831470 0.555570 0.000000
    outer loop
      vertex 70.669365 138.525982 0.000000
      vertex 70.785641 138.700000 8.000000
      vertex 70.785641 138.700000 0.000000
    endloop
  endfacet
  facet normal -0.831470 0.555570 0.000000
    outer loop
      vertex 70.669365 138.525982 0.000000
      vertex 70.669365 138.525982 8.000000
      vertex 70.785641 138.700000 8.000000
    endloop
  endfacet
  facet normal 0.000000 -0.000000 1.000000
    outer loop
      vertex 72.176737 137.369335 8.000000
      vertex 72.431089 137.750000 8.000000
      vertex 70.785641 138.700000 8.000000
    endloop
  endfacet
  facet normal 0.000000 0.000000 1.000000
    outer loop
      vertex 72.176737 137.369335 8.000000
      vertex 70.785641 138.700000 8.000000
      vertex 70.669365 138.525982 8.000000
    endloop
  endfacet
  facet normal 0.000000 0.000000 -1.000000
    outer loop
      vertex 72.176737 137.369335 0.000000
      vertex 70.785641 138.700000 0.000000
      vertex 72.431089 137.750000 0.000000
    endloop
  endfacet
  facet normal 0.000000 0.000000 -1.000000
    outer loop
      vertex 72.176737 137.369335 0.000000
      vertex 70.669365 138.525982 0.000000
      vertex 70.785641 138.700000 0.000000
    endloop
  endfacet
  facet normal 0.896873 -0.442289 0.000000
    outer loop
      vertex 72.431089 137.750000 0.000000
      vertex 72.633578 138.160608 0.000000
      vertex 72.633578 138.160608 8.000000
    endloop
  endfacet
  facet normal 0.896873 -0.442289 0.000000
    outer loop
      vertex 72.431089 137.750000 0.000000
      vertex 72.633578 138.160608 8.000000
      vertex 72.431089 137.750000 8.000000
    endloop
  endfacet
  facet normal -0.896873 0.442289 0.000000
    outer loop
      vertex 70.785641 138.700000 0.000000
      vertex 70.878207 138.887707 8.000000
      vertex 70.878207 138.887707 0.000000
    endloop
  endfacet
  facet normal -0.896873 0.442289 0.000000
    outer loop
      vertex 70.785641 138.700000 0.000000
      vertex 70.785641 138.700000 8.000000
      vertex 70.878207 138.887707 8.000000
    endloop
  endfacet
  facet normal 0.000000 -0.000000 1.000000
    outer loop
      vertex 72.431089 137.750000 8.000000
      vertex 72.633578 138.160608 8.000000
      vertex 70.878207 138.887707 8.000000
    endloop
  endfacet
  facet normal 0.000000 0.000000 1.000000
    outer loop
      vertex 72.431089 137.750000 8.000000
      vertex 70.878207 138.887707 8.000000
      vertex 70.785641 138.700000 8.000000
    endloop
  endfacet
  facet normal 0.000000 0.000000 -1.000000
    outer loop
      vertex 72.431089 137.750000 0.000000
      vertex 70.878207 138.887707 0.000000
      vertex 72.633578 138.160608 0.000000
    endloop
  endfacet
  facet normal 0.000000 0.000000 -1.000000
    outer loop
      vertex 72.431089 137.750000 0.000000
      vertex 70.785641 138.700000 0.000000
      vertex 70.878207 138.887707 0.000000
    endloop
  endfacet
  facet normal 0.946930 -0.321439 0.000000
    outer loop
      vertex 72.633578 138.160608 0.000000
      vertex 72.780740 138.594133 0.000000
      vertex 72.780740 138.594133 8.000000
    endloop
  endfacet
  facet normal 0.946930 -0.321439 0.000000
    outer loop
      vertex 72.633578 138.160608 0.000000
      vertex 72.780740 138.594133 8.000000
      vertex 72.633578 138.160608 8.000000
    endloop
  endfacet
  facet normal -0.946930 0.321439 0.000000
    outer loop
      vertex 70.878207 138.887707 0.000000
      vertex 70.945481 139.085890 8.000000
      vertex 70.945481 139.085890 0.000000
    endloop
  endfacet
  facet normal -0.946930 0.321439 0.000000
    outer loop
      vertex 70.878207 138.887707 0.000000
      vertex 70.878207 138.887707 8.000000
      vertex 70.945481 139.085890 8.000000
    endloop
  endfacet
  facet normal 0.000000 -0.000000 1.000000
    outer loop
      vertex 72.633578 138.160608 8.000000
      vertex 72.780740 138.594133 8.000000
      vertex 70.945481 139.085890 8.000000
    endloop
  endfacet
  facet normal 0.000000 0.000000 1.000000
    outer loop
      vertex 72.633578 138.160608 8.000000
      vertex 70.945481 139.085890 8.000000
      vertex 70.878207 138.887707 8.000000
    endloop
  endfacet
  facet normal 0.000000 0.000000 -1.000000
    outer loop
      vertex 72.633578 138.160608 0.000000
      vertex 70.945481 139.085890 0.000000
      vertex 72.780740 138.594133 0.000000
    endloop
  endfacet
  facet normal 0.000000 0.000000 -1.000000
    outer loop
      vertex 72.633578 138.160608 0.000000
      vertex 70.878207 138.887707 0.000000
      vertex 70.945481 139.085890 0.000000
    endloop
  endfacet
  facet normal 0.980785 -0.195090 0.000000
    outer loop
      vertex 72.780740 138.594133 0.000000
      vertex 72.870057 139.043158 0.000000
      vertex 72.870057 139.043158 8.000000
    endloop
  endfacet
  facet normal 0.980785 -0.195090 0.000000
    outer loop
      vertex 72.780740 138.594133 0.000000
      vertex 72.870057 139.043158 8.000000
      vertex 72.780740 138.594133 8.000000
    endloop
  endfacet
  facet normal -0.980785 0.195090 0.000000
    outer loop
      vertex 70.945481 139.085890 0.000000
      vertex 70.986312 139.291158 8.000000
      vertex 70.986312 139.291158 0.000000
    endloop
  endfacet
  facet normal -0.980785 0.195090 0.000000
    outer loop
      vertex 70.945481 139.085890 0.000000
      vertex 70.945481 139.085890 8.000000
      vertex 70.986312 139.291158 8.000000
    endloop
  endfacet
  facet normal 0.000000 -0.000000 1.000000
    outer loop
      vertex 72.780740 138.594133 8.000000
      vertex 72.870057 139.043158 8.000000
      vertex 70.986312 139.291158 8.000000
    endloop
  endfacet
  facet normal 0.000000 0.000000 1.000000
    outer loop
      vertex 72.780740 138.594133 8.000000
      vertex 70.986312 139.291158 8.000000
      vertex 70.945481 139.085890 8.000000
    endloop
  endfacet
  facet normal 0.000000 0.000000 -1.000000
    outer loop
      vertex 72.780740 138.594133 0.000000
      vertex 70.986312 139.291158 0.000000
      vertex 72.870057 139.043158 0.000000
    endloop
  endfacet
  facet normal 0.000000 0.000000 -1.000000
    outer loop
      vertex 72.780740 138.594133 0.000000
      vertex 70.945481 139.085890 0.000000
      vertex 70.986312 139.291158 0.000000
    endloop
  endfacet
  facet normal 0.997859 -0.065403 0.000000
    outer loop
      vertex 72.870057 139.043158 0.000000
      vertex 72.900000 139.500000 0.000000
      vertex 72.900000 139.500000 8.000000
    endloop
  endfacet
  facet normal 0.997859 -0.065403 0.000000
    outer loop
      vertex 72.870057 139.043158 0.000000
      vertex 72.900000 139.500000 8.000000
      vertex 72.870057 139.043158 8.000000
    endloop
  endfacet
  facet normal -0.997859 0.065403 0.000000
    outer loop
      vertex 70.986312 139.291158 0.000000
      vertex 71.000000 139.500000 8.000000
      vertex 71.000000 139.500000 0.000000
    endloop
  endfacet
  facet normal -0.997859 0.065403 0.000000
    outer loop
      vertex 70.986312 139.291158 0.000000
      vertex 70.986312 139.291158 8.000000
      vertex 71.000000 139.500000 8.000000
    endloop
  endfacet
  facet normal 0.000000 -0.000000 1.000000
    outer loop
      vertex 72.870057 139.043158 8.000000
      vertex 72.900000 139.500000 8.000000
      vertex 71.000000 139.500000 8.000000
    endloop
  endfacet
  facet normal 0.000000 0.000000 1.000000
    outer loop
      vertex 72.870057 139.043158 8.000000
      vertex 71.000000 139.500000 8.000000
      vertex 70.986312 139.291158 8.000000
    endloop
  endfacet
  facet normal 0.000000 0.000000 -1.000000
    outer loop
      vertex 72.870057 139.043158 0.000000
      vertex 71.000000 139.500000 0.000000
      vertex 72.900000 139.500000 0.000000
    endloop
  endfacet
  facet normal 0.000000 0.000000 -1.000000
    outer loop
      vertex 72.870057 139.043158 0.000000
      vertex 70.986312 139.291158 0.000000
      vertex 71.000000 139.500000 0.000000
    endloop
  endfacet
  facet normal 0.997859 0.065403 0.000000
    outer loop
      vertex 72.500000 139.500000 4.200000
      vertex 72.473479 139.904631 4.200000
      vertex 72.473479 139.904631 6.200000
    endloop
  endfacet
  facet normal 0.997859 0.065403 -0.000000
    outer loop
      vertex 72.500000 139.500000 4.200000
      vertex 72.473479 139.904631 6.200000
      vertex 72.500000 139.500000 6.200000
    endloop
  endfacet
  facet normal -0.997859 -0.065403 0.000000
    outer loop
      vertex 71.000000 139.500000 4.200000
      vertex 70.986312 139.708842 6.200000
      vertex 70.986312 139.708842 4.200000
    endloop
  endfacet
  facet normal -0.997859 -0.065403 0.000000
    outer loop
      vertex 71.000000 139.500000 4.200000
      vertex 71.000000 139.500000 6.200000
      vertex 70.986312 139.708842 6.200000
    endloop
  endfacet
  facet normal 0.000000 0.000000 1.000000
    outer loop
      vertex 72.500000 139.500000 6.200000
      vertex 72.473479 139.904631 6.200000
      vertex 70.986312 139.708842 6.200000
    endloop
  endfacet
  facet normal 0.000000 0.000000 1.000000
    outer loop
      vertex 72.500000 139.500000 6.200000
      vertex 70.986312 139.708842 6.200000
      vertex 71.000000 139.500000 6.200000
    endloop
  endfacet
  facet normal 0.000000 0.000000 -1.000000
    outer loop
      vertex 72.500000 139.500000 4.200000
      vertex 70.986312 139.708842 4.200000
      vertex 72.473479 139.904631 4.200000
    endloop
  endfacet
  facet normal 0.000000 0.000000 -1.000000
    outer loop
      vertex 72.500000 139.500000 4.200000
      vertex 71.000000 139.500000 4.200000
      vertex 70.986312 139.708842 4.200000
    endloop
  endfacet
  facet normal 0.980785 0.195090 0.000000
    outer loop
      vertex 72.473479 139.904631 4.200000
      vertex 72.394370 140.302339 4.200000
      vertex 72.394370 140.302339 6.200000
    endloop
  endfacet
  facet normal 0.980785 0.195090 -0.000000
    outer loop
      vertex 72.473479 139.904631 4.200000
      vertex 72.394370 140.302339 6.200000
      vertex 72.473479 139.904631 6.200000
    endloop
  endfacet
  facet normal -0.980785 -0.195090 0.000000
    outer loop
      vertex 70.986312 139.708842 4.200000
      vertex 70.945481 139.914110 6.200000
      vertex 70.945481 139.914110 4.200000
    endloop
  endfacet
  facet normal -0.980785 -0.195090 0.000000
    outer loop
      vertex 70.986312 139.708842 4.200000
      vertex 70.986312 139.708842 6.200000
      vertex 70.945481 139.914110 6.200000
    endloop
  endfacet
  facet normal 0.000000 0.000000 1.000000
    outer loop
      vertex 72.473479 139.904631 6.200000
      vertex 72.394370 140.302339 6.200000
      vertex 70.945481 139.914110 6.200000
    endloop
  endfacet
  facet normal 0.000000 0.000000 1.000000
    outer loop
      vertex 72.473479 139.904631 6.200000
      vertex 70.945481 139.914110 6.200000
      vertex 70.986312 139.708842 6.200000
    endloop
  endfacet
  facet normal 0.000000 0.000000 -1.000000
    outer loop
      vertex 72.473479 139.904631 4.200000
      vertex 70.945481 139.914110 4.200000
      vertex 72.394370 140.302339 4.200000
    endloop
  endfacet
  facet normal -0.000000 0.000000 -1.000000
    outer loop
      vertex 72.473479 139.904631 4.200000
      vertex 70.986312 139.708842 4.200000
      vertex 70.945481 139.914110 4.200000
    endloop
  endfacet
  facet normal 0.946930 0.321439 0.000000
    outer loop
      vertex 72.394370 140.302339 4.200000
      vertex 72.264027 140.686319 4.200000
      vertex 72.264027 140.686319 6.200000
    endloop
  endfacet
  facet normal 0.946930 0.321439 -0.000000
    outer loop
      vertex 72.394370 140.302339 4.200000
      vertex 72.264027 140.686319 6.200000
      vertex 72.394370 140.302339 6.200000
    endloop
  endfacet
  facet normal -0.946930 -0.321439 0.000000
    outer loop
      vertex 70.945481 139.914110 4.200000
      vertex 70.878207 140.112293 6.200000
      vertex 70.878207 140.112293 4.200000
    endloop
  endfacet
  facet normal -0.946930 -0.321439 0.000000
    outer loop
      vertex 70.945481 139.914110 4.200000
      vertex 70.945481 139.914110 6.200000
      vertex 70.878207 140.112293 6.200000
    endloop
  endfacet
  facet normal 0.000000 0.000000 1.000000
    outer loop
      vertex 72.394370 140.302339 6.200000
      vertex 72.264027 140.686319 6.200000
      vertex 70.878207 140.112293 6.200000
    endloop
  endfacet
  facet normal 0.000000 0.000000 1.000000
    outer loop
      vertex 72.394370 140.302339 6.200000
      vertex 70.878207 140.112293 6.200000
      vertex 70.945481 139.914110 6.200000
    endloop
  endfacet
  facet normal -0.000000 0.000000 -1.000000
    outer loop
      vertex 72.394370 140.302339 4.200000
      vertex 70.878207 140.112293 4.200000
      vertex 72.264027 140.686319 4.200000
    endloop
  endfacet
  facet normal 0.000000 0.000000 -1.000000
    outer loop
      vertex 72.394370 140.302339 4.200000
      vertex 70.945481 139.914110 4.200000
      vertex 70.878207 140.112293 4.200000
    endloop
  endfacet
  facet normal 0.896873 0.442289 0.000000
    outer loop
      vertex 72.264027 140.686319 4.200000
      vertex 72.084679 141.050000 4.200000
      vertex 72.084679 141.050000 6.200000
    endloop
  endfacet
  facet normal 0.896873 0.442289 -0.000000
    outer loop
      vertex 72.264027 140.686319 4.200000
      vertex 72.084679 141.050000 6.200000
      vertex 72.264027 140.686319 6.200000
    endloop
  endfacet
  facet normal -0.896873 -0.442289 0.000000
    outer loop
      vertex 70.878207 140.112293 4.200000
      vertex 70.785641 140.300000 6.200000
      vertex 70.785641 140.300000 4.200000
    endloop
  endfacet
  facet normal -0.896873 -0.442289 0.000000
    outer loop
      vertex 70.878207 140.112293 4.200000
      vertex 70.878207 140.112293 6.200000
      vertex 70.785641 140.300000 6.200000
    endloop
  endfacet
  facet normal 0.000000 0.000000 1.000000
    outer loop
      vertex 72.264027 140.686319 6.200000
      vertex 72.084679 141.050000 6.200000
      vertex 70.785641 140.300000 6.200000
    endloop
  endfacet
  facet normal 0.000000 0.000000 1.000000
    outer loop
      vertex 72.264027 140.686319 6.200000
      vertex 70.785641 140.300000 6.200000
      vertex 70.878207 140.112293 6.200000
    endloop
  endfacet
  facet normal -0.000000 0.000000 -1.000000
    outer loop
      vertex 72.264027 140.686319 4.200000
      vertex 70.785641 140.300000 4.200000
      vertex 72.084679 141.050000 4.200000
    endloop
  endfacet
  facet normal 0.000000 0.000000 -1.000000
    outer loop
      vertex 72.264027 140.686319 4.200000
      vertex 70.878207 140.112293 4.200000
      vertex 70.785641 140.300000 4.200000
    endloop
  endfacet
  facet normal 0.831470 0.555570 0.000000
    outer loop
      vertex 72.084679 141.050000 4.200000
      vertex 71.859395 141.387160 4.200000
      vertex 71.859395 141.387160 6.200000
    endloop
  endfacet
  facet normal 0.831470 0.555570 -0.000000
    outer loop
      vertex 72.084679 141.050000 4.200000
      vertex 71.859395 141.387160 6.200000
      vertex 72.084679 141.050000 6.200000
    endloop
  endfacet
  facet normal -0.831470 -0.555570 0.000000
    outer loop
      vertex 70.785641 140.300000 4.200000
      vertex 70.669365 140.474018 6.200000
      vertex 70.669365 140.474018 4.200000
    endloop
  endfacet
  facet normal -0.831470 -0.555570 0.000000
    outer loop
      vertex 70.785641 140.300000 4.200000
      vertex 70.785641 140.300000 6.200000
      vertex 70.669365 140.474018 6.200000
    endloop
  endfacet
  facet normal 0.000000 0.000000 1.000000
    outer loop
      vertex 72.084679 141.050000 6.200000
      vertex 71.859395 141.387160 6.200000
      vertex 70.669365 140.474018 6.200000
    endloop
  endfacet
  facet normal 0.000000 0.000000 1.000000
    outer loop
      vertex 72.084679 141.050000 6.200000
      vertex 70.669365 140.474018 6.200000
      vertex 70.785641 140.300000 6.200000
    endloop
  endfacet
  facet normal -0.000000 0.000000 -1.000000
    outer loop
      vertex 72.084679 141.050000 4.200000
      vertex 70.669365 140.474018 4.200000
      vertex 71.859395 141.387160 4.200000
    endloop
  endfacet
  facet normal 0.000000 0.000000 -1.000000
    outer loop
      vertex 72.084679 141.050000 4.200000
      vertex 70.785641 140.300000 4.200000
      vertex 70.669365 140.474018 4.200000
    endloop
  endfacet
  facet normal 0.751840 0.659346 0.000000
    outer loop
      vertex 71.859395 141.387160 4.200000
      vertex 71.592031 141.692031 4.200000
      vertex 71.592031 141.692031 6.200000
    endloop
  endfacet
  facet normal 0.751840 0.659346 -0.000000
    outer loop
      vertex 71.859395 141.387160 4.200000
      vertex 71.592031 141.692031 6.200000
      vertex 71.859395 141.387160 6.200000
    endloop
  endfacet
  facet normal -0.751840 -0.659346 0.000000
    outer loop
      vertex 70.669365 140.474018 4.200000
      vertex 70.531371 140.631371 6.200000
      vertex 70.531371 140.631371 4.200000
    endloop
  endfacet
  facet normal -0.751840 -0.659346 0.000000
    outer loop
      vertex 70.669365 140.474018 4.200000
      vertex 70.669365 140.474018 6.200000
      vertex 70.531371 140.631371 6.200000
    endloop
  endfacet
  facet normal 0.000000 0.000000 1.000000
    outer loop
      vertex 71.859395 141.387160 6.200000
      vertex 71.592031 141.692031 6.200000
      vertex 70.531371 140.631371 6.200000
    endloop
  endfacet
  facet normal 0.000000 0.000000 1.000000
    outer loop
      vertex 71.859395 141.387160 6.200000
      vertex 70.531371 140.631371 6.200000
      vertex 70.669365 140.474018 6.200000
    endloop
  endfacet
  facet normal -0.000000 0.000000 -1.000000
    outer loop
      vertex 71.859395 141.387160 4.200000
      vertex 70.531371 140.631371 4.200000
      vertex 71.592031 141.692031 4.200000
    endloop
  endfacet
  facet normal 0.000000 0.000000 -1.000000
    outer loop
      vertex 71.859395 141.387160 4.200000
      vertex 70.669365 140.474018 4.200000
      vertex 70.531371 140.631371 4.200000
    endloop
  endfacet
  facet normal 0.659346 0.751840 0.000000
    outer loop
      vertex 71.592031 141.692031 4.200000
      vertex 71.287160 141.959395 4.200000
      vertex 71.287160 141.959395 6.200000
    endloop
  endfacet
  facet normal 0.659346 0.751840 -0.000000
    outer loop
      vertex 71.592031 141.692031 4.200000
      vertex 71.287160 141.959395 6.200000
      vertex 71.592031 141.692031 6.200000
    endloop
  endfacet
  facet normal -0.659346 -0.751840 0.000000
    outer loop
      vertex 70.531371 140.631371 4.200000
      vertex 70.374018 140.769365 6.200000
      vertex 70.374018 140.769365 4.200000
    endloop
  endfacet
  facet normal -0.659346 -0.751840 0.000000
    outer loop
      vertex 70.531371 140.631371 4.200000
      vertex 70.531371 140.631371 6.200000
      vertex 70.374018 140.769365 6.200000
    endloop
  endfacet
  facet normal 0.000000 0.000000 1.000000
    outer loop
      vertex 71.592031 141.692031 6.200000
      vertex 71.287160 141.959395 6.200000
      vertex 70.374018 140.769365 6.200000
    endloop
  endfacet
  facet normal 0.000000 0.000000 1.000000
    outer loop
      vertex 71.592031 141.692031 6.200000
      vertex 70.374018 140.769365 6.200000
      vertex 70.531371 140.631371 6.200000
    endloop
  endfacet
  facet normal -0.000000 0.000000 -1.000000
    outer loop
      vertex 71.592031 141.692031 4.200000
      vertex 70.374018 140.769365 4.200000
      vertex 71.287160 141.959395 4.200000
    endloop
  endfacet
  facet normal 0.000000 0.000000 -1.000000
    outer loop
      vertex 71.592031 141.692031 4.200000
      vertex 70.531371 140.631371 4.200000
      vertex 70.374018 140.769365 4.200000
    endloop
  endfacet
  facet normal 0.555570 0.831470 0.000000
    outer loop
      vertex 71.287160 141.959395 4.200000
      vertex 70.950000 142.184679 4.200000
      vertex 70.950000 142.184679 6.200000
    endloop
  endfacet
  facet normal 0.555570 0.831470 -0.000000
    outer loop
      vertex 71.287160 141.959395 4.200000
      vertex 70.950000 142.184679 6.200000
      vertex 71.287160 141.959395 6.200000
    endloop
  endfacet
  facet normal -0.555570 -0.831470 0.000000
    outer loop
      vertex 70.374018 140.769365 4.200000
      vertex 70.200000 140.885641 6.200000
      vertex 70.200000 140.885641 4.200000
    endloop
  endfacet
  facet normal -0.555570 -0.831470 0.000000
    outer loop
      vertex 70.374018 140.769365 4.200000
      vertex 70.374018 140.769365 6.200000
      vertex 70.200000 140.885641 6.200000
    endloop
  endfacet
  facet normal 0.000000 0.000000 1.000000
    outer loop
      vertex 71.287160 141.959395 6.200000
      vertex 70.950000 142.184679 6.200000
      vertex 70.200000 140.885641 6.200000
    endloop
  endfacet
  facet normal 0.000000 0.000000 1.000000
    outer loop
      vertex 71.287160 141.959395 6.200000
      vertex 70.200000 140.885641 6.200000
      vertex 70.374018 140.769365 6.200000
    endloop
  endfacet
  facet normal -0.000000 0.000000 -1.000000
    outer loop
      vertex 71.287160 141.959395 4.200000
      vertex 70.200000 140.885641 4.200000
      vertex 70.950000 142.184679 4.200000
    endloop
  endfacet
  facet normal 0.000000 0.000000 -1.000000
    outer loop
      vertex 71.287160 141.959395 4.200000
      vertex 70.374018 140.769365 4.200000
      vertex 70.200000 140.885641 4.200000
    endloop
  endfacet
  facet normal 0.442289 0.896873 0.000000
    outer loop
      vertex 70.950000 142.184679 4.200000
      vertex 70.586319 142.364027 4.200000
      vertex 70.586319 142.364027 6.200000
    endloop
  endfacet
  facet normal 0.442289 0.896873 -0.000000
    outer loop
      vertex 70.950000 142.184679 4.200000
      vertex 70.586319 142.364027 6.200000
      vertex 70.950000 142.184679 6.200000
    endloop
  endfacet
  facet normal -0.442289 -0.896873 0.000000
    outer loop
      vertex 70.200000 140.885641 4.200000
      vertex 70.012293 140.978207 6.200000
      vertex 70.012293 140.978207 4.200000
    endloop
  endfacet
  facet normal -0.442289 -0.896873 0.000000
    outer loop
      vertex 70.200000 140.885641 4.200000
      vertex 70.200000 140.885641 6.200000
      vertex 70.012293 140.978207 6.200000
    endloop
  endfacet
  facet normal 0.000000 0.000000 1.000000
    outer loop
      vertex 70.950000 142.184679 6.200000
      vertex 70.586319 142.364027 6.200000
      vertex 70.012293 140.978207 6.200000
    endloop
  endfacet
  facet normal 0.000000 0.000000 1.000000
    outer loop
      vertex 70.950000 142.184679 6.200000
      vertex 70.012293 140.978207 6.200000
      vertex 70.200000 140.885641 6.200000
    endloop
  endfacet
  facet normal -0.000000 0.000000 -1.000000
    outer loop
      vertex 70.950000 142.184679 4.200000
      vertex 70.012293 140.978207 4.200000
      vertex 70.586319 142.364027 4.200000
    endloop
  endfacet
  facet normal 0.000000 0.000000 -1.000000
    outer loop
      vertex 70.950000 142.184679 4.200000
      vertex 70.200000 140.885641 4.200000
      vertex 70.012293 140.978207 4.200000
    endloop
  endfacet
  facet normal 0.321439 0.946930 0.000000
    outer loop
      vertex 70.586319 142.364027 4.200000
      vertex 70.202339 142.494370 4.200000
      vertex 70.202339 142.494370 6.200000
    endloop
  endfacet
  facet normal 0.321439 0.946930 -0.000000
    outer loop
      vertex 70.586319 142.364027 4.200000
      vertex 70.202339 142.494370 6.200000
      vertex 70.586319 142.364027 6.200000
    endloop
  endfacet
  facet normal -0.321439 -0.946930 0.000000
    outer loop
      vertex 70.012293 140.978207 4.200000
      vertex 69.814110 141.045481 6.200000
      vertex 69.814110 141.045481 4.200000
    endloop
  endfacet
  facet normal -0.321439 -0.946930 0.000000
    outer loop
      vertex 70.012293 140.978207 4.200000
      vertex 70.012293 140.978207 6.200000
      vertex 69.814110 141.045481 6.200000
    endloop
  endfacet
  facet normal 0.000000 0.000000 1.000000
    outer loop
      vertex 70.586319 142.364027 6.200000
      vertex 70.202339 142.494370 6.200000
      vertex 69.814110 141.045481 6.200000
    endloop
  endfacet
  facet normal 0.000000 0.000000 1.000000
    outer loop
      vertex 70.586319 142.364027 6.200000
      vertex 69.814110 141.045481 6.200000
      vertex 70.012293 140.978207 6.200000
    endloop
  endfacet
  facet normal -0.000000 0.000000 -1.000000
    outer loop
      vertex 70.586319 142.364027 4.200000
      vertex 69.814110 141.045481 4.200000
      vertex 70.202339 142.494370 4.200000
    endloop
  endfacet
  facet normal 0.000000 0.000000 -1.000000
    outer loop
      vertex 70.586319 142.364027 4.200000
      vertex 70.012293 140.978207 4.200000
      vertex 69.814110 141.045481 4.200000
    endloop
  endfacet
  facet normal 0.195090 0.980785 0.000000
    outer loop
      vertex 70.202339 142.494370 4.200000
      vertex 69.804631 142.573479 4.200000
      vertex 69.804631 142.573479 6.200000
    endloop
  endfacet
  facet normal 0.195090 0.980785 -0.000000
    outer loop
      vertex 70.202339 142.494370 4.200000
      vertex 69.804631 142.573479 6.200000
      vertex 70.202339 142.494370 6.200000
    endloop
  endfacet
  facet normal -0.195090 -0.980785 0.000000
    outer loop
      vertex 69.814110 141.045481 4.200000
      vertex 69.608842 141.086312 6.200000
      vertex 69.608842 141.086312 4.200000
    endloop
  endfacet
  facet normal -0.195090 -0.980785 0.000000
    outer loop
      vertex 69.814110 141.045481 4.200000
      vertex 69.814110 141.045481 6.200000
      vertex 69.608842 141.086312 6.200000
    endloop
  endfacet
  facet normal 0.000000 0.000000 1.000000
    outer loop
      vertex 70.202339 142.494370 6.200000
      vertex 69.804631 142.573479 6.200000
      vertex 69.608842 141.086312 6.200000
    endloop
  endfacet
  facet normal 0.000000 0.000000 1.000000
    outer loop
      vertex 70.202339 142.494370 6.200000
      vertex 69.608842 141.086312 6.200000
      vertex 69.814110 141.045481 6.200000
    endloop
  endfacet
  facet normal -0.000000 0.000000 -1.000000
    outer loop
      vertex 70.202339 142.494370 4.200000
      vertex 69.608842 141.086312 4.200000
      vertex 69.804631 142.573479 4.200000
    endloop
  endfacet
  facet normal 0.000000 0.000000 -1.000000
    outer loop
      vertex 70.202339 142.494370 4.200000
      vertex 69.814110 141.045481 4.200000
      vertex 69.608842 141.086312 4.200000
    endloop
  endfacet
  facet normal 0.065403 0.997859 0.000000
    outer loop
      vertex 69.804631 142.573479 4.200000
      vertex 69.400000 142.600000 4.200000
      vertex 69.400000 142.600000 6.200000
    endloop
  endfacet
  facet normal 0.065403 0.997859 -0.000000
    outer loop
      vertex 69.804631 142.573479 4.200000
      vertex 69.400000 142.600000 6.200000
      vertex 69.804631 142.573479 6.200000
    endloop
  endfacet
  facet normal -0.065403 -0.997859 0.000000
    outer loop
      vertex 69.608842 141.086312 4.200000
      vertex 69.400000 141.100000 6.200000
      vertex 69.400000 141.100000 4.200000
    endloop
  endfacet
  facet normal -0.065403 -0.997859 0.000000
    outer loop
      vertex 69.608842 141.086312 4.200000
      vertex 69.608842 141.086312 6.200000
      vertex 69.400000 141.100000 6.200000
    endloop
  endfacet
  facet normal 0.000000 0.000000 1.000000
    outer loop
      vertex 69.804631 142.573479 6.200000
      vertex 69.400000 142.600000 6.200000
      vertex 69.400000 141.100000 6.200000
    endloop
  endfacet
  facet normal 0.000000 0.000000 1.000000
    outer loop
      vertex 69.804631 142.573479 6.200000
      vertex 69.400000 141.100000 6.200000
      vertex 69.608842 141.086312 6.200000
    endloop
  endfacet
  facet normal -0.000000 0.000000 -1.000000
    outer loop
      vertex 69.804631 142.573479 4.200000
      vertex 69.400000 141.100000 4.200000
      vertex 69.400000 142.600000 4.200000
    endloop
  endfacet
  facet normal 0.000000 0.000000 -1.000000
    outer loop
      vertex 69.804631 142.573479 4.200000
      vertex 69.608842 141.086312 4.200000
      vertex 69.400000 141.100000 4.200000
    endloop
  endfacet
  facet normal -0.065403 0.997859 0.000000
    outer loop
      vertex 69.400000 142.600000 4.200000
      vertex 68.995369 142.573479 4.200000
      vertex 68.995369 142.573479 6.200000
    endloop
  endfacet
  facet normal -0.065403 0.997859 0.000000
    outer loop
      vertex 69.400000 142.600000 4.200000
      vertex 68.995369 142.573479 6.200000
      vertex 69.400000 142.600000 6.200000
    endloop
  endfacet
  facet normal 0.065403 -0.997859 0.000000
    outer loop
      vertex 69.400000 141.100000 4.200000
      vertex 69.191158 141.086312 6.200000
      vertex 69.191158 141.086312 4.200000
    endloop
  endfacet
  facet normal 0.065403 -0.997859 0.000000
    outer loop
      vertex 69.400000 141.100000 4.200000
      vertex 69.400000 141.100000 6.200000
      vertex 69.191158 141.086312 6.200000
    endloop
  endfacet
  facet normal 0.000000 0.000000 1.000000
    outer loop
      vertex 69.400000 142.600000 6.200000
      vertex 68.995369 142.573479 6.200000
      vertex 69.191158 141.086312 6.200000
    endloop
  endfacet
  facet normal 0.000000 0.000000 1.000000
    outer loop
      vertex 69.400000 142.600000 6.200000
      vertex 69.191158 141.086312 6.200000
      vertex 69.400000 141.100000 6.200000
    endloop
  endfacet
  facet normal 0.000000 0.000000 -1.000000
    outer loop
      vertex 69.400000 142.600000 4.200000
      vertex 69.191158 141.086312 4.200000
      vertex 68.995369 142.573479 4.200000
    endloop
  endfacet
  facet normal 0.000000 -0.000000 -1.000000
    outer loop
      vertex 69.400000 142.600000 4.200000
      vertex 69.400000 141.100000 4.200000
      vertex 69.191158 141.086312 4.200000
    endloop
  endfacet
  facet normal -0.195090 0.980785 0.000000
    outer loop
      vertex 68.995369 142.573479 4.200000
      vertex 68.597661 142.494370 4.200000
      vertex 68.597661 142.494370 6.200000
    endloop
  endfacet
  facet normal -0.195090 0.980785 0.000000
    outer loop
      vertex 68.995369 142.573479 4.200000
      vertex 68.597661 142.494370 6.200000
      vertex 68.995369 142.573479 6.200000
    endloop
  endfacet
  facet normal 0.195090 -0.980785 0.000000
    outer loop
      vertex 69.191158 141.086312 4.200000
      vertex 68.985890 141.045481 6.200000
      vertex 68.985890 141.045481 4.200000
    endloop
  endfacet
  facet normal 0.195090 -0.980785 0.000000
    outer loop
      vertex 69.191158 141.086312 4.200000
      vertex 69.191158 141.086312 6.200000
      vertex 68.985890 141.045481 6.200000
    endloop
  endfacet
  facet normal 0.000000 0.000000 1.000000
    outer loop
      vertex 68.995369 142.573479 6.200000
      vertex 68.597661 142.494370 6.200000
      vertex 68.985890 141.045481 6.200000
    endloop
  endfacet
  facet normal 0.000000 0.000000 1.000000
    outer loop
      vertex 68.995369 142.573479 6.200000
      vertex 68.985890 141.045481 6.200000
      vertex 69.191158 141.086312 6.200000
    endloop
  endfacet
  facet normal 0.000000 0.000000 -1.000000
    outer loop
      vertex 68.995369 142.573479 4.200000
      vertex 68.985890 141.045481 4.200000
      vertex 68.597661 142.494370 4.200000
    endloop
  endfacet
  facet normal 0.000000 -0.000000 -1.000000
    outer loop
      vertex 68.995369 142.573479 4.200000
      vertex 69.191158 141.086312 4.200000
      vertex 68.985890 141.045481 4.200000
    endloop
  endfacet
  facet normal -0.321439 0.946930 0.000000
    outer loop
      vertex 68.597661 142.494370 4.200000
      vertex 68.213681 142.364027 4.200000
      vertex 68.213681 142.364027 6.200000
    endloop
  endfacet
  facet normal -0.321439 0.946930 0.000000
    outer loop
      vertex 68.597661 142.494370 4.200000
      vertex 68.213681 142.364027 6.200000
      vertex 68.597661 142.494370 6.200000
    endloop
  endfacet
  facet normal 0.321439 -0.946930 0.000000
    outer loop
      vertex 68.985890 141.045481 4.200000
      vertex 68.787707 140.978207 6.200000
      vertex 68.787707 140.978207 4.200000
    endloop
  endfacet
  facet normal 0.321439 -0.946930 0.000000
    outer loop
      vertex 68.985890 141.045481 4.200000
      vertex 68.985890 141.045481 6.200000
      vertex 68.787707 140.978207 6.200000
    endloop
  endfacet
  facet normal 0.000000 0.000000 1.000000
    outer loop
      vertex 68.597661 142.494370 6.200000
      vertex 68.213681 142.364027 6.200000
      vertex 68.787707 140.978207 6.200000
    endloop
  endfacet
  facet normal 0.000000 0.000000 1.000000
    outer loop
      vertex 68.597661 142.494370 6.200000
      vertex 68.787707 140.978207 6.200000
      vertex 68.985890 141.045481 6.200000
    endloop
  endfacet
  facet normal 0.000000 -0.000000 -1.000000
    outer loop
      vertex 68.597661 142.494370 4.200000
      vertex 68.787707 140.978207 4.200000
      vertex 68.213681 142.364027 4.200000
    endloop
  endfacet
  facet normal 0.000000 0.000000 -1.000000
    outer loop
      vertex 68.597661 142.494370 4.200000
      vertex 68.985890 141.045481 4.200000
      vertex 68.787707 140.978207 4.200000
    endloop
  endfacet
  facet normal -0.442289 0.896873 0.000000
    outer loop
      vertex 68.213681 142.364027 4.200000
      vertex 67.850000 142.184679 4.200000
      vertex 67.850000 142.184679 6.200000
    endloop
  endfacet
  facet normal -0.442289 0.896873 0.000000
    outer loop
      vertex 68.213681 142.364027 4.200000
      vertex 67.850000 142.184679 6.200000
      vertex 68.213681 142.364027 6.200000
    endloop
  endfacet
  facet normal 0.442289 -0.896873 0.000000
    outer loop
      vertex 68.787707 140.978207 4.200000
      vertex 68.600000 140.885641 6.200000
      vertex 68.600000 140.885641 4.200000
    endloop
  endfacet
  facet normal 0.442289 -0.896873 0.000000
    outer loop
      vertex 68.787707 140.978207 4.200000
      vertex 68.787707 140.978207 6.200000
      vertex 68.600000 140.885641 6.200000
    endloop
  endfacet
  facet normal 0.000000 0.000000 1.000000
    outer loop
      vertex 68.213681 142.364027 6.200000
      vertex 67.850000 142.184679 6.200000
      vertex 68.600000 140.885641 6.200000
    endloop
  endfacet
  facet normal 0.000000 0.000000 1.000000
    outer loop
      vertex 68.213681 142.364027 6.200000
      vertex 68.600000 140.885641 6.200000
      vertex 68.787707 140.978207 6.200000
    endloop
  endfacet
  facet normal 0.000000 -0.000000 -1.000000
    outer loop
      vertex 68.213681 142.364027 4.200000
      vertex 68.600000 140.885641 4.200000
      vertex 67.850000 142.184679 4.200000
    endloop
  endfacet
  facet normal 0.000000 0.000000 -1.000000
    outer loop
      vertex 68.213681 142.364027 4.200000
      vertex 68.787707 140.978207 4.200000
      vertex 68.600000 140.885641 4.200000
    endloop
  endfacet
  facet normal -0.555570 0.831470 0.000000
    outer loop
      vertex 67.850000 142.184679 4.200000
      vertex 67.512840 141.959395 4.200000
      vertex 67.512840 141.959395 6.200000
    endloop
  endfacet
  facet normal -0.555570 0.831470 0.000000
    outer loop
      vertex 67.850000 142.184679 4.200000
      vertex 67.512840 141.959395 6.200000
      vertex 67.850000 142.184679 6.200000
    endloop
  endfacet
  facet normal 0.555570 -0.831470 0.000000
    outer loop
      vertex 68.600000 140.885641 4.200000
      vertex 68.425982 140.769365 6.200000
      vertex 68.425982 140.769365 4.200000
    endloop
  endfacet
  facet normal 0.555570 -0.831470 0.000000
    outer loop
      vertex 68.600000 140.885641 4.200000
      vertex 68.600000 140.885641 6.200000
      vertex 68.425982 140.769365 6.200000
    endloop
  endfacet
  facet normal 0.000000 0.000000 1.000000
    outer loop
      vertex 67.850000 142.184679 6.200000
      vertex 67.512840 141.959395 6.200000
      vertex 68.425982 140.769365 6.200000
    endloop
  endfacet
  facet normal 0.000000 0.000000 1.000000
    outer loop
      vertex 67.850000 142.184679 6.200000
      vertex 68.425982 140.769365 6.200000
      vertex 68.600000 140.885641 6.200000
    endloop
  endfacet
  facet normal 0.000000 -0.000000 -1.000000
    outer loop
      vertex 67.850000 142.184679 4.200000
      vertex 68.425982 140.769365 4.200000
      vertex 67.512840 141.959395 4.200000
    endloop
  endfacet
  facet normal 0.000000 0.000000 -1.000000
    outer loop
      vertex 67.850000 142.184679 4.200000
      vertex 68.600000 140.885641 4.200000
      vertex 68.425982 140.769365 4.200000
    endloop
  endfacet
  facet normal -0.659346 0.751840 0.000000
    outer loop
      vertex 67.512840 141.959395 4.200000
      vertex 67.207969 141.692031 4.200000
      vertex 67.207969 141.692031 6.200000
    endloop
  endfacet
  facet normal -0.659346 0.751840 0.000000
    outer loop
      vertex 67.512840 141.959395 4.200000
      vertex 67.207969 141.692031 6.200000
      vertex 67.512840 141.959395 6.200000
    endloop
  endfacet
  facet normal 0.659346 -0.751840 0.000000
    outer loop
      vertex 68.425982 140.769365 4.200000
      vertex 68.268629 140.631371 6.200000
      vertex 68.268629 140.631371 4.200000
    endloop
  endfacet
  facet normal 0.659346 -0.751840 0.000000
    outer loop
      vertex 68.425982 140.769365 4.200000
      vertex 68.425982 140.769365 6.200000
      vertex 68.268629 140.631371 6.200000
    endloop
  endfacet
  facet normal 0.000000 0.000000 1.000000
    outer loop
      vertex 67.512840 141.959395 6.200000
      vertex 67.207969 141.692031 6.200000
      vertex 68.268629 140.631371 6.200000
    endloop
  endfacet
  facet normal 0.000000 0.000000 1.000000
    outer loop
      vertex 67.512840 141.959395 6.200000
      vertex 68.268629 140.631371 6.200000
      vertex 68.425982 140.769365 6.200000
    endloop
  endfacet
  facet normal 0.000000 -0.000000 -1.000000
    outer loop
      vertex 67.512840 141.959395 4.200000
      vertex 68.268629 140.631371 4.200000
      vertex 67.207969 141.692031 4.200000
    endloop
  endfacet
  facet normal 0.000000 0.000000 -1.000000
    outer loop
      vertex 67.512840 141.959395 4.200000
      vertex 68.425982 140.769365 4.200000
      vertex 68.268629 140.631371 4.200000
    endloop
  endfacet
  facet normal -0.751840 0.659346 0.000000
    outer loop
      vertex 67.207969 141.692031 4.200000
      vertex 66.940605 141.387160 4.200000
      vertex 66.940605 141.387160 6.200000
    endloop
  endfacet
  facet normal -0.751840 0.659346 0.000000
    outer loop
      vertex 67.207969 141.692031 4.200000
      vertex 66.940605 141.387160 6.200000
      vertex 67.207969 141.692031 6.200000
    endloop
  endfacet
  facet normal 0.751840 -0.659346 0.000000
    outer loop
      vertex 68.268629 140.631371 4.200000
      vertex 68.130635 140.474018 6.200000
      vertex 68.130635 140.474018 4.200000
    endloop
  endfacet
  facet normal 0.751840 -0.659346 0.000000
    outer loop
      vertex 68.268629 140.631371 4.200000
      vertex 68.268629 140.631371 6.200000
      vertex 68.130635 140.474018 6.200000
    endloop
  endfacet
  facet normal 0.000000 0.000000 1.000000
    outer loop
      vertex 67.207969 141.692031 6.200000
      vertex 66.940605 141.387160 6.200000
      vertex 68.130635 140.474018 6.200000
    endloop
  endfacet
  facet normal 0.000000 0.000000 1.000000
    outer loop
      vertex 67.207969 141.692031 6.200000
      vertex 68.130635 140.474018 6.200000
      vertex 68.268629 140.631371 6.200000
    endloop
  endfacet
  facet normal 0.000000 -0.000000 -1.000000
    outer loop
      vertex 67.207969 141.692031 4.200000
      vertex 68.130635 140.474018 4.200000
      vertex 66.940605 141.387160 4.200000
    endloop
  endfacet
  facet normal 0.000000 0.000000 -1.000000
    outer loop
      vertex 67.207969 141.692031 4.200000
      vertex 68.268629 140.631371 4.200000
      vertex 68.130635 140.474018 4.200000
    endloop
  endfacet
  facet normal -0.831470 0.555570 0.000000
    outer loop
      vertex 66.940605 141.387160 4.200000
      vertex 66.715321 141.050000 4.200000
      vertex 66.715321 141.050000 6.200000
    endloop
  endfacet
  facet normal -0.831470 0.555570 0.000000
    outer loop
      vertex 66.940605 141.387160 4.200000
      vertex 66.715321 141.050000 6.200000
      vertex 66.940605 141.387160 6.200000
    endloop
  endfacet
  facet normal 0.831470 -0.555570 0.000000
    outer loop
      vertex 68.130635 140.474018 4.200000
      vertex 68.014359 140.300000 6.200000
      vertex 68.014359 140.300000 4.200000
    endloop
  endfacet
  facet normal 0.831470 -0.555570 0.000000
    outer loop
      vertex 68.130635 140.474018 4.200000
      vertex 68.130635 140.474018 6.200000
      vertex 68.014359 140.300000 6.200000
    endloop
  endfacet
  facet normal 0.000000 0.000000 1.000000
    outer loop
      vertex 66.940605 141.387160 6.200000
      vertex 66.715321 141.050000 6.200000
      vertex 68.014359 140.300000 6.200000
    endloop
  endfacet
  facet normal 0.000000 0.000000 1.000000
    outer loop
      vertex 66.940605 141.387160 6.200000
      vertex 68.014359 140.300000 6.200000
      vertex 68.130635 140.474018 6.200000
    endloop
  endfacet
  facet normal 0.000000 -0.000000 -1.000000
    outer loop
      vertex 66.940605 141.387160 4.200000
      vertex 68.014359 140.300000 4.200000
      vertex 66.715321 141.050000 4.200000
    endloop
  endfacet
  facet normal 0.000000 0.000000 -1.000000
    outer loop
      vertex 66.940605 141.387160 4.200000
      vertex 68.130635 140.474018 4.200000
      vertex 68.014359 140.300000 4.200000
    endloop
  endfacet
  facet normal -0.896873 0.442289 0.000000
    outer loop
      vertex 66.715321 141.050000 4.200000
      vertex 66.535973 140.686319 4.200000
      vertex 66.535973 140.686319 6.200000
    endloop
  endfacet
  facet normal -0.896873 0.442289 0.000000
    outer loop
      vertex 66.715321 141.050000 4.200000
      vertex 66.535973 140.686319 6.200000
      vertex 66.715321 141.050000 6.200000
    endloop
  endfacet
  facet normal 0.896873 -0.442289 0.000000
    outer loop
      vertex 68.014359 140.300000 4.200000
      vertex 67.921793 140.112293 6.200000
      vertex 67.921793 140.112293 4.200000
    endloop
  endfacet
  facet normal 0.896873 -0.442289 0.000000
    outer loop
      vertex 68.014359 140.300000 4.200000
      vertex 68.014359 140.300000 6.200000
      vertex 67.921793 140.112293 6.200000
    endloop
  endfacet
  facet normal 0.000000 0.000000 1.000000
    outer loop
      vertex 66.715321 141.050000 6.200000
      vertex 66.535973 140.686319 6.200000
      vertex 67.921793 140.112293 6.200000
    endloop
  endfacet
  facet normal 0.000000 0.000000 1.000000
    outer loop
      vertex 66.715321 141.050000 6.200000
      vertex 67.921793 140.112293 6.200000
      vertex 68.014359 140.300000 6.200000
    endloop
  endfacet
  facet normal 0.000000 -0.000000 -1.000000
    outer loop
      vertex 66.715321 141.050000 4.200000
      vertex 67.921793 140.112293 4.200000
      vertex 66.535973 140.686319 4.200000
    endloop
  endfacet
  facet normal 0.000000 0.000000 -1.000000
    outer loop
      vertex 66.715321 141.050000 4.200000
      vertex 68.014359 140.300000 4.200000
      vertex 67.921793 140.112293 4.200000
    endloop
  endfacet
  facet normal -0.946930 0.321439 0.000000
    outer loop
      vertex 66.535973 140.686319 4.200000
      vertex 66.405630 140.302339 4.200000
      vertex 66.405630 140.302339 6.200000
    endloop
  endfacet
  facet normal -0.946930 0.321439 0.000000
    outer loop
      vertex 66.535973 140.686319 4.200000
      vertex 66.405630 140.302339 6.200000
      vertex 66.535973 140.686319 6.200000
    endloop
  endfacet
  facet normal 0.946930 -0.321439 0.000000
    outer loop
      vertex 67.921793 140.112293 4.200000
      vertex 67.854519 139.914110 6.200000
      vertex 67.854519 139.914110 4.200000
    endloop
  endfacet
  facet normal 0.946930 -0.321439 0.000000
    outer loop
      vertex 67.921793 140.112293 4.200000
      vertex 67.921793 140.112293 6.200000
      vertex 67.854519 139.914110 6.200000
    endloop
  endfacet
  facet normal 0.000000 0.000000 1.000000
    outer loop
      vertex 66.535973 140.686319 6.200000
      vertex 66.405630 140.302339 6.200000
      vertex 67.854519 139.914110 6.200000
    endloop
  endfacet
  facet normal 0.000000 0.000000 1.000000
    outer loop
      vertex 66.535973 140.686319 6.200000
      vertex 67.854519 139.914110 6.200000
      vertex 67.921793 140.112293 6.200000
    endloop
  endfacet
  facet normal 0.000000 -0.000000 -1.000000
    outer loop
      vertex 66.535973 140.686319 4.200000
      vertex 67.854519 139.914110 4.200000
      vertex 66.405630 140.302339 4.200000
    endloop
  endfacet
  facet normal 0.000000 0.000000 -1.000000
    outer loop
      vertex 66.535973 140.686319 4.200000
      vertex 67.921793 140.112293 4.200000
      vertex 67.854519 139.914110 4.200000
    endloop
  endfacet
  facet normal -0.980785 0.195090 0.000000
    outer loop
      vertex 66.405630 140.302339 4.200000
      vertex 66.326521 139.904631 4.200000
      vertex 66.326521 139.904631 6.200000
    endloop
  endfacet
  facet normal -0.980785 0.195090 0.000000
    outer loop
      vertex 66.405630 140.302339 4.200000
      vertex 66.326521 139.904631 6.200000
      vertex 66.405630 140.302339 6.200000
    endloop
  endfacet
  facet normal 0.980785 -0.195090 0.000000
    outer loop
      vertex 67.854519 139.914110 4.200000
      vertex 67.813688 139.708842 6.200000
      vertex 67.813688 139.708842 4.200000
    endloop
  endfacet
  facet normal 0.980785 -0.195090 0.000000
    outer loop
      vertex 67.854519 139.914110 4.200000
      vertex 67.854519 139.914110 6.200000
      vertex 67.813688 139.708842 6.200000
    endloop
  endfacet
  facet normal 0.000000 0.000000 1.000000
    outer loop
      vertex 66.405630 140.302339 6.200000
      vertex 66.326521 139.904631 6.200000
      vertex 67.813688 139.708842 6.200000
    endloop
  endfacet
  facet normal 0.000000 0.000000 1.000000
    outer loop
      vertex 66.405630 140.302339 6.200000
      vertex 67.813688 139.708842 6.200000
      vertex 67.854519 139.914110 6.200000
    endloop
  endfacet
  facet normal 0.000000 -0.000000 -1.000000
    outer loop
      vertex 66.405630 140.302339 4.200000
      vertex 67.813688 139.708842 4.200000
      vertex 66.326521 139.904631 4.200000
    endloop
  endfacet
  facet normal 0.000000 0.000000 -1.000000
    outer loop
      vertex 66.405630 140.302339 4.200000
      vertex 67.854519 139.914110 4.200000
      vertex 67.813688 139.708842 4.200000
    endloop
  endfacet
  facet normal -0.997859 0.065403 0.000000
    outer loop
      vertex 66.326521 139.904631 4.200000
      vertex 66.300000 139.500000 4.200000
      vertex 66.300000 139.500000 6.200000
    endloop
  endfacet
  facet normal -0.997859 0.065403 0.000000
    outer loop
      vertex 66.326521 139.904631 4.200000
      vertex 66.300000 139.500000 6.200000
      vertex 66.326521 139.904631 6.200000
    endloop
  endfacet
  facet normal 0.997859 -0.065403 0.000000
    outer loop
      vertex 67.813688 139.708842 4.200000
      vertex 67.800000 139.500000 6.200000
      vertex 67.800000 139.500000 4.200000
    endloop
  endfacet
  facet normal 0.997859 -0.065403 0.000000
    outer loop
      vertex 67.813688 139.708842 4.200000
      vertex 67.813688 139.708842 6.200000
      vertex 67.800000 139.500000 6.200000
    endloop
  endfacet
  facet normal 0.000000 0.000000 1.000000
    outer loop
      vertex 66.326521 139.904631 6.200000
      vertex 66.300000 139.500000 6.200000
      vertex 67.800000 139.500000 6.200000
    endloop
  endfacet
  facet normal 0.000000 0.000000 1.000000
    outer loop
      vertex 66.326521 139.904631 6.200000
      vertex 67.800000 139.500000 6.200000
      vertex 67.813688 139.708842 6.200000
    endloop
  endfacet
  facet normal 0.000000 -0.000000 -1.000000
    outer loop
      vertex 66.326521 139.904631 4.200000
      vertex 67.800000 139.500000 4.200000
      vertex 66.300000 139.500000 4.200000
    endloop
  endfacet
  facet normal 0.000000 0.000000 -1.000000
    outer loop
      vertex 66.326521 139.904631 4.200000
      vertex 67.813688 139.708842 4.200000
      vertex 67.800000 139.500000 4.200000
    endloop
  endfacet
  facet normal -0.997859 -0.065403 0.000000
    outer loop
      vertex 66.300000 139.500000 4.200000
      vertex 66.326521 139.095369 4.200000
      vertex 66.326521 139.095369 6.200000
    endloop
  endfacet
  facet normal -0.997859 -0.065403 0.000000
    outer loop
      vertex 66.300000 139.500000 4.200000
      vertex 66.326521 139.095369 6.200000
      vertex 66.300000 139.500000 6.200000
    endloop
  endfacet
  facet normal 0.997859 0.065403 0.000000
    outer loop
      vertex 67.800000 139.500000 4.200000
      vertex 67.813688 139.291158 6.200000
      vertex 67.813688 139.291158 4.200000
    endloop
  endfacet
  facet normal 0.997859 0.065403 -0.000000
    outer loop
      vertex 67.800000 139.500000 4.200000
      vertex 67.800000 139.500000 6.200000
      vertex 67.813688 139.291158 6.200000
    endloop
  endfacet
  facet normal 0.000000 0.000000 1.000000
    outer loop
      vertex 66.300000 139.500000 6.200000
      vertex 66.326521 139.095369 6.200000
      vertex 67.813688 139.291158 6.200000
    endloop
  endfacet
  facet normal -0.000000 0.000000 1.000000
    outer loop
      vertex 66.300000 139.500000 6.200000
      vertex 67.813688 139.291158 6.200000
      vertex 67.800000 139.500000 6.200000
    endloop
  endfacet
  facet normal 0.000000 0.000000 -1.000000
    outer loop
      vertex 66.300000 139.500000 4.200000
      vertex 67.813688 139.291158 4.200000
      vertex 66.326521 139.095369 4.200000
    endloop
  endfacet
  facet normal 0.000000 0.000000 -1.000000
    outer loop
      vertex 66.300000 139.500000 4.200000
      vertex 67.800000 139.500000 4.200000
      vertex 67.813688 139.291158 4.200000
    endloop
  endfacet
  facet normal -0.980785 -0.195090 0.000000
    outer loop
      vertex 66.326521 139.095369 4.200000
      vertex 66.405630 138.697661 4.200000
      vertex 66.405630 138.697661 6.200000
    endloop
  endfacet
  facet normal -0.980785 -0.195090 0.000000
    outer loop
      vertex 66.326521 139.095369 4.200000
      vertex 66.405630 138.697661 6.200000
      vertex 66.326521 139.095369 6.200000
    endloop
  endfacet
  facet normal 0.980785 0.195090 0.000000
    outer loop
      vertex 67.813688 139.291158 4.200000
      vertex 67.854519 139.085890 6.200000
      vertex 67.854519 139.085890 4.200000
    endloop
  endfacet
  facet normal 0.980785 0.195090 -0.000000
    outer loop
      vertex 67.813688 139.291158 4.200000
      vertex 67.813688 139.291158 6.200000
      vertex 67.854519 139.085890 6.200000
    endloop
  endfacet
  facet normal 0.000000 0.000000 1.000000
    outer loop
      vertex 66.326521 139.095369 6.200000
      vertex 66.405630 138.697661 6.200000
      vertex 67.854519 139.085890 6.200000
    endloop
  endfacet
  facet normal -0.000000 0.000000 1.000000
    outer loop
      vertex 66.326521 139.095369 6.200000
      vertex 67.854519 139.085890 6.200000
      vertex 67.813688 139.291158 6.200000
    endloop
  endfacet
  facet normal 0.000000 0.000000 -1.000000
    outer loop
      vertex 66.326521 139.095369 4.200000
      vertex 67.854519 139.085890 4.200000
      vertex 66.405630 138.697661 4.200000
    endloop
  endfacet
  facet normal 0.000000 0.000000 -1.000000
    outer loop
      vertex 66.326521 139.095369 4.200000
      vertex 67.813688 139.291158 4.200000
      vertex 67.854519 139.085890 4.200000
    endloop
  endfacet
  facet normal -0.946930 -0.321439 0.000000
    outer loop
      vertex 66.405630 138.697661 4.200000
      vertex 66.535973 138.313681 4.200000
      vertex 66.535973 138.313681 6.200000
    endloop
  endfacet
  facet normal -0.946930 -0.321439 0.000000
    outer loop
      vertex 66.405630 138.697661 4.200000
      vertex 66.535973 138.313681 6.200000
      vertex 66.405630 138.697661 6.200000
    endloop
  endfacet
  facet normal 0.946930 0.321439 0.000000
    outer loop
      vertex 67.854519 139.085890 4.200000
      vertex 67.921793 138.887707 6.200000
      vertex 67.921793 138.887707 4.200000
    endloop
  endfacet
  facet normal 0.946930 0.321439 -0.000000
    outer loop
      vertex 67.854519 139.085890 4.200000
      vertex 67.854519 139.085890 6.200000
      vertex 67.921793 138.887707 6.200000
    endloop
  endfacet
  facet normal -0.000000 0.000000 1.000000
    outer loop
      vertex 66.405630 138.697661 6.200000
      vertex 66.535973 138.313681 6.200000
      vertex 67.921793 138.887707 6.200000
    endloop
  endfacet
  facet normal 0.000000 0.000000 1.000000
    outer loop
      vertex 66.405630 138.697661 6.200000
      vertex 67.921793 138.887707 6.200000
      vertex 67.854519 139.085890 6.200000
    endloop
  endfacet
  facet normal 0.000000 0.000000 -1.000000
    outer loop
      vertex 66.405630 138.697661 4.200000
      vertex 67.921793 138.887707 4.200000
      vertex 66.535973 138.313681 4.200000
    endloop
  endfacet
  facet normal 0.000000 0.000000 -1.000000
    outer loop
      vertex 66.405630 138.697661 4.200000
      vertex 67.854519 139.085890 4.200000
      vertex 67.921793 138.887707 4.200000
    endloop
  endfacet
  facet normal -0.896873 -0.442289 0.000000
    outer loop
      vertex 66.535973 138.313681 4.200000
      vertex 66.715321 137.950000 4.200000
      vertex 66.715321 137.950000 6.200000
    endloop
  endfacet
  facet normal -0.896873 -0.442289 0.000000
    outer loop
      vertex 66.535973 138.313681 4.200000
      vertex 66.715321 137.950000 6.200000
      vertex 66.535973 138.313681 6.200000
    endloop
  endfacet
  facet normal 0.896873 0.442289 0.000000
    outer loop
      vertex 67.921793 138.887707 4.200000
      vertex 68.014359 138.700000 6.200000
      vertex 68.014359 138.700000 4.200000
    endloop
  endfacet
  facet normal 0.896873 0.442289 -0.000000
    outer loop
      vertex 67.921793 138.887707 4.200000
      vertex 67.921793 138.887707 6.200000
      vertex 68.014359 138.700000 6.200000
    endloop
  endfacet
  facet normal -0.000000 0.000000 1.000000
    outer loop
      vertex 66.535973 138.313681 6.200000
      vertex 66.715321 137.950000 6.200000
      vertex 68.014359 138.700000 6.200000
    endloop
  endfacet
  facet normal 0.000000 0.000000 1.000000
    outer loop
      vertex 66.535973 138.313681 6.200000
      vertex 68.014359 138.700000 6.200000
      vertex 67.921793 138.887707 6.200000
    endloop
  endfacet
  facet normal 0.000000 0.000000 -1.000000
    outer loop
      vertex 66.535973 138.313681 4.200000
      vertex 68.014359 138.700000 4.200000
      vertex 66.715321 137.950000 4.200000
    endloop
  endfacet
  facet normal 0.000000 0.000000 -1.000000
    outer loop
      vertex 66.535973 138.313681 4.200000
      vertex 67.921793 138.887707 4.200000
      vertex 68.014359 138.700000 4.200000
    endloop
  endfacet
  facet normal -0.831470 -0.555570 0.000000
    outer loop
      vertex 66.715321 137.950000 4.200000
      vertex 66.940605 137.612840 4.200000
      vertex 66.940605 137.612840 6.200000
    endloop
  endfacet
  facet normal -0.831470 -0.555570 0.000000
    outer loop
      vertex 66.715321 137.950000 4.200000
      vertex 66.940605 137.612840 6.200000
      vertex 66.715321 137.950000 6.200000
    endloop
  endfacet
  facet normal 0.831470 0.555570 0.000000
    outer loop
      vertex 68.014359 138.700000 4.200000
      vertex 68.130635 138.525982 6.200000
      vertex 68.130635 138.525982 4.200000
    endloop
  endfacet
  facet normal 0.831470 0.555570 -0.000000
    outer loop
      vertex 68.014359 138.700000 4.200000
      vertex 68.014359 138.700000 6.200000
      vertex 68.130635 138.525982 6.200000
    endloop
  endfacet
  facet normal -0.000000 0.000000 1.000000
    outer loop
      vertex 66.715321 137.950000 6.200000
      vertex 66.940605 137.612840 6.200000
      vertex 68.130635 138.525982 6.200000
    endloop
  endfacet
  facet normal 0.000000 0.000000 1.000000
    outer loop
      vertex 66.715321 137.950000 6.200000
      vertex 68.130635 138.525982 6.200000
      vertex 68.014359 138.700000 6.200000
    endloop
  endfacet
  facet normal 0.000000 0.000000 -1.000000
    outer loop
      vertex 66.715321 137.950000 4.200000
      vertex 68.130635 138.525982 4.200000
      vertex 66.940605 137.612840 4.200000
    endloop
  endfacet
  facet normal 0.000000 0.000000 -1.000000
    outer loop
      vertex 66.715321 137.950000 4.200000
      vertex 68.014359 138.700000 4.200000
      vertex 68.130635 138.525982 4.200000
    endloop
  endfacet
  facet normal -0.751840 -0.659346 0.000000
    outer loop
      vertex 66.940605 137.612840 4.200000
      vertex 67.207969 137.307969 4.200000
      vertex 67.207969 137.307969 6.200000
    endloop
  endfacet
  facet normal -0.751840 -0.659346 0.000000
    outer loop
      vertex 66.940605 137.612840 4.200000
      vertex 67.207969 137.307969 6.200000
      vertex 66.940605 137.612840 6.200000
    endloop
  endfacet
  facet normal 0.751840 0.659346 0.000000
    outer loop
      vertex 68.130635 138.525982 4.200000
      vertex 68.268629 138.368629 6.200000
      vertex 68.268629 138.368629 4.200000
    endloop
  endfacet
  facet normal 0.751840 0.659346 -0.000000
    outer loop
      vertex 68.130635 138.525982 4.200000
      vertex 68.130635 138.525982 6.200000
      vertex 68.268629 138.368629 6.200000
    endloop
  endfacet
  facet normal -0.000000 0.000000 1.000000
    outer loop
      vertex 66.940605 137.612840 6.200000
      vertex 67.207969 137.307969 6.200000
      vertex 68.268629 138.368629 6.200000
    endloop
  endfacet
  facet normal 0.000000 0.000000 1.000000
    outer loop
      vertex 66.940605 137.612840 6.200000
      vertex 68.268629 138.368629 6.200000
      vertex 68.130635 138.525982 6.200000
    endloop
  endfacet
  facet normal 0.000000 0.000000 -1.000000
    outer loop
      vertex 66.940605 137.612840 4.200000
      vertex 68.268629 138.368629 4.200000
      vertex 67.207969 137.307969 4.200000
    endloop
  endfacet
  facet normal 0.000000 0.000000 -1.000000
    outer loop
      vertex 66.940605 137.612840 4.200000
      vertex 68.130635 138.525982 4.200000
      vertex 68.268629 138.368629 4.200000
    endloop
  endfacet
  facet normal -0.659346 -0.751840 0.000000
    outer loop
      vertex 67.207969 137.307969 4.200000
      vertex 67.512840 137.040605 4.200000
      vertex 67.512840 137.040605 6.200000
    endloop
  endfacet
  facet normal -0.659346 -0.751840 0.000000
    outer loop
      vertex 67.207969 137.307969 4.200000
      vertex 67.512840 137.040605 6.200000
      vertex 67.207969 137.307969 6.200000
    endloop
  endfacet
  facet normal 0.659346 0.751840 0.000000
    outer loop
      vertex 68.268629 138.368629 4.200000
      vertex 68.425982 138.230635 6.200000
      vertex 68.425982 138.230635 4.200000
    endloop
  endfacet
  facet normal 0.659346 0.751840 -0.000000
    outer loop
      vertex 68.268629 138.368629 4.200000
      vertex 68.268629 138.368629 6.200000
      vertex 68.425982 138.230635 6.200000
    endloop
  endfacet
  facet normal -0.000000 0.000000 1.000000
    outer loop
      vertex 67.207969 137.307969 6.200000
      vertex 67.512840 137.040605 6.200000
      vertex 68.425982 138.230635 6.200000
    endloop
  endfacet
  facet normal 0.000000 0.000000 1.000000
    outer loop
      vertex 67.207969 137.307969 6.200000
      vertex 68.425982 138.230635 6.200000
      vertex 68.268629 138.368629 6.200000
    endloop
  endfacet
  facet normal 0.000000 0.000000 -1.000000
    outer loop
      vertex 67.207969 137.307969 4.200000
      vertex 68.425982 138.230635 4.200000
      vertex 67.512840 137.040605 4.200000
    endloop
  endfacet
  facet normal 0.000000 0.000000 -1.000000
    outer loop
      vertex 67.207969 137.307969 4.200000
      vertex 68.268629 138.368629 4.200000
      vertex 68.425982 138.230635 4.200000
    endloop
  endfacet
  facet normal -0.555570 -0.831470 0.000000
    outer loop
      vertex 67.512840 137.040605 4.200000
      vertex 67.850000 136.815321 4.200000
      vertex 67.850000 136.815321 6.200000
    endloop
  endfacet
  facet normal -0.555570 -0.831470 0.000000
    outer loop
      vertex 67.512840 137.040605 4.200000
      vertex 67.850000 136.815321 6.200000
      vertex 67.512840 137.040605 6.200000
    endloop
  endfacet
  facet normal 0.555570 0.831470 0.000000
    outer loop
      vertex 68.425982 138.230635 4.200000
      vertex 68.600000 138.114359 6.200000
      vertex 68.600000 138.114359 4.200000
    endloop
  endfacet
  facet normal 0.555570 0.831470 -0.000000
    outer loop
      vertex 68.425982 138.230635 4.200000
      vertex 68.425982 138.230635 6.200000
      vertex 68.600000 138.114359 6.200000
    endloop
  endfacet
  facet normal -0.000000 0.000000 1.000000
    outer loop
      vertex 67.512840 137.040605 6.200000
      vertex 67.850000 136.815321 6.200000
      vertex 68.600000 138.114359 6.200000
    endloop
  endfacet
  facet normal 0.000000 0.000000 1.000000
    outer loop
      vertex 67.512840 137.040605 6.200000
      vertex 68.600000 138.114359 6.200000
      vertex 68.425982 138.230635 6.200000
    endloop
  endfacet
  facet normal 0.000000 0.000000 -1.000000
    outer loop
      vertex 67.512840 137.040605 4.200000
      vertex 68.600000 138.114359 4.200000
      vertex 67.850000 136.815321 4.200000
    endloop
  endfacet
  facet normal 0.000000 0.000000 -1.000000
    outer loop
      vertex 67.512840 137.040605 4.200000
      vertex 68.425982 138.230635 4.200000
      vertex 68.600000 138.114359 4.200000
    endloop
  endfacet
  facet normal -0.442289 -0.896873 0.000000
    outer loop
      vertex 67.850000 136.815321 4.200000
      vertex 68.213681 136.635973 4.200000
      vertex 68.213681 136.635973 6.200000
    endloop
  endfacet
  facet normal -0.442289 -0.896873 0.000000
    outer loop
      vertex 67.850000 136.815321 4.200000
      vertex 68.213681 136.635973 6.200000
      vertex 67.850000 136.815321 6.200000
    endloop
  endfacet
  facet normal 0.442289 0.896873 0.000000
    outer loop
      vertex 68.600000 138.114359 4.200000
      vertex 68.787707 138.021793 6.200000
      vertex 68.787707 138.021793 4.200000
    endloop
  endfacet
  facet normal 0.442289 0.896873 -0.000000
    outer loop
      vertex 68.600000 138.114359 4.200000
      vertex 68.600000 138.114359 6.200000
      vertex 68.787707 138.021793 6.200000
    endloop
  endfacet
  facet normal -0.000000 0.000000 1.000000
    outer loop
      vertex 67.850000 136.815321 6.200000
      vertex 68.213681 136.635973 6.200000
      vertex 68.787707 138.021793 6.200000
    endloop
  endfacet
  facet normal 0.000000 0.000000 1.000000
    outer loop
      vertex 67.850000 136.815321 6.200000
      vertex 68.787707 138.021793 6.200000
      vertex 68.600000 138.114359 6.200000
    endloop
  endfacet
  facet normal 0.000000 0.000000 -1.000000
    outer loop
      vertex 67.850000 136.815321 4.200000
      vertex 68.787707 138.021793 4.200000
      vertex 68.213681 136.635973 4.200000
    endloop
  endfacet
  facet normal 0.000000 0.000000 -1.000000
    outer loop
      vertex 67.850000 136.815321 4.200000
      vertex 68.600000 138.114359 4.200000
      vertex 68.787707 138.021793 4.200000
    endloop
  endfacet
  facet normal -0.321439 -0.946930 0.000000
    outer loop
      vertex 68.213681 136.635973 4.200000
      vertex 68.597661 136.505630 4.200000
      vertex 68.597661 136.505630 6.200000
    endloop
  endfacet
  facet normal -0.321439 -0.946930 0.000000
    outer loop
      vertex 68.213681 136.635973 4.200000
      vertex 68.597661 136.505630 6.200000
      vertex 68.213681 136.635973 6.200000
    endloop
  endfacet
  facet normal 0.321439 0.946930 0.000000
    outer loop
      vertex 68.787707 138.021793 4.200000
      vertex 68.985890 137.954519 6.200000
      vertex 68.985890 137.954519 4.200000
    endloop
  endfacet
  facet normal 0.321439 0.946930 -0.000000
    outer loop
      vertex 68.787707 138.021793 4.200000
      vertex 68.787707 138.021793 6.200000
      vertex 68.985890 137.954519 6.200000
    endloop
  endfacet
  facet normal -0.000000 0.000000 1.000000
    outer loop
      vertex 68.213681 136.635973 6.200000
      vertex 68.597661 136.505630 6.200000
      vertex 68.985890 137.954519 6.200000
    endloop
  endfacet
  facet normal 0.000000 0.000000 1.000000
    outer loop
      vertex 68.213681 136.635973 6.200000
      vertex 68.985890 137.954519 6.200000
      vertex 68.787707 138.021793 6.200000
    endloop
  endfacet
  facet normal 0.000000 0.000000 -1.000000
    outer loop
      vertex 68.213681 136.635973 4.200000
      vertex 68.985890 137.954519 4.200000
      vertex 68.597661 136.505630 4.200000
    endloop
  endfacet
  facet normal 0.000000 0.000000 -1.000000
    outer loop
      vertex 68.213681 136.635973 4.200000
      vertex 68.787707 138.021793 4.200000
      vertex 68.985890 137.954519 4.200000
    endloop
  endfacet
  facet normal -0.195090 -0.980785 0.000000
    outer loop
      vertex 68.597661 136.505630 4.200000
      vertex 68.995369 136.426521 4.200000
      vertex 68.995369 136.426521 6.200000
    endloop
  endfacet
  facet normal -0.195090 -0.980785 0.000000
    outer loop
      vertex 68.597661 136.505630 4.200000
      vertex 68.995369 136.426521 6.200000
      vertex 68.597661 136.505630 6.200000
    endloop
  endfacet
  facet normal 0.195090 0.980785 0.000000
    outer loop
      vertex 68.985890 137.954519 4.200000
      vertex 69.191158 137.913688 6.200000
      vertex 69.191158 137.913688 4.200000
    endloop
  endfacet
  facet normal 0.195090 0.980785 -0.000000
    outer loop
      vertex 68.985890 137.954519 4.200000
      vertex 68.985890 137.954519 6.200000
      vertex 69.191158 137.913688 6.200000
    endloop
  endfacet
  facet normal -0.000000 0.000000 1.000000
    outer loop
      vertex 68.597661 136.505630 6.200000
      vertex 68.995369 136.426521 6.200000
      vertex 69.191158 137.913688 6.200000
    endloop
  endfacet
  facet normal 0.000000 0.000000 1.000000
    outer loop
      vertex 68.597661 136.505630 6.200000
      vertex 69.191158 137.913688 6.200000
      vertex 68.985890 137.954519 6.200000
    endloop
  endfacet
  facet normal 0.000000 0.000000 -1.000000
    outer loop
      vertex 68.597661 136.505630 4.200000
      vertex 69.191158 137.913688 4.200000
      vertex 68.995369 136.426521 4.200000
    endloop
  endfacet
  facet normal 0.000000 0.000000 -1.000000
    outer loop
      vertex 68.597661 136.505630 4.200000
      vertex 68.985890 137.954519 4.200000
      vertex 69.191158 137.913688 4.200000
    endloop
  endfacet
  facet normal -0.065403 -0.997859 0.000000
    outer loop
      vertex 68.995369 136.426521 4.200000
      vertex 69.400000 136.400000 4.200000
      vertex 69.400000 136.400000 6.200000
    endloop
  endfacet
  facet normal -0.065403 -0.997859 0.000000
    outer loop
      vertex 68.995369 136.426521 4.200000
      vertex 69.400000 136.400000 6.200000
      vertex 68.995369 136.426521 6.200000
    endloop
  endfacet
  facet normal 0.065403 0.997859 0.000000
    outer loop
      vertex 69.191158 137.913688 4.200000
      vertex 69.400000 137.900000 6.200000
      vertex 69.400000 137.900000 4.200000
    endloop
  endfacet
  facet normal 0.065403 0.997859 -0.000000
    outer loop
      vertex 69.191158 137.913688 4.200000
      vertex 69.191158 137.913688 6.200000
      vertex 69.400000 137.900000 6.200000
    endloop
  endfacet
  facet normal -0.000000 0.000000 1.000000
    outer loop
      vertex 68.995369 136.426521 6.200000
      vertex 69.400000 136.400000 6.200000
      vertex 69.400000 137.900000 6.200000
    endloop
  endfacet
  facet normal 0.000000 0.000000 1.000000
    outer loop
      vertex 68.995369 136.426521 6.200000
      vertex 69.400000 137.900000 6.200000
      vertex 69.191158 137.913688 6.200000
    endloop
  endfacet
  facet normal 0.000000 0.000000 -1.000000
    outer loop
      vertex 68.995369 136.426521 4.200000
      vertex 69.400000 137.900000 4.200000
      vertex 69.400000 136.400000 4.200000
    endloop
  endfacet
  facet normal 0.000000 0.000000 -1.000000
    outer loop
      vertex 68.995369 136.426521 4.200000
      vertex 69.191158 137.913688 4.200000
      vertex 69.400000 137.900000 4.200000
    endloop
  endfacet
  facet normal 0.065403 -0.997859 0.000000
    outer loop
      vertex 69.400000 136.400000 4.200000
      vertex 69.804631 136.426521 4.200000
      vertex 69.804631 136.426521 6.200000
    endloop
  endfacet
  facet normal 0.065403 -0.997859 0.000000
    outer loop
      vertex 69.400000 136.400000 4.200000
      vertex 69.804631 136.426521 6.200000
      vertex 69.400000 136.400000 6.200000
    endloop
  endfacet
  facet normal -0.065403 0.997859 0.000000
    outer loop
      vertex 69.400000 137.900000 4.200000
      vertex 69.608842 137.913688 6.200000
      vertex 69.608842 137.913688 4.200000
    endloop
  endfacet
  facet normal -0.065403 0.997859 0.000000
    outer loop
      vertex 69.400000 137.900000 4.200000
      vertex 69.400000 137.900000 6.200000
      vertex 69.608842 137.913688 6.200000
    endloop
  endfacet
  facet normal 0.000000 0.000000 1.000000
    outer loop
      vertex 69.400000 136.400000 6.200000
      vertex 69.804631 136.426521 6.200000
      vertex 69.608842 137.913688 6.200000
    endloop
  endfacet
  facet normal 0.000000 0.000000 1.000000
    outer loop
      vertex 69.400000 136.400000 6.200000
      vertex 69.608842 137.913688 6.200000
      vertex 69.400000 137.900000 6.200000
    endloop
  endfacet
  facet normal 0.000000 0.000000 -1.000000
    outer loop
      vertex 69.400000 136.400000 4.200000
      vertex 69.608842 137.913688 4.200000
      vertex 69.804631 136.426521 4.200000
    endloop
  endfacet
  facet normal 0.000000 0.000000 -1.000000
    outer loop
      vertex 69.400000 136.400000 4.200000
      vertex 69.400000 137.900000 4.200000
      vertex 69.608842 137.913688 4.200000
    endloop
  endfacet
  facet normal 0.195090 -0.980785 0.000000
    outer loop
      vertex 69.804631 136.426521 4.200000
      vertex 70.202339 136.505630 4.200000
      vertex 70.202339 136.505630 6.200000
    endloop
  endfacet
  facet normal 0.195090 -0.980785 0.000000
    outer loop
      vertex 69.804631 136.426521 4.200000
      vertex 70.202339 136.505630 6.200000
      vertex 69.804631 136.426521 6.200000
    endloop
  endfacet
  facet normal -0.195090 0.980785 0.000000
    outer loop
      vertex 69.608842 137.913688 4.200000
      vertex 69.814110 137.954519 6.200000
      vertex 69.814110 137.954519 4.200000
    endloop
  endfacet
  facet normal -0.195090 0.980785 0.000000
    outer loop
      vertex 69.608842 137.913688 4.200000
      vertex 69.608842 137.913688 6.200000
      vertex 69.814110 137.954519 6.200000
    endloop
  endfacet
  facet normal 0.000000 0.000000 1.000000
    outer loop
      vertex 69.804631 136.426521 6.200000
      vertex 70.202339 136.505630 6.200000
      vertex 69.814110 137.954519 6.200000
    endloop
  endfacet
  facet normal 0.000000 -0.000000 1.000000
    outer loop
      vertex 69.804631 136.426521 6.200000
      vertex 69.814110 137.954519 6.200000
      vertex 69.608842 137.913688 6.200000
    endloop
  endfacet
  facet normal 0.000000 0.000000 -1.000000
    outer loop
      vertex 69.804631 136.426521 4.200000
      vertex 69.814110 137.954519 4.200000
      vertex 70.202339 136.505630 4.200000
    endloop
  endfacet
  facet normal 0.000000 0.000000 -1.000000
    outer loop
      vertex 69.804631 136.426521 4.200000
      vertex 69.608842 137.913688 4.200000
      vertex 69.814110 137.954519 4.200000
    endloop
  endfacet
  facet normal 0.321439 -0.946930 0.000000
    outer loop
      vertex 70.202339 136.505630 4.200000
      vertex 70.586319 136.635973 4.200000
      vertex 70.586319 136.635973 6.200000
    endloop
  endfacet
  facet normal 0.321439 -0.946930 0.000000
    outer loop
      vertex 70.202339 136.505630 4.200000
      vertex 70.586319 136.635973 6.200000
      vertex 70.202339 136.505630 6.200000
    endloop
  endfacet
  facet normal -0.321439 0.946930 0.000000
    outer loop
      vertex 69.814110 137.954519 4.200000
      vertex 70.012293 138.021793 6.200000
      vertex 70.012293 138.021793 4.200000
    endloop
  endfacet
  facet normal -0.321439 0.946930 0.000000
    outer loop
      vertex 69.814110 137.954519 4.200000
      vertex 69.814110 137.954519 6.200000
      vertex 70.012293 138.021793 6.200000
    endloop
  endfacet
  facet normal 0.000000 -0.000000 1.000000
    outer loop
      vertex 70.202339 136.505630 6.200000
      vertex 70.586319 136.635973 6.200000
      vertex 70.012293 138.021793 6.200000
    endloop
  endfacet
  facet normal 0.000000 0.000000 1.000000
    outer loop
      vertex 70.202339 136.505630 6.200000
      vertex 70.012293 138.021793 6.200000
      vertex 69.814110 137.954519 6.200000
    endloop
  endfacet
  facet normal 0.000000 0.000000 -1.000000
    outer loop
      vertex 70.202339 136.505630 4.200000
      vertex 70.012293 138.021793 4.200000
      vertex 70.586319 136.635973 4.200000
    endloop
  endfacet
  facet normal 0.000000 0.000000 -1.000000
    outer loop
      vertex 70.202339 136.505630 4.200000
      vertex 69.814110 137.954519 4.200000
      vertex 70.012293 138.021793 4.200000
    endloop
  endfacet
  facet normal 0.442289 -0.896873 0.000000
    outer loop
      vertex 70.586319 136.635973 4.200000
      vertex 70.950000 136.815321 4.200000
      vertex 70.950000 136.815321 6.200000
    endloop
  endfacet
  facet normal 0.442289 -0.896873 0.000000
    outer loop
      vertex 70.586319 136.635973 4.200000
      vertex 70.950000 136.815321 6.200000
      vertex 70.586319 136.635973 6.200000
    endloop
  endfacet
  facet normal -0.442289 0.896873 0.000000
    outer loop
      vertex 70.012293 138.021793 4.200000
      vertex 70.200000 138.114359 6.200000
      vertex 70.200000 138.114359 4.200000
    endloop
  endfacet
  facet normal -0.442289 0.896873 0.000000
    outer loop
      vertex 70.012293 138.021793 4.200000
      vertex 70.012293 138.021793 6.200000
      vertex 70.200000 138.114359 6.200000
    endloop
  endfacet
  facet normal 0.000000 -0.000000 1.000000
    outer loop
      vertex 70.586319 136.635973 6.200000
      vertex 70.950000 136.815321 6.200000
      vertex 70.200000 138.114359 6.200000
    endloop
  endfacet
  facet normal 0.000000 0.000000 1.000000
    outer loop
      vertex 70.586319 136.635973 6.200000
      vertex 70.200000 138.114359 6.200000
      vertex 70.012293 138.021793 6.200000
    endloop
  endfacet
  facet normal 0.000000 0.000000 -1.000000
    outer loop
      vertex 70.586319 136.635973 4.200000
      vertex 70.200000 138.114359 4.200000
      vertex 70.950000 136.815321 4.200000
    endloop
  endfacet
  facet normal 0.000000 0.000000 -1.000000
    outer loop
      vertex 70.586319 136.635973 4.200000
      vertex 70.012293 138.021793 4.200000
      vertex 70.200000 138.114359 4.200000
    endloop
  endfacet
  facet normal 0.555570 -0.831470 0.000000
    outer loop
      vertex 70.950000 136.815321 4.200000
      vertex 71.287160 137.040605 4.200000
      vertex 71.287160 137.040605 6.200000
    endloop
  endfacet
  facet normal 0.555570 -0.831470 0.000000
    outer loop
      vertex 70.950000 136.815321 4.200000
      vertex 71.287160 137.040605 6.200000
      vertex 70.950000 136.815321 6.200000
    endloop
  endfacet
  facet normal -0.555570 0.831470 0.000000
    outer loop
      vertex 70.200000 138.114359 4.200000
      vertex 70.374018 138.230635 6.200000
      vertex 70.374018 138.230635 4.200000
    endloop
  endfacet
  facet normal -0.555570 0.831470 0.000000
    outer loop
      vertex 70.200000 138.114359 4.200000
      vertex 70.200000 138.114359 6.200000
      vertex 70.374018 138.230635 6.200000
    endloop
  endfacet
  facet normal 0.000000 -0.000000 1.000000
    outer loop
      vertex 70.950000 136.815321 6.200000
      vertex 71.287160 137.040605 6.200000
      vertex 70.374018 138.230635 6.200000
    endloop
  endfacet
  facet normal 0.000000 0.000000 1.000000
    outer loop
      vertex 70.950000 136.815321 6.200000
      vertex 70.374018 138.230635 6.200000
      vertex 70.200000 138.114359 6.200000
    endloop
  endfacet
  facet normal 0.000000 0.000000 -1.000000
    outer loop
      vertex 70.950000 136.815321 4.200000
      vertex 70.374018 138.230635 4.200000
      vertex 71.287160 137.040605 4.200000
    endloop
  endfacet
  facet normal 0.000000 0.000000 -1.000000
    outer loop
      vertex 70.950000 136.815321 4.200000
      vertex 70.200000 138.114359 4.200000
      vertex 70.374018 138.230635 4.200000
    endloop
  endfacet
  facet normal 0.659346 -0.751840 0.000000
    outer loop
      vertex 71.287160 137.040605 4.200000
      vertex 71.592031 137.307969 4.200000
      vertex 71.592031 137.307969 6.200000
    endloop
  endfacet
  facet normal 0.659346 -0.751840 0.000000
    outer loop
      vertex 71.287160 137.040605 4.200000
      vertex 71.592031 137.307969 6.200000
      vertex 71.287160 137.040605 6.200000
    endloop
  endfacet
  facet normal -0.659346 0.751840 0.000000
    outer loop
      vertex 70.374018 138.230635 4.200000
      vertex 70.531371 138.368629 6.200000
      vertex 70.531371 138.368629 4.200000
    endloop
  endfacet
  facet normal -0.659346 0.751840 0.000000
    outer loop
      vertex 70.374018 138.230635 4.200000
      vertex 70.374018 138.230635 6.200000
      vertex 70.531371 138.368629 6.200000
    endloop
  endfacet
  facet normal 0.000000 -0.000000 1.000000
    outer loop
      vertex 71.287160 137.040605 6.200000
      vertex 71.592031 137.307969 6.200000
      vertex 70.531371 138.368629 6.200000
    endloop
  endfacet
  facet normal 0.000000 0.000000 1.000000
    outer loop
      vertex 71.287160 137.040605 6.200000
      vertex 70.531371 138.368629 6.200000
      vertex 70.374018 138.230635 6.200000
    endloop
  endfacet
  facet normal 0.000000 0.000000 -1.000000
    outer loop
      vertex 71.287160 137.040605 4.200000
      vertex 70.531371 138.368629 4.200000
      vertex 71.592031 137.307969 4.200000
    endloop
  endfacet
  facet normal 0.000000 0.000000 -1.000000
    outer loop
      vertex 71.287160 137.040605 4.200000
      vertex 70.374018 138.230635 4.200000
      vertex 70.531371 138.368629 4.200000
    endloop
  endfacet
  facet normal 0.751840 -0.659346 0.000000
    outer loop
      vertex 71.592031 137.307969 4.200000
      vertex 71.859395 137.612840 4.200000
      vertex 71.859395 137.612840 6.200000
    endloop
  endfacet
  facet normal 0.751840 -0.659346 0.000000
    outer loop
      vertex 71.592031 137.307969 4.200000
      vertex 71.859395 137.612840 6.200000
      vertex 71.592031 137.307969 6.200000
    endloop
  endfacet
  facet normal -0.751840 0.659346 0.000000
    outer loop
      vertex 70.531371 138.368629 4.200000
      vertex 70.669365 138.525982 6.200000
      vertex 70.669365 138.525982 4.200000
    endloop
  endfacet
  facet normal -0.751840 0.659346 0.000000
    outer loop
      vertex 70.531371 138.368629 4.200000
      vertex 70.531371 138.368629 6.200000
      vertex 70.669365 138.525982 6.200000
    endloop
  endfacet
  facet normal 0.000000 -0.000000 1.000000
    outer loop
      vertex 71.592031 137.307969 6.200000
      vertex 71.859395 137.612840 6.200000
      vertex 70.669365 138.525982 6.200000
    endloop
  endfacet
  facet normal 0.000000 0.000000 1.000000
    outer loop
      vertex 71.592031 137.307969 6.200000
      vertex 70.669365 138.525982 6.200000
      vertex 70.531371 138.368629 6.200000
    endloop
  endfacet
  facet normal 0.000000 0.000000 -1.000000
    outer loop
      vertex 71.592031 137.307969 4.200000
      vertex 70.669365 138.525982 4.200000
      vertex 71.859395 137.612840 4.200000
    endloop
  endfacet
  facet normal 0.000000 0.000000 -1.000000
    outer loop
      vertex 71.592031 137.307969 4.200000
      vertex 70.531371 138.368629 4.200000
      vertex 70.669365 138.525982 4.200000
    endloop
  endfacet
  facet normal 0.831470 -0.555570 0.000000
    outer loop
      vertex 71.859395 137.612840 4.200000
      vertex 72.084679 137.950000 4.200000
      vertex 72.084679 137.950000 6.200000
    endloop
  endfacet
  facet normal 0.831470 -0.555570 0.000000
    outer loop
      vertex 71.859395 137.612840 4.200000
      vertex 72.084679 137.950000 6.200000
      vertex 71.859395 137.612840 6.200000
    endloop
  endfacet
  facet normal -0.831470 0.555570 0.000000
    outer loop
      vertex 70.669365 138.525982 4.200000
      vertex 70.785641 138.700000 6.200000
      vertex 70.785641 138.700000 4.200000
    endloop
  endfacet
  facet normal -0.831470 0.555570 0.000000
    outer loop
      vertex 70.669365 138.525982 4.200000
      vertex 70.669365 138.525982 6.200000
      vertex 70.785641 138.700000 6.200000
    endloop
  endfacet
  facet normal 0.000000 -0.000000 1.000000
    outer loop
      vertex 71.859395 137.612840 6.200000
      vertex 72.084679 137.950000 6.200000
      vertex 70.785641 138.700000 6.200000
    endloop
  endfacet
  facet normal 0.000000 0.000000 1.000000
    outer loop
      vertex 71.859395 137.612840 6.200000
      vertex 70.785641 138.700000 6.200000
      vertex 70.669365 138.525982 6.200000
    endloop
  endfacet
  facet normal 0.000000 0.000000 -1.000000
    outer loop
      vertex 71.859395 137.612840 4.200000
      vertex 70.785641 138.700000 4.200000
      vertex 72.084679 137.950000 4.200000
    endloop
  endfacet
  facet normal 0.000000 0.000000 -1.000000
    outer loop
      vertex 71.859395 137.612840 4.200000
      vertex 70.669365 138.525982 4.200000
      vertex 70.785641 138.700000 4.200000
    endloop
  endfacet
  facet normal 0.896873 -0.442289 0.000000
    outer loop
      vertex 72.084679 137.950000 4.200000
      vertex 72.264027 138.313681 4.200000
      vertex 72.264027 138.313681 6.200000
    endloop
  endfacet
  facet normal 0.896873 -0.442289 0.000000
    outer loop
      vertex 72.084679 137.950000 4.200000
      vertex 72.264027 138.313681 6.200000
      vertex 72.084679 137.950000 6.200000
    endloop
  endfacet
  facet normal -0.896873 0.442289 0.000000
    outer loop
      vertex 70.785641 138.700000 4.200000
      vertex 70.878207 138.887707 6.200000
      vertex 70.878207 138.887707 4.200000
    endloop
  endfacet
  facet normal -0.896873 0.442289 0.000000
    outer loop
      vertex 70.785641 138.700000 4.200000
      vertex 70.785641 138.700000 6.200000
      vertex 70.878207 138.887707 6.200000
    endloop
  endfacet
  facet normal 0.000000 -0.000000 1.000000
    outer loop
      vertex 72.084679 137.950000 6.200000
      vertex 72.264027 138.313681 6.200000
      vertex 70.878207 138.887707 6.200000
    endloop
  endfacet
  facet normal 0.000000 0.000000 1.000000
    outer loop
      vertex 72.084679 137.950000 6.200000
      vertex 70.878207 138.887707 6.200000
      vertex 70.785641 138.700000 6.200000
    endloop
  endfacet
  facet normal 0.000000 0.000000 -1.000000
    outer loop
      vertex 72.084679 137.950000 4.200000
      vertex 70.878207 138.887707 4.200000
      vertex 72.264027 138.313681 4.200000
    endloop
  endfacet
  facet normal 0.000000 0.000000 -1.000000
    outer loop
      vertex 72.084679 137.950000 4.200000
      vertex 70.785641 138.700000 4.200000
      vertex 70.878207 138.887707 4.200000
    endloop
  endfacet
  facet normal 0.946930 -0.321439 0.000000
    outer loop
      vertex 72.264027 138.313681 4.200000
      vertex 72.394370 138.697661 4.200000
      vertex 72.394370 138.697661 6.200000
    endloop
  endfacet
  facet normal 0.946930 -0.321439 0.000000
    outer loop
      vertex 72.264027 138.313681 4.200000
      vertex 72.394370 138.697661 6.200000
      vertex 72.264027 138.313681 6.200000
    endloop
  endfacet
  facet normal -0.946930 0.321439 0.000000
    outer loop
      vertex 70.878207 138.887707 4.200000
      vertex 70.945481 139.085890 6.200000
      vertex 70.945481 139.085890 4.200000
    endloop
  endfacet
  facet normal -0.946930 0.321439 0.000000
    outer loop
      vertex 70.878207 138.887707 4.200000
      vertex 70.878207 138.887707 6.200000
      vertex 70.945481 139.085890 6.200000
    endloop
  endfacet
  facet normal 0.000000 -0.000000 1.000000
    outer loop
      vertex 72.264027 138.313681 6.200000
      vertex 72.394370 138.697661 6.200000
      vertex 70.945481 139.085890 6.200000
    endloop
  endfacet
  facet normal 0.000000 0.000000 1.000000
    outer loop
      vertex 72.264027 138.313681 6.200000
      vertex 70.945481 139.085890 6.200000
      vertex 70.878207 138.887707 6.200000
    endloop
  endfacet
  facet normal 0.000000 0.000000 -1.000000
    outer loop
      vertex 72.264027 138.313681 4.200000
      vertex 70.945481 139.085890 4.200000
      vertex 72.394370 138.697661 4.200000
    endloop
  endfacet
  facet normal 0.000000 0.000000 -1.000000
    outer loop
      vertex 72.264027 138.313681 4.200000
      vertex 70.878207 138.887707 4.200000
      vertex 70.945481 139.085890 4.200000
    endloop
  endfacet
  facet normal 0.980785 -0.195090 0.000000
    outer loop
      vertex 72.394370 138.697661 4.200000
      vertex 72.473479 139.095369 4.200000
      vertex 72.473479 139.095369 6.200000
    endloop
  endfacet
  facet normal 0.980785 -0.195090 0.000000
    outer loop
      vertex 72.394370 138.697661 4.200000
      vertex 72.473479 139.095369 6.200000
      vertex 72.394370 138.697661 6.200000
    endloop
  endfacet
  facet normal -0.980785 0.195090 0.000000
    outer loop
      vertex 70.945481 139.085890 4.200000
      vertex 70.986312 139.291158 6.200000
      vertex 70.986312 139.291158 4.200000
    endloop
  endfacet
  facet normal -0.980785 0.195090 0.000000
    outer loop
      vertex 70.945481 139.085890 4.200000
      vertex 70.945481 139.085890 6.200000
      vertex 70.986312 139.291158 6.200000
    endloop
  endfacet
  facet normal 0.000000 -0.000000 1.000000
    outer loop
      vertex 72.394370 138.697661 6.200000
      vertex 72.473479 139.095369 6.200000
      vertex 70.986312 139.291158 6.200000
    endloop
  endfacet
  facet normal 0.000000 0.000000 1.000000
    outer loop
      vertex 72.394370 138.697661 6.200000
      vertex 70.986312 139.291158 6.200000
      vertex 70.945481 139.085890 6.200000
    endloop
  endfacet
  facet normal 0.000000 0.000000 -1.000000
    outer loop
      vertex 72.394370 138.697661 4.200000
      vertex 70.986312 139.291158 4.200000
      vertex 72.473479 139.095369 4.200000
    endloop
  endfacet
  facet normal 0.000000 0.000000 -1.000000
    outer loop
      vertex 72.394370 138.697661 4.200000
      vertex 70.945481 139.085890 4.200000
      vertex 70.986312 139.291158 4.200000
    endloop
  endfacet
  facet normal 0.997859 -0.065403 0.000000
    outer loop
      vertex 72.473479 139.095369 4.200000
      vertex 72.500000 139.500000 4.200000
      vertex 72.500000 139.500000 6.200000
    endloop
  endfacet
  facet normal 0.997859 -0.065403 0.000000
    outer loop
      vertex 72.473479 139.095369 4.200000
      vertex 72.500000 139.500000 6.200000
      vertex 72.473479 139.095369 6.200000
    endloop
  endfacet
  facet normal -0.997859 0.065403 0.000000
    outer loop
      vertex 70.986312 139.291158 4.200000
      vertex 71.000000 139.500000 6.200000
      vertex 71.000000 139.500000 4.200000
    endloop
  endfacet
  facet normal -0.997859 0.065403 0.000000
    outer loop
      vertex 70.986312 139.291158 4.200000
      vertex 70.986312 139.291158 6.200000
      vertex 71.000000 139.500000 6.200000
    endloop
  endfacet
  facet normal 0.000000 -0.000000 1.000000
    outer loop
      vertex 72.473479 139.095369 6.200000
      vertex 72.500000 139.500000 6.200000
      vertex 71.000000 139.500000 6.200000
    endloop
  endfacet
  facet normal 0.000000 0.000000 1.000000
    outer loop
      vertex 72.473479 139.095369 6.200000
      vertex 71.000000 139.500000 6.200000
      vertex 70.986312 139.291158 6.200000
    endloop
  endfacet
  facet normal 0.000000 0.000000 -1.000000
    outer loop
      vertex 72.473479 139.095369 4.200000
      vertex 71.000000 139.500000 4.200000
      vertex 72.500000 139.500000 4.200000
    endloop
  endfacet
  facet normal 0.000000 0.000000 -1.000000
    outer loop
      vertex 72.473479 139.095369 4.200000
      vertex 70.986312 139.291158 4.200000
      vertex 71.000000 139.500000 4.200000
    endloop
  endfacet
endsolid 02_main_board_retainer
