solid 04_head_board_camera_effect_chamber
  facet normal 0.000000 0.000000 -1.000000
    outer loop
      vertex 0.000000 0.000000 0.000000
      vertex 58.000000 114.000000 0.000000
      vertex 58.000000 0.000000 0.000000
    endloop
  endfacet
  facet normal 0.000000 0.000000 -1.000000
    outer loop
      vertex 0.000000 0.000000 0.000000
      vertex 0.000000 114.000000 0.000000
      vertex 58.000000 114.000000 0.000000
    endloop
  endfacet
  facet normal 0.000000 0.000000 1.000000
    outer loop
      vertex 0.000000 0.000000 2.000000
      vertex 58.000000 0.000000 2.000000
      vertex 58.000000 114.000000 2.000000
    endloop
  endfacet
  facet normal 0.000000 0.000000 1.000000
    outer loop
      vertex 0.000000 0.000000 2.000000
      vertex 58.000000 114.000000 2.000000
      vertex 0.000000 114.000000 2.000000
    endloop
  endfacet
  facet normal 0.000000 -1.000000 0.000000
    outer loop
      vertex 0.000000 0.000000 0.000000
      vertex 58.000000 0.000000 0.000000
      vertex 58.000000 0.000000 2.000000
    endloop
  endfacet
  facet normal 0.000000 -1.000000 0.000000
    outer loop
      vertex 0.000000 0.000000 0.000000
      vertex 58.000000 0.000000 2.000000
      vertex 0.000000 0.000000 2.000000
    endloop
  endfacet
  facet normal 1.000000 0.000000 0.000000
    outer loop
      vertex 58.000000 0.000000 0.000000
      vertex 58.000000 114.000000 0.000000
      vertex 58.000000 114.000000 2.000000
    endloop
  endfacet
  facet normal 1.000000 0.000000 0.000000
    outer loop
      vertex 58.000000 0.000000 0.000000
      vertex 58.000000 114.000000 2.000000
      vertex 58.000000 0.000000 2.000000
    endloop
  endfacet
  facet normal 0.000000 1.000000 0.000000
    outer loop
      vertex 58.000000 114.000000 0.000000
      vertex 0.000000 114.000000 0.000000
      vertex 0.000000 114.000000 2.000000
    endloop
  endfacet
  facet normal 0.000000 1.000000 -0.000000
    outer loop
      vertex 58.000000 114.000000 0.000000
      vertex 0.000000 114.000000 2.000000
      vertex 58.000000 114.000000 2.000000
    endloop
  endfacet
  facet normal -1.000000 0.000000 0.000000
    outer loop
      vertex 0.000000 114.000000 0.000000
      vertex 0.000000 0.000000 0.000000
      vertex 0.000000 0.000000 2.000000
    endloop
  endfacet
  facet normal -1.000000 0.000000 0.000000
    outer loop
      vertex 0.000000 114.000000 0.000000
      vertex 0.000000 0.000000 2.000000
      vertex 0.000000 114.000000 2.000000
    endloop
  endfacet
  facet normal 0.000000 0.000000 -1.000000
    outer loop
      vertex 0.000000 0.000000 2.000000
      vertex 58.000000 2.000000 2.000000
      vertex 58.000000 0.000000 2.000000
    endloop
  endfacet
  facet normal 0.000000 0.000000 -1.000000
    outer loop
      vertex 0.000000 0.000000 2.000000
      vertex 0.000000 2.000000 2.000000
      vertex 58.000000 2.000000 2.000000
    endloop
  endfacet
  facet normal 0.000000 0.000000 1.000000
    outer loop
      vertex 0.000000 0.000000 16.000000
      vertex 58.000000 0.000000 16.000000
      vertex 58.000000 2.000000 16.000000
    endloop
  endfacet
  facet normal 0.000000 0.000000 1.000000
    outer loop
      vertex 0.000000 0.000000 16.000000
      vertex 58.000000 2.000000 16.000000
      vertex 0.000000 2.000000 16.000000
    endloop
  endfacet
  facet normal 0.000000 -1.000000 0.000000
    outer loop
      vertex 0.000000 0.000000 2.000000
      vertex 58.000000 0.000000 2.000000
      vertex 58.000000 0.000000 16.000000
    endloop
  endfacet
  facet normal 0.000000 -1.000000 0.000000
    outer loop
      vertex 0.000000 0.000000 2.000000
      vertex 58.000000 0.000000 16.000000
      vertex 0.000000 0.000000 16.000000
    endloop
  endfacet
  facet normal 1.000000 0.000000 0.000000
    outer loop
      vertex 58.000000 0.000000 2.000000
      vertex 58.000000 2.000000 2.000000
      vertex 58.000000 2.000000 16.000000
    endloop
  endfacet
  facet normal 1.000000 0.000000 0.000000
    outer loop
      vertex 58.000000 0.000000 2.000000
      vertex 58.000000 2.000000 16.000000
      vertex 58.000000 0.000000 16.000000
    endloop
  endfacet
  facet normal 0.000000 1.000000 0.000000
    outer loop
      vertex 58.000000 2.000000 2.000000
      vertex 0.000000 2.000000 2.000000
      vertex 0.000000 2.000000 16.000000
    endloop
  endfacet
  facet normal 0.000000 1.000000 -0.000000
    outer loop
      vertex 58.000000 2.000000 2.000000
      vertex 0.000000 2.000000 16.000000
      vertex 58.000000 2.000000 16.000000
    endloop
  endfacet
  facet normal -1.000000 0.000000 0.000000
    outer loop
      vertex 0.000000 2.000000 2.000000
      vertex 0.000000 0.000000 2.000000
      vertex 0.000000 0.000000 16.000000
    endloop
  endfacet
  facet normal -1.000000 0.000000 0.000000
    outer loop
      vertex 0.000000 2.000000 2.000000
      vertex 0.000000 0.000000 16.000000
      vertex 0.000000 2.000000 16.000000
    endloop
  endfacet
  facet normal 0.000000 0.000000 -1.000000
    outer loop
      vertex 0.000000 80.000000 2.000000
      vertex 58.000000 82.000000 2.000000
      vertex 58.000000 80.000000 2.000000
    endloop
  endfacet
  facet normal 0.000000 0.000000 -1.000000
    outer loop
      vertex 0.000000 80.000000 2.000000
      vertex 0.000000 82.000000 2.000000
      vertex 58.000000 82.000000 2.000000
    endloop
  endfacet
  facet normal 0.000000 0.000000 1.000000
    outer loop
      vertex 0.000000 80.000000 16.000000
      vertex 58.000000 80.000000 16.000000
      vertex 58.000000 82.000000 16.000000
    endloop
  endfacet
  facet normal 0.000000 0.000000 1.000000
    outer loop
      vertex 0.000000 80.000000 16.000000
      vertex 58.000000 82.000000 16.000000
      vertex 0.000000 82.000000 16.000000
    endloop
  endfacet
  facet normal 0.000000 -1.000000 0.000000
    outer loop
      vertex 0.000000 80.000000 2.000000
      vertex 58.000000 80.000000 2.000000
      vertex 58.000000 80.000000 16.000000
    endloop
  endfacet
  facet normal 0.000000 -1.000000 0.000000
    outer loop
      vertex 0.000000 80.000000 2.000000
      vertex 58.000000 80.000000 16.000000
      vertex 0.000000 80.000000 16.000000
    endloop
  endfacet
  facet normal 1.000000 0.000000 0.000000
    outer loop
      vertex 58.000000 80.000000 2.000000
      vertex 58.000000 82.000000 2.000000
      vertex 58.000000 82.000000 16.000000
    endloop
  endfacet
  facet normal 1.000000 0.000000 0.000000
    outer loop
      vertex 58.000000 80.000000 2.000000
      vertex 58.000000 82.000000 16.000000
      vertex 58.000000 80.000000 16.000000
    endloop
  endfacet
  facet normal 0.000000 1.000000 0.000000
    outer loop
      vertex 58.000000 82.000000 2.000000
      vertex 0.000000 82.000000 2.000000
      vertex 0.000000 82.000000 16.000000
    endloop
  endfacet
  facet normal 0.000000 1.000000 -0.000000
    outer loop
      vertex 58.000000 82.000000 2.000000
      vertex 0.000000 82.000000 16.000000
      vertex 58.000000 82.000000 16.000000
    endloop
  endfacet
  facet normal -1.000000 0.000000 0.000000
    outer loop
      vertex 0.000000 82.000000 2.000000
      vertex 0.000000 80.000000 2.000000
      vertex 0.000000 80.000000 16.000000
    endloop
  endfacet
  facet normal -1.000000 0.000000 0.000000
    outer loop
      vertex 0.000000 82.000000 2.000000
      vertex 0.000000 80.000000 16.000000
      vertex 0.000000 82.000000 16.000000
    endloop
  endfacet
  facet normal 0.000000 0.000000 -1.000000
    outer loop
      vertex 0.000000 2.000000 2.000000
      vertex 2.000000 80.000000 2.000000
      vertex 2.000000 2.000000 2.000000
    endloop
  endfacet
  facet normal 0.000000 0.000000 -1.000000
    outer loop
      vertex 0.000000 2.000000 2.000000
      vertex 0.000000 80.000000 2.000000
      vertex 2.000000 80.000000 2.000000
    endloop
  endfacet
  facet normal 0.000000 0.000000 1.000000
    outer loop
      vertex 0.000000 2.000000 16.000000
      vertex 2.000000 2.000000 16.000000
      vertex 2.000000 80.000000 16.000000
    endloop
  endfacet
  facet normal 0.000000 0.000000 1.000000
    outer loop
      vertex 0.000000 2.000000 16.000000
      vertex 2.000000 80.000000 16.000000
      vertex 0.000000 80.000000 16.000000
    endloop
  endfacet
  facet normal 0.000000 -1.000000 0.000000
    outer loop
      vertex 0.000000 2.000000 2.000000
      vertex 2.000000 2.000000 2.000000
      vertex 2.000000 2.000000 16.000000
    endloop
  endfacet
  facet normal 0.000000 -1.000000 0.000000
    outer loop
      vertex 0.000000 2.000000 2.000000
      vertex 2.000000 2.000000 16.000000
      vertex 0.000000 2.000000 16.000000
    endloop
  endfacet
  facet normal 1.000000 0.000000 0.000000
    outer loop
      vertex 2.000000 2.000000 2.000000
      vertex 2.000000 80.000000 2.000000
      vertex 2.000000 80.000000 16.000000
    endloop
  endfacet
  facet normal 1.000000 0.000000 0.000000
    outer loop
      vertex 2.000000 2.000000 2.000000
      vertex 2.000000 80.000000 16.000000
      vertex 2.000000 2.000000 16.000000
    endloop
  endfacet
  facet normal 0.000000 1.000000 0.000000
    outer loop
      vertex 2.000000 80.000000 2.000000
      vertex 0.000000 80.000000 2.000000
      vertex 0.000000 80.000000 16.000000
    endloop
  endfacet
  facet normal 0.000000 1.000000 -0.000000
    outer loop
      vertex 2.000000 80.000000 2.000000
      vertex 0.000000 80.000000 16.000000
      vertex 2.000000 80.000000 16.000000
    endloop
  endfacet
  facet normal -1.000000 0.000000 0.000000
    outer loop
      vertex 0.000000 80.000000 2.000000
      vertex 0.000000 2.000000 2.000000
      vertex 0.000000 2.000000 16.000000
    endloop
  endfacet
  facet normal -1.000000 0.000000 0.000000
    outer loop
      vertex 0.000000 80.000000 2.000000
      vertex 0.000000 2.000000 16.000000
      vertex 0.000000 80.000000 16.000000
    endloop
  endfacet
  facet normal 0.000000 0.000000 -1.000000
    outer loop
      vertex 56.000000 2.000000 2.000000
      vertex 58.000000 80.000000 2.000000
      vertex 58.000000 2.000000 2.000000
    endloop
  endfacet
  facet normal 0.000000 0.000000 -1.000000
    outer loop
      vertex 56.000000 2.000000 2.000000
      vertex 56.000000 80.000000 2.000000
      vertex 58.000000 80.000000 2.000000
    endloop
  endfacet
  facet normal 0.000000 0.000000 1.000000
    outer loop
      vertex 56.000000 2.000000 16.000000
      vertex 58.000000 2.000000 16.000000
      vertex 58.000000 80.000000 16.000000
    endloop
  endfacet
  facet normal 0.000000 0.000000 1.000000
    outer loop
      vertex 56.000000 2.000000 16.000000
      vertex 58.000000 80.000000 16.000000
      vertex 56.000000 80.000000 16.000000
    endloop
  endfacet
  facet normal 0.000000 -1.000000 0.000000
    outer loop
      vertex 56.000000 2.000000 2.000000
      vertex 58.000000 2.000000 2.000000
      vertex 58.000000 2.000000 16.000000
    endloop
  endfacet
  facet normal 0.000000 -1.000000 0.000000
    outer loop
      vertex 56.000000 2.000000 2.000000
      vertex 58.000000 2.000000 16.000000
      vertex 56.000000 2.000000 16.000000
    endloop
  endfacet
  facet normal 1.000000 0.000000 0.000000
    outer loop
      vertex 58.000000 2.000000 2.000000
      vertex 58.000000 80.000000 2.000000
      vertex 58.000000 80.000000 16.000000
    endloop
  endfacet
  facet normal 1.000000 0.000000 0.000000
    outer loop
      vertex 58.000000 2.000000 2.000000
      vertex 58.000000 80.000000 16.000000
      vertex 58.000000 2.000000 16.000000
    endloop
  endfacet
  facet normal 0.000000 1.000000 0.000000
    outer loop
      vertex 58.000000 80.000000 2.000000
      vertex 56.000000 80.000000 2.000000
      vertex 56.000000 80.000000 16.000000
    endloop
  endfacet
  facet normal 0.000000 1.000000 -0.000000
    outer loop
      vertex 58.000000 80.000000 2.000000
      vertex 56.000000 80.000000 16.000000
      vertex 58.000000 80.000000 16.000000
    endloop
  endfacet
  facet normal -1.000000 0.000000 0.000000
    outer loop
      vertex 56.000000 80.000000 2.000000
      vertex 56.000000 2.000000 2.000000
      vertex 56.000000 2.000000 16.000000
    endloop
  endfacet
  facet normal -1.000000 0.000000 0.000000
    outer loop
      vertex 56.000000 80.000000 2.000000
      vertex 56.000000 2.000000 16.000000
      vertex 56.000000 80.000000 16.000000
    endloop
  endfacet
  facet normal 0.000000 0.000000 -1.000000
    outer loop
      vertex 2.050000 6.000000 2.000000
      vertex 3.650000 98.000000 2.000000
      vertex 3.650000 6.000000 2.000000
    endloop
  endfacet
  facet normal 0.000000 0.000000 -1.000000
    outer loop
      vertex 2.050000 6.000000 2.000000
      vertex 2.050000 98.000000 2.000000
      vertex 3.650000 98.000000 2.000000
    endloop
  endfacet
  facet normal 0.000000 0.000000 1.000000
    outer loop
      vertex 2.050000 6.000000 6.000000
      vertex 3.650000 6.000000 6.000000
      vertex 3.650000 98.000000 6.000000
    endloop
  endfacet
  facet normal 0.000000 0.000000 1.000000
    outer loop
      vertex 2.050000 6.000000 6.000000
      vertex 3.650000 98.000000 6.000000
      vertex 2.050000 98.000000 6.000000
    endloop
  endfacet
  facet normal 0.000000 -1.000000 0.000000
    outer loop
      vertex 2.050000 6.000000 2.000000
      vertex 3.650000 6.000000 2.000000
      vertex 3.650000 6.000000 6.000000
    endloop
  endfacet
  facet normal 0.000000 -1.000000 0.000000
    outer loop
      vertex 2.050000 6.000000 2.000000
      vertex 3.650000 6.000000 6.000000
      vertex 2.050000 6.000000 6.000000
    endloop
  endfacet
  facet normal 1.000000 0.000000 0.000000
    outer loop
      vertex 3.650000 6.000000 2.000000
      vertex 3.650000 98.000000 2.000000
      vertex 3.650000 98.000000 6.000000
    endloop
  endfacet
  facet normal 1.000000 0.000000 0.000000
    outer loop
      vertex 3.650000 6.000000 2.000000
      vertex 3.650000 98.000000 6.000000
      vertex 3.650000 6.000000 6.000000
    endloop
  endfacet
  facet normal 0.000000 1.000000 0.000000
    outer loop
      vertex 3.650000 98.000000 2.000000
      vertex 2.050000 98.000000 2.000000
      vertex 2.050000 98.000000 6.000000
    endloop
  endfacet
  facet normal 0.000000 1.000000 -0.000000
    outer loop
      vertex 3.650000 98.000000 2.000000
      vertex 2.050000 98.000000 6.000000
      vertex 3.650000 98.000000 6.000000
    endloop
  endfacet
  facet normal -1.000000 0.000000 0.000000
    outer loop
      vertex 2.050000 98.000000 2.000000
      vertex 2.050000 6.000000 2.000000
      vertex 2.050000 6.000000 6.000000
    endloop
  endfacet
  facet normal -1.000000 0.000000 0.000000
    outer loop
      vertex 2.050000 98.000000 2.000000
      vertex 2.050000 6.000000 6.000000
      vertex 2.050000 98.000000 6.000000
    endloop
  endfacet
  facet normal 0.000000 0.000000 -1.000000
    outer loop
      vertex 54.350000 6.000000 2.000000
      vertex 55.950000 98.000000 2.000000
      vertex 55.950000 6.000000 2.000000
    endloop
  endfacet
  facet normal 0.000000 0.000000 -1.000000
    outer loop
      vertex 54.350000 6.000000 2.000000
      vertex 54.350000 98.000000 2.000000
      vertex 55.950000 98.000000 2.000000
    endloop
  endfacet
  facet normal 0.000000 0.000000 1.000000
    outer loop
      vertex 54.350000 6.000000 6.000000
      vertex 55.950000 6.000000 6.000000
      vertex 55.950000 98.000000 6.000000
    endloop
  endfacet
  facet normal 0.000000 0.000000 1.000000
    outer loop
      vertex 54.350000 6.000000 6.000000
      vertex 55.950000 98.000000 6.000000
      vertex 54.350000 98.000000 6.000000
    endloop
  endfacet
  facet normal 0.000000 -1.000000 0.000000
    outer loop
      vertex 54.350000 6.000000 2.000000
      vertex 55.950000 6.000000 2.000000
      vertex 55.950000 6.000000 6.000000
    endloop
  endfacet
  facet normal 0.000000 -1.000000 0.000000
    outer loop
      vertex 54.350000 6.000000 2.000000
      vertex 55.950000 6.000000 6.000000
      vertex 54.350000 6.000000 6.000000
    endloop
  endfacet
  facet normal 1.000000 0.000000 0.000000
    outer loop
      vertex 55.950000 6.000000 2.000000
      vertex 55.950000 98.000000 2.000000
      vertex 55.950000 98.000000 6.000000
    endloop
  endfacet
  facet normal 1.000000 0.000000 0.000000
    outer loop
      vertex 55.950000 6.000000 2.000000
      vertex 55.950000 98.000000 6.000000
      vertex 55.950000 6.000000 6.000000
    endloop
  endfacet
  facet normal 0.000000 1.000000 0.000000
    outer loop
      vertex 55.950000 98.000000 2.000000
      vertex 54.350000 98.000000 2.000000
      vertex 54.350000 98.000000 6.000000
    endloop
  endfacet
  facet normal 0.000000 1.000000 -0.000000
    outer loop
      vertex 55.950000 98.000000 2.000000
      vertex 54.350000 98.000000 6.000000
      vertex 55.950000 98.000000 6.000000
    endloop
  endfacet
  facet normal -1.000000 0.000000 0.000000
    outer loop
      vertex 54.350000 98.000000 2.000000
      vertex 54.350000 6.000000 2.000000
      vertex 54.350000 6.000000 6.000000
    endloop
  endfacet
  facet normal -1.000000 0.000000 0.000000
    outer loop
      vertex 54.350000 98.000000 2.000000
      vertex 54.350000 6.000000 6.000000
      vertex 54.350000 98.000000 6.000000
    endloop
  endfacet
  facet normal 0.000000 0.000000 -1.000000
    outer loop
      vertex 2.050000 98.000000 2.000000
      vertex 55.950000 99.600000 2.000000
      vertex 55.950000 98.000000 2.000000
    endloop
  endfacet
  facet normal 0.000000 0.000000 -1.000000
    outer loop
      vertex 2.050000 98.000000 2.000000
      vertex 2.050000 99.600000 2.000000
      vertex 55.950000 99.600000 2.000000
    endloop
  endfacet
  facet normal 0.000000 0.000000 1.000000
    outer loop
      vertex 2.050000 98.000000 6.000000
      vertex 55.950000 98.000000 6.000000
      vertex 55.950000 99.600000 6.000000
    endloop
  endfacet
  facet normal 0.000000 0.000000 1.000000
    outer loop
      vertex 2.050000 98.000000 6.000000
      vertex 55.950000 99.600000 6.000000
      vertex 2.050000 99.600000 6.000000
    endloop
  endfacet
  facet normal 0.000000 -1.000000 0.000000
    outer loop
      vertex 2.050000 98.000000 2.000000
      vertex 55.950000 98.000000 2.000000
      vertex 55.950000 98.000000 6.000000
    endloop
  endfacet
  facet normal 0.000000 -1.000000 0.000000
    outer loop
      vertex 2.050000 98.000000 2.000000
      vertex 55.950000 98.000000 6.000000
      vertex 2.050000 98.000000 6.000000
    endloop
  endfacet
  facet normal 1.000000 0.000000 0.000000
    outer loop
      vertex 55.950000 98.000000 2.000000
      vertex 55.950000 99.600000 2.000000
      vertex 55.950000 99.600000 6.000000
    endloop
  endfacet
  facet normal 1.000000 0.000000 0.000000
    outer loop
      vertex 55.950000 98.000000 2.000000
      vertex 55.950000 99.600000 6.000000
      vertex 55.950000 98.000000 6.000000
    endloop
  endfacet
  facet normal 0.000000 1.000000 0.000000
    outer loop
      vertex 55.950000 99.600000 2.000000
      vertex 2.050000 99.600000 2.000000
      vertex 2.050000 99.600000 6.000000
    endloop
  endfacet
  facet normal 0.000000 1.000000 -0.000000
    outer loop
      vertex 55.950000 99.600000 2.000000
      vertex 2.050000 99.600000 6.000000
      vertex 55.950000 99.600000 6.000000
    endloop
  endfacet
  facet normal -1.000000 0.000000 0.000000
    outer loop
      vertex 2.050000 99.600000 2.000000
      vertex 2.050000 98.000000 2.000000
      vertex 2.050000 98.000000 6.000000
    endloop
  endfacet
  facet normal -1.000000 0.000000 0.000000
    outer loop
      vertex 2.050000 99.600000 2.000000
      vertex 2.050000 98.000000 6.000000
      vertex 2.050000 99.600000 6.000000
    endloop
  endfacet
  facet normal 0.997859 0.065403 0.000000
    outer loop
      vertex 10.500000 7.000000 2.000000
      vertex 10.470057 7.456842 2.000000
      vertex 10.470057 7.456842 8.000000
    endloop
  endfacet
  facet normal 0.997859 0.065403 -0.000000
    outer loop
      vertex 10.500000 7.000000 2.000000
      vertex 10.470057 7.456842 8.000000
      vertex 10.500000 7.000000 8.000000
    endloop
  endfacet
  facet normal -0.997859 -0.065403 0.000000
    outer loop
      vertex 8.600000 7.000000 2.000000
      vertex 8.586312 7.208842 8.000000
      vertex 8.586312 7.208842 2.000000
    endloop
  endfacet
  facet normal -0.997859 -0.065403 0.000000
    outer loop
      vertex 8.600000 7.000000 2.000000
      vertex 8.600000 7.000000 8.000000
      vertex 8.586312 7.208842 8.000000
    endloop
  endfacet
  facet normal 0.000000 0.000000 1.000000
    outer loop
      vertex 10.500000 7.000000 8.000000
      vertex 10.470057 7.456842 8.000000
      vertex 8.586312 7.208842 8.000000
    endloop
  endfacet
  facet normal 0.000000 0.000000 1.000000
    outer loop
      vertex 10.500000 7.000000 8.000000
      vertex 8.586312 7.208842 8.000000
      vertex 8.600000 7.000000 8.000000
    endloop
  endfacet
  facet normal 0.000000 0.000000 -1.000000
    outer loop
      vertex 10.500000 7.000000 2.000000
      vertex 8.586312 7.208842 2.000000
      vertex 10.470057 7.456842 2.000000
    endloop
  endfacet
  facet normal 0.000000 0.000000 -1.000000
    outer loop
      vertex 10.500000 7.000000 2.000000
      vertex 8.600000 7.000000 2.000000
      vertex 8.586312 7.208842 2.000000
    endloop
  endfacet
  facet normal 0.980785 0.195090 0.000000
    outer loop
      vertex 10.470057 7.456842 2.000000
      vertex 10.380740 7.905867 2.000000
      vertex 10.380740 7.905867 8.000000
    endloop
  endfacet
  facet normal 0.980785 0.195090 -0.000000
    outer loop
      vertex 10.470057 7.456842 2.000000
      vertex 10.380740 7.905867 8.000000
      vertex 10.470057 7.456842 8.000000
    endloop
  endfacet
  facet normal -0.980785 -0.195090 0.000000
    outer loop
      vertex 8.586312 7.208842 2.000000
      vertex 8.545481 7.414110 8.000000
      vertex 8.545481 7.414110 2.000000
    endloop
  endfacet
  facet normal -0.980785 -0.195090 0.000000
    outer loop
      vertex 8.586312 7.208842 2.000000
      vertex 8.586312 7.208842 8.000000
      vertex 8.545481 7.414110 8.000000
    endloop
  endfacet
  facet normal 0.000000 0.000000 1.000000
    outer loop
      vertex 10.470057 7.456842 8.000000
      vertex 10.380740 7.905867 8.000000
      vertex 8.545481 7.414110 8.000000
    endloop
  endfacet
  facet normal 0.000000 0.000000 1.000000
    outer loop
      vertex 10.470057 7.456842 8.000000
      vertex 8.545481 7.414110 8.000000
      vertex 8.586312 7.208842 8.000000
    endloop
  endfacet
  facet normal -0.000000 0.000000 -1.000000
    outer loop
      vertex 10.470057 7.456842 2.000000
      vertex 8.545481 7.414110 2.000000
      vertex 10.380740 7.905867 2.000000
    endloop
  endfacet
  facet normal 0.000000 0.000000 -1.000000
    outer loop
      vertex 10.470057 7.456842 2.000000
      vertex 8.586312 7.208842 2.000000
      vertex 8.545481 7.414110 2.000000
    endloop
  endfacet
  facet normal 0.946930 0.321439 0.000000
    outer loop
      vertex 10.380740 7.905867 2.000000
      vertex 10.233578 8.339392 2.000000
      vertex 10.233578 8.339392 8.000000
    endloop
  endfacet
  facet normal 0.946930 0.321439 -0.000000
    outer loop
      vertex 10.380740 7.905867 2.000000
      vertex 10.233578 8.339392 8.000000
      vertex 10.380740 7.905867 8.000000
    endloop
  endfacet
  facet normal -0.946930 -0.321439 0.000000
    outer loop
      vertex 8.545481 7.414110 2.000000
      vertex 8.478207 7.612293 8.000000
      vertex 8.478207 7.612293 2.000000
    endloop
  endfacet
  facet normal -0.946930 -0.321439 0.000000
    outer loop
      vertex 8.545481 7.414110 2.000000
      vertex 8.545481 7.414110 8.000000
      vertex 8.478207 7.612293 8.000000
    endloop
  endfacet
  facet normal 0.000000 0.000000 1.000000
    outer loop
      vertex 10.380740 7.905867 8.000000
      vertex 10.233578 8.339392 8.000000
      vertex 8.478207 7.612293 8.000000
    endloop
  endfacet
  facet normal 0.000000 0.000000 1.000000
    outer loop
      vertex 10.380740 7.905867 8.000000
      vertex 8.478207 7.612293 8.000000
      vertex 8.545481 7.414110 8.000000
    endloop
  endfacet
  facet normal -0.000000 0.000000 -1.000000
    outer loop
      vertex 10.380740 7.905867 2.000000
      vertex 8.478207 7.612293 2.000000
      vertex 10.233578 8.339392 2.000000
    endloop
  endfacet
  facet normal 0.000000 0.000000 -1.000000
    outer loop
      vertex 10.380740 7.905867 2.000000
      vertex 8.545481 7.414110 2.000000
      vertex 8.478207 7.612293 2.000000
    endloop
  endfacet
  facet normal 0.896873 0.442289 0.000000
    outer loop
      vertex 10.233578 8.339392 2.000000
      vertex 10.031089 8.750000 2.000000
      vertex 10.031089 8.750000 8.000000
    endloop
  endfacet
  facet normal 0.896873 0.442289 -0.000000
    outer loop
      vertex 10.233578 8.339392 2.000000
      vertex 10.031089 8.750000 8.000000
      vertex 10.233578 8.339392 8.000000
    endloop
  endfacet
  facet normal -0.896873 -0.442289 0.000000
    outer loop
      vertex 8.478207 7.612293 2.000000
      vertex 8.385641 7.800000 8.000000
      vertex 8.385641 7.800000 2.000000
    endloop
  endfacet
  facet normal -0.896873 -0.442289 0.000000
    outer loop
      vertex 8.478207 7.612293 2.000000
      vertex 8.478207 7.612293 8.000000
      vertex 8.385641 7.800000 8.000000
    endloop
  endfacet
  facet normal 0.000000 0.000000 1.000000
    outer loop
      vertex 10.233578 8.339392 8.000000
      vertex 10.031089 8.750000 8.000000
      vertex 8.385641 7.800000 8.000000
    endloop
  endfacet
  facet normal 0.000000 0.000000 1.000000
    outer loop
      vertex 10.233578 8.339392 8.000000
      vertex 8.385641 7.800000 8.000000
      vertex 8.478207 7.612293 8.000000
    endloop
  endfacet
  facet normal -0.000000 0.000000 -1.000000
    outer loop
      vertex 10.233578 8.339392 2.000000
      vertex 8.385641 7.800000 2.000000
      vertex 10.031089 8.750000 2.000000
    endloop
  endfacet
  facet normal 0.000000 0.000000 -1.000000
    outer loop
      vertex 10.233578 8.339392 2.000000
      vertex 8.478207 7.612293 2.000000
      vertex 8.385641 7.800000 2.000000
    endloop
  endfacet
  facet normal 0.831470 0.555570 0.000000
    outer loop
      vertex 10.031089 8.750000 2.000000
      vertex 9.776737 9.130665 2.000000
      vertex 9.776737 9.130665 8.000000
    endloop
  endfacet
  facet normal 0.831470 0.555570 -0.000000
    outer loop
      vertex 10.031089 8.750000 2.000000
      vertex 9.776737 9.130665 8.000000
      vertex 10.031089 8.750000 8.000000
    endloop
  endfacet
  facet normal -0.831470 -0.555570 0.000000
    outer loop
      vertex 8.385641 7.800000 2.000000
      vertex 8.269365 7.974018 8.000000
      vertex 8.269365 7.974018 2.000000
    endloop
  endfacet
  facet normal -0.831470 -0.555570 0.000000
    outer loop
      vertex 8.385641 7.800000 2.000000
      vertex 8.385641 7.800000 8.000000
      vertex 8.269365 7.974018 8.000000
    endloop
  endfacet
  facet normal 0.000000 0.000000 1.000000
    outer loop
      vertex 10.031089 8.750000 8.000000
      vertex 9.776737 9.130665 8.000000
      vertex 8.269365 7.974018 8.000000
    endloop
  endfacet
  facet normal 0.000000 0.000000 1.000000
    outer loop
      vertex 10.031089 8.750000 8.000000
      vertex 8.269365 7.974018 8.000000
      vertex 8.385641 7.800000 8.000000
    endloop
  endfacet
  facet normal -0.000000 0.000000 -1.000000
    outer loop
      vertex 10.031089 8.750000 2.000000
      vertex 8.269365 7.974018 2.000000
      vertex 9.776737 9.130665 2.000000
    endloop
  endfacet
  facet normal 0.000000 0.000000 -1.000000
    outer loop
      vertex 10.031089 8.750000 2.000000
      vertex 8.385641 7.800000 2.000000
      vertex 8.269365 7.974018 2.000000
    endloop
  endfacet
  facet normal 0.751840 0.659346 0.000000
    outer loop
      vertex 9.776737 9.130665 2.000000
      vertex 9.474874 9.474874 2.000000
      vertex 9.474874 9.474874 8.000000
    endloop
  endfacet
  facet normal 0.751840 0.659346 -0.000000
    outer loop
      vertex 9.776737 9.130665 2.000000
      vertex 9.474874 9.474874 8.000000
      vertex 9.776737 9.130665 8.000000
    endloop
  endfacet
  facet normal -0.751840 -0.659346 0.000000
    outer loop
      vertex 8.269365 7.974018 2.000000
      vertex 8.131371 8.131371 8.000000
      vertex 8.131371 8.131371 2.000000
    endloop
  endfacet
  facet normal -0.751840 -0.659346 0.000000
    outer loop
      vertex 8.269365 7.974018 2.000000
      vertex 8.269365 7.974018 8.000000
      vertex 8.131371 8.131371 8.000000
    endloop
  endfacet
  facet normal 0.000000 0.000000 1.000000
    outer loop
      vertex 9.776737 9.130665 8.000000
      vertex 9.474874 9.474874 8.000000
      vertex 8.131371 8.131371 8.000000
    endloop
  endfacet
  facet normal 0.000000 0.000000 1.000000
    outer loop
      vertex 9.776737 9.130665 8.000000
      vertex 8.131371 8.131371 8.000000
      vertex 8.269365 7.974018 8.000000
    endloop
  endfacet
  facet normal -0.000000 0.000000 -1.000000
    outer loop
      vertex 9.776737 9.130665 2.000000
      vertex 8.131371 8.131371 2.000000
      vertex 9.474874 9.474874 2.000000
    endloop
  endfacet
  facet normal 0.000000 0.000000 -1.000000
    outer loop
      vertex 9.776737 9.130665 2.000000
      vertex 8.269365 7.974018 2.000000
      vertex 8.131371 8.131371 2.000000
    endloop
  endfacet
  facet normal 0.659346 0.751840 0.000000
    outer loop
      vertex 9.474874 9.474874 2.000000
      vertex 9.130665 9.776737 2.000000
      vertex 9.130665 9.776737 8.000000
    endloop
  endfacet
  facet normal 0.659346 0.751840 -0.000000
    outer loop
      vertex 9.474874 9.474874 2.000000
      vertex 9.130665 9.776737 8.000000
      vertex 9.474874 9.474874 8.000000
    endloop
  endfacet
  facet normal -0.659346 -0.751840 0.000000
    outer loop
      vertex 8.131371 8.131371 2.000000
      vertex 7.974018 8.269365 8.000000
      vertex 7.974018 8.269365 2.000000
    endloop
  endfacet
  facet normal -0.659346 -0.751840 0.000000
    outer loop
      vertex 8.131371 8.131371 2.000000
      vertex 8.131371 8.131371 8.000000
      vertex 7.974018 8.269365 8.000000
    endloop
  endfacet
  facet normal 0.000000 0.000000 1.000000
    outer loop
      vertex 9.474874 9.474874 8.000000
      vertex 9.130665 9.776737 8.000000
      vertex 7.974018 8.269365 8.000000
    endloop
  endfacet
  facet normal 0.000000 0.000000 1.000000
    outer loop
      vertex 9.474874 9.474874 8.000000
      vertex 7.974018 8.269365 8.000000
      vertex 8.131371 8.131371 8.000000
    endloop
  endfacet
  facet normal -0.000000 0.000000 -1.000000
    outer loop
      vertex 9.474874 9.474874 2.000000
      vertex 7.974018 8.269365 2.000000
      vertex 9.130665 9.776737 2.000000
    endloop
  endfacet
  facet normal 0.000000 0.000000 -1.000000
    outer loop
      vertex 9.474874 9.474874 2.000000
      vertex 8.131371 8.131371 2.000000
      vertex 7.974018 8.269365 2.000000
    endloop
  endfacet
  facet normal 0.555570 0.831470 0.000000
    outer loop
      vertex 9.130665 9.776737 2.000000
      vertex 8.750000 10.031089 2.000000
      vertex 8.750000 10.031089 8.000000
    endloop
  endfacet
  facet normal 0.555570 0.831470 -0.000000
    outer loop
      vertex 9.130665 9.776737 2.000000
      vertex 8.750000 10.031089 8.000000
      vertex 9.130665 9.776737 8.000000
    endloop
  endfacet
  facet normal -0.555570 -0.831470 0.000000
    outer loop
      vertex 7.974018 8.269365 2.000000
      vertex 7.800000 8.385641 8.000000
      vertex 7.800000 8.385641 2.000000
    endloop
  endfacet
  facet normal -0.555570 -0.831470 0.000000
    outer loop
      vertex 7.974018 8.269365 2.000000
      vertex 7.974018 8.269365 8.000000
      vertex 7.800000 8.385641 8.000000
    endloop
  endfacet
  facet normal 0.000000 0.000000 1.000000
    outer loop
      vertex 9.130665 9.776737 8.000000
      vertex 8.750000 10.031089 8.000000
      vertex 7.800000 8.385641 8.000000
    endloop
  endfacet
  facet normal 0.000000 0.000000 1.000000
    outer loop
      vertex 9.130665 9.776737 8.000000
      vertex 7.800000 8.385641 8.000000
      vertex 7.974018 8.269365 8.000000
    endloop
  endfacet
  facet normal -0.000000 0.000000 -1.000000
    outer loop
      vertex 9.130665 9.776737 2.000000
      vertex 7.800000 8.385641 2.000000
      vertex 8.750000 10.031089 2.000000
    endloop
  endfacet
  facet normal 0.000000 0.000000 -1.000000
    outer loop
      vertex 9.130665 9.776737 2.000000
      vertex 7.974018 8.269365 2.000000
      vertex 7.800000 8.385641 2.000000
    endloop
  endfacet
  facet normal 0.442289 0.896873 0.000000
    outer loop
      vertex 8.750000 10.031089 2.000000
      vertex 8.339392 10.233578 2.000000
      vertex 8.339392 10.233578 8.000000
    endloop
  endfacet
  facet normal 0.442289 0.896873 -0.000000
    outer loop
      vertex 8.750000 10.031089 2.000000
      vertex 8.339392 10.233578 8.000000
      vertex 8.750000 10.031089 8.000000
    endloop
  endfacet
  facet normal -0.442289 -0.896873 0.000000
    outer loop
      vertex 7.800000 8.385641 2.000000
      vertex 7.612293 8.478207 8.000000
      vertex 7.612293 8.478207 2.000000
    endloop
  endfacet
  facet normal -0.442289 -0.896873 0.000000
    outer loop
      vertex 7.800000 8.385641 2.000000
      vertex 7.800000 8.385641 8.000000
      vertex 7.612293 8.478207 8.000000
    endloop
  endfacet
  facet normal 0.000000 0.000000 1.000000
    outer loop
      vertex 8.750000 10.031089 8.000000
      vertex 8.339392 10.233578 8.000000
      vertex 7.612293 8.478207 8.000000
    endloop
  endfacet
  facet normal 0.000000 0.000000 1.000000
    outer loop
      vertex 8.750000 10.031089 8.000000
      vertex 7.612293 8.478207 8.000000
      vertex 7.800000 8.385641 8.000000
    endloop
  endfacet
  facet normal -0.000000 0.000000 -1.000000
    outer loop
      vertex 8.750000 10.031089 2.000000
      vertex 7.612293 8.478207 2.000000
      vertex 8.339392 10.233578 2.000000
    endloop
  endfacet
  facet normal 0.000000 0.000000 -1.000000
    outer loop
      vertex 8.750000 10.031089 2.000000
      vertex 7.800000 8.385641 2.000000
      vertex 7.612293 8.478207 2.000000
    endloop
  endfacet
  facet normal 0.321439 0.946930 0.000000
    outer loop
      vertex 8.339392 10.233578 2.000000
      vertex 7.905867 10.380740 2.000000
      vertex 7.905867 10.380740 8.000000
    endloop
  endfacet
  facet normal 0.321439 0.946930 -0.000000
    outer loop
      vertex 8.339392 10.233578 2.000000
      vertex 7.905867 10.380740 8.000000
      vertex 8.339392 10.233578 8.000000
    endloop
  endfacet
  facet normal -0.321439 -0.946930 0.000000
    outer loop
      vertex 7.612293 8.478207 2.000000
      vertex 7.414110 8.545481 8.000000
      vertex 7.414110 8.545481 2.000000
    endloop
  endfacet
  facet normal -0.321439 -0.946930 0.000000
    outer loop
      vertex 7.612293 8.478207 2.000000
      vertex 7.612293 8.478207 8.000000
      vertex 7.414110 8.545481 8.000000
    endloop
  endfacet
  facet normal 0.000000 0.000000 1.000000
    outer loop
      vertex 8.339392 10.233578 8.000000
      vertex 7.905867 10.380740 8.000000
      vertex 7.414110 8.545481 8.000000
    endloop
  endfacet
  facet normal 0.000000 0.000000 1.000000
    outer loop
      vertex 8.339392 10.233578 8.000000
      vertex 7.414110 8.545481 8.000000
      vertex 7.612293 8.478207 8.000000
    endloop
  endfacet
  facet normal -0.000000 0.000000 -1.000000
    outer loop
      vertex 8.339392 10.233578 2.000000
      vertex 7.414110 8.545481 2.000000
      vertex 7.905867 10.380740 2.000000
    endloop
  endfacet
  facet normal 0.000000 0.000000 -1.000000
    outer loop
      vertex 8.339392 10.233578 2.000000
      vertex 7.612293 8.478207 2.000000
      vertex 7.414110 8.545481 2.000000
    endloop
  endfacet
  facet normal 0.195090 0.980785 0.000000
    outer loop
      vertex 7.905867 10.380740 2.000000
      vertex 7.456842 10.470057 2.000000
      vertex 7.456842 10.470057 8.000000
    endloop
  endfacet
  facet normal 0.195090 0.980785 -0.000000
    outer loop
      vertex 7.905867 10.380740 2.000000
      vertex 7.456842 10.470057 8.000000
      vertex 7.905867 10.380740 8.000000
    endloop
  endfacet
  facet normal -0.195090 -0.980785 0.000000
    outer loop
      vertex 7.414110 8.545481 2.000000
      vertex 7.208842 8.586312 8.000000
      vertex 7.208842 8.586312 2.000000
    endloop
  endfacet
  facet normal -0.195090 -0.980785 0.000000
    outer loop
      vertex 7.414110 8.545481 2.000000
      vertex 7.414110 8.545481 8.000000
      vertex 7.208842 8.586312 8.000000
    endloop
  endfacet
  facet normal 0.000000 0.000000 1.000000
    outer loop
      vertex 7.905867 10.380740 8.000000
      vertex 7.456842 10.470057 8.000000
      vertex 7.208842 8.586312 8.000000
    endloop
  endfacet
  facet normal 0.000000 0.000000 1.000000
    outer loop
      vertex 7.905867 10.380740 8.000000
      vertex 7.208842 8.586312 8.000000
      vertex 7.414110 8.545481 8.000000
    endloop
  endfacet
  facet normal -0.000000 0.000000 -1.000000
    outer loop
      vertex 7.905867 10.380740 2.000000
      vertex 7.208842 8.586312 2.000000
      vertex 7.456842 10.470057 2.000000
    endloop
  endfacet
  facet normal 0.000000 0.000000 -1.000000
    outer loop
      vertex 7.905867 10.380740 2.000000
      vertex 7.414110 8.545481 2.000000
      vertex 7.208842 8.586312 2.000000
    endloop
  endfacet
  facet normal 0.065403 0.997859 0.000000
    outer loop
      vertex 7.456842 10.470057 2.000000
      vertex 7.000000 10.500000 2.000000
      vertex 7.000000 10.500000 8.000000
    endloop
  endfacet
  facet normal 0.065403 0.997859 -0.000000
    outer loop
      vertex 7.456842 10.470057 2.000000
      vertex 7.000000 10.500000 8.000000
      vertex 7.456842 10.470057 8.000000
    endloop
  endfacet
  facet normal -0.065403 -0.997859 0.000000
    outer loop
      vertex 7.208842 8.586312 2.000000
      vertex 7.000000 8.600000 8.000000
      vertex 7.000000 8.600000 2.000000
    endloop
  endfacet
  facet normal -0.065403 -0.997859 0.000000
    outer loop
      vertex 7.208842 8.586312 2.000000
      vertex 7.208842 8.586312 8.000000
      vertex 7.000000 8.600000 8.000000
    endloop
  endfacet
  facet normal 0.000000 0.000000 1.000000
    outer loop
      vertex 7.456842 10.470057 8.000000
      vertex 7.000000 10.500000 8.000000
      vertex 7.000000 8.600000 8.000000
    endloop
  endfacet
  facet normal 0.000000 0.000000 1.000000
    outer loop
      vertex 7.456842 10.470057 8.000000
      vertex 7.000000 8.600000 8.000000
      vertex 7.208842 8.586312 8.000000
    endloop
  endfacet
  facet normal -0.000000 0.000000 -1.000000
    outer loop
      vertex 7.456842 10.470057 2.000000
      vertex 7.000000 8.600000 2.000000
      vertex 7.000000 10.500000 2.000000
    endloop
  endfacet
  facet normal 0.000000 0.000000 -1.000000
    outer loop
      vertex 7.456842 10.470057 2.000000
      vertex 7.208842 8.586312 2.000000
      vertex 7.000000 8.600000 2.000000
    endloop
  endfacet
  facet normal -0.065403 0.997859 0.000000
    outer loop
      vertex 7.000000 10.500000 2.000000
      vertex 6.543158 10.470057 2.000000
      vertex 6.543158 10.470057 8.000000
    endloop
  endfacet
  facet normal -0.065403 0.997859 0.000000
    outer loop
      vertex 7.000000 10.500000 2.000000
      vertex 6.543158 10.470057 8.000000
      vertex 7.000000 10.500000 8.000000
    endloop
  endfacet
  facet normal 0.065403 -0.997859 0.000000
    outer loop
      vertex 7.000000 8.600000 2.000000
      vertex 6.791158 8.586312 8.000000
      vertex 6.791158 8.586312 2.000000
    endloop
  endfacet
  facet normal 0.065403 -0.997859 0.000000
    outer loop
      vertex 7.000000 8.600000 2.000000
      vertex 7.000000 8.600000 8.000000
      vertex 6.791158 8.586312 8.000000
    endloop
  endfacet
  facet normal 0.000000 0.000000 1.000000
    outer loop
      vertex 7.000000 10.500000 8.000000
      vertex 6.543158 10.470057 8.000000
      vertex 6.791158 8.586312 8.000000
    endloop
  endfacet
  facet normal 0.000000 0.000000 1.000000
    outer loop
      vertex 7.000000 10.500000 8.000000
      vertex 6.791158 8.586312 8.000000
      vertex 7.000000 8.600000 8.000000
    endloop
  endfacet
  facet normal 0.000000 0.000000 -1.000000
    outer loop
      vertex 7.000000 10.500000 2.000000
      vertex 6.791158 8.586312 2.000000
      vertex 6.543158 10.470057 2.000000
    endloop
  endfacet
  facet normal 0.000000 -0.000000 -1.000000
    outer loop
      vertex 7.000000 10.500000 2.000000
      vertex 7.000000 8.600000 2.000000
      vertex 6.791158 8.586312 2.000000
    endloop
  endfacet
  facet normal -0.195090 0.980785 0.000000
    outer loop
      vertex 6.543158 10.470057 2.000000
      vertex 6.094133 10.380740 2.000000
      vertex 6.094133 10.380740 8.000000
    endloop
  endfacet
  facet normal -0.195090 0.980785 0.000000
    outer loop
      vertex 6.543158 10.470057 2.000000
      vertex 6.094133 10.380740 8.000000
      vertex 6.543158 10.470057 8.000000
    endloop
  endfacet
  facet normal 0.195090 -0.980785 0.000000
    outer loop
      vertex 6.791158 8.586312 2.000000
      vertex 6.585890 8.545481 8.000000
      vertex 6.585890 8.545481 2.000000
    endloop
  endfacet
  facet normal 0.195090 -0.980785 0.000000
    outer loop
      vertex 6.791158 8.586312 2.000000
      vertex 6.791158 8.586312 8.000000
      vertex 6.585890 8.545481 8.000000
    endloop
  endfacet
  facet normal 0.000000 0.000000 1.000000
    outer loop
      vertex 6.543158 10.470057 8.000000
      vertex 6.094133 10.380740 8.000000
      vertex 6.585890 8.545481 8.000000
    endloop
  endfacet
  facet normal 0.000000 0.000000 1.000000
    outer loop
      vertex 6.543158 10.470057 8.000000
      vertex 6.585890 8.545481 8.000000
      vertex 6.791158 8.586312 8.000000
    endloop
  endfacet
  facet normal 0.000000 -0.000000 -1.000000
    outer loop
      vertex 6.543158 10.470057 2.000000
      vertex 6.585890 8.545481 2.000000
      vertex 6.094133 10.380740 2.000000
    endloop
  endfacet
  facet normal 0.000000 0.000000 -1.000000
    outer loop
      vertex 6.543158 10.470057 2.000000
      vertex 6.791158 8.586312 2.000000
      vertex 6.585890 8.545481 2.000000
    endloop
  endfacet
  facet normal -0.321439 0.946930 0.000000
    outer loop
      vertex 6.094133 10.380740 2.000000
      vertex 5.660608 10.233578 2.000000
      vertex 5.660608 10.233578 8.000000
    endloop
  endfacet
  facet normal -0.321439 0.946930 0.000000
    outer loop
      vertex 6.094133 10.380740 2.000000
      vertex 5.660608 10.233578 8.000000
      vertex 6.094133 10.380740 8.000000
    endloop
  endfacet
  facet normal 0.321439 -0.946930 0.000000
    outer loop
      vertex 6.585890 8.545481 2.000000
      vertex 6.387707 8.478207 8.000000
      vertex 6.387707 8.478207 2.000000
    endloop
  endfacet
  facet normal 0.321439 -0.946930 0.000000
    outer loop
      vertex 6.585890 8.545481 2.000000
      vertex 6.585890 8.545481 8.000000
      vertex 6.387707 8.478207 8.000000
    endloop
  endfacet
  facet normal 0.000000 0.000000 1.000000
    outer loop
      vertex 6.094133 10.380740 8.000000
      vertex 5.660608 10.233578 8.000000
      vertex 6.387707 8.478207 8.000000
    endloop
  endfacet
  facet normal 0.000000 0.000000 1.000000
    outer loop
      vertex 6.094133 10.380740 8.000000
      vertex 6.387707 8.478207 8.000000
      vertex 6.585890 8.545481 8.000000
    endloop
  endfacet
  facet normal 0.000000 -0.000000 -1.000000
    outer loop
      vertex 6.094133 10.380740 2.000000
      vertex 6.387707 8.478207 2.000000
      vertex 5.660608 10.233578 2.000000
    endloop
  endfacet
  facet normal 0.000000 0.000000 -1.000000
    outer loop
      vertex 6.094133 10.380740 2.000000
      vertex 6.585890 8.545481 2.000000
      vertex 6.387707 8.478207 2.000000
    endloop
  endfacet
  facet normal -0.442289 0.896873 0.000000
    outer loop
      vertex 5.660608 10.233578 2.000000
      vertex 5.250000 10.031089 2.000000
      vertex 5.250000 10.031089 8.000000
    endloop
  endfacet
  facet normal -0.442289 0.896873 0.000000
    outer loop
      vertex 5.660608 10.233578 2.000000
      vertex 5.250000 10.031089 8.000000
      vertex 5.660608 10.233578 8.000000
    endloop
  endfacet
  facet normal 0.442289 -0.896873 0.000000
    outer loop
      vertex 6.387707 8.478207 2.000000
      vertex 6.200000 8.385641 8.000000
      vertex 6.200000 8.385641 2.000000
    endloop
  endfacet
  facet normal 0.442289 -0.896873 0.000000
    outer loop
      vertex 6.387707 8.478207 2.000000
      vertex 6.387707 8.478207 8.000000
      vertex 6.200000 8.385641 8.000000
    endloop
  endfacet
  facet normal 0.000000 0.000000 1.000000
    outer loop
      vertex 5.660608 10.233578 8.000000
      vertex 5.250000 10.031089 8.000000
      vertex 6.200000 8.385641 8.000000
    endloop
  endfacet
  facet normal 0.000000 0.000000 1.000000
    outer loop
      vertex 5.660608 10.233578 8.000000
      vertex 6.200000 8.385641 8.000000
      vertex 6.387707 8.478207 8.000000
    endloop
  endfacet
  facet normal 0.000000 -0.000000 -1.000000
    outer loop
      vertex 5.660608 10.233578 2.000000
      vertex 6.200000 8.385641 2.000000
      vertex 5.250000 10.031089 2.000000
    endloop
  endfacet
  facet normal 0.000000 0.000000 -1.000000
    outer loop
      vertex 5.660608 10.233578 2.000000
      vertex 6.387707 8.478207 2.000000
      vertex 6.200000 8.385641 2.000000
    endloop
  endfacet
  facet normal -0.555570 0.831470 0.000000
    outer loop
      vertex 5.250000 10.031089 2.000000
      vertex 4.869335 9.776737 2.000000
      vertex 4.869335 9.776737 8.000000
    endloop
  endfacet
  facet normal -0.555570 0.831470 0.000000
    outer loop
      vertex 5.250000 10.031089 2.000000
      vertex 4.869335 9.776737 8.000000
      vertex 5.250000 10.031089 8.000000
    endloop
  endfacet
  facet normal 0.555570 -0.831470 0.000000
    outer loop
      vertex 6.200000 8.385641 2.000000
      vertex 6.025982 8.269365 8.000000
      vertex 6.025982 8.269365 2.000000
    endloop
  endfacet
  facet normal 0.555570 -0.831470 0.000000
    outer loop
      vertex 6.200000 8.385641 2.000000
      vertex 6.200000 8.385641 8.000000
      vertex 6.025982 8.269365 8.000000
    endloop
  endfacet
  facet normal 0.000000 0.000000 1.000000
    outer loop
      vertex 5.250000 10.031089 8.000000
      vertex 4.869335 9.776737 8.000000
      vertex 6.025982 8.269365 8.000000
    endloop
  endfacet
  facet normal 0.000000 0.000000 1.000000
    outer loop
      vertex 5.250000 10.031089 8.000000
      vertex 6.025982 8.269365 8.000000
      vertex 6.200000 8.385641 8.000000
    endloop
  endfacet
  facet normal 0.000000 -0.000000 -1.000000
    outer loop
      vertex 5.250000 10.031089 2.000000
      vertex 6.025982 8.269365 2.000000
      vertex 4.869335 9.776737 2.000000
    endloop
  endfacet
  facet normal 0.000000 0.000000 -1.000000
    outer loop
      vertex 5.250000 10.031089 2.000000
      vertex 6.200000 8.385641 2.000000
      vertex 6.025982 8.269365 2.000000
    endloop
  endfacet
  facet normal -0.659346 0.751840 0.000000
    outer loop
      vertex 4.869335 9.776737 2.000000
      vertex 4.525126 9.474874 2.000000
      vertex 4.525126 9.474874 8.000000
    endloop
  endfacet
  facet normal -0.659346 0.751840 0.000000
    outer loop
      vertex 4.869335 9.776737 2.000000
      vertex 4.525126 9.474874 8.000000
      vertex 4.869335 9.776737 8.000000
    endloop
  endfacet
  facet normal 0.659346 -0.751840 0.000000
    outer loop
      vertex 6.025982 8.269365 2.000000
      vertex 5.868629 8.131371 8.000000
      vertex 5.868629 8.131371 2.000000
    endloop
  endfacet
  facet normal 0.659346 -0.751840 0.000000
    outer loop
      vertex 6.025982 8.269365 2.000000
      vertex 6.025982 8.269365 8.000000
      vertex 5.868629 8.131371 8.000000
    endloop
  endfacet
  facet normal 0.000000 0.000000 1.000000
    outer loop
      vertex 4.869335 9.776737 8.000000
      vertex 4.525126 9.474874 8.000000
      vertex 5.868629 8.131371 8.000000
    endloop
  endfacet
  facet normal 0.000000 0.000000 1.000000
    outer loop
      vertex 4.869335 9.776737 8.000000
      vertex 5.868629 8.131371 8.000000
      vertex 6.025982 8.269365 8.000000
    endloop
  endfacet
  facet normal 0.000000 -0.000000 -1.000000
    outer loop
      vertex 4.869335 9.776737 2.000000
      vertex 5.868629 8.131371 2.000000
      vertex 4.525126 9.474874 2.000000
    endloop
  endfacet
  facet normal 0.000000 0.000000 -1.000000
    outer loop
      vertex 4.869335 9.776737 2.000000
      vertex 6.025982 8.269365 2.000000
      vertex 5.868629 8.131371 2.000000
    endloop
  endfacet
  facet normal -0.751840 0.659346 0.000000
    outer loop
      vertex 4.525126 9.474874 2.000000
      vertex 4.223263 9.130665 2.000000
      vertex 4.223263 9.130665 8.000000
    endloop
  endfacet
  facet normal -0.751840 0.659346 0.000000
    outer loop
      vertex 4.525126 9.474874 2.000000
      vertex 4.223263 9.130665 8.000000
      vertex 4.525126 9.474874 8.000000
    endloop
  endfacet
  facet normal 0.751840 -0.659346 0.000000
    outer loop
      vertex 5.868629 8.131371 2.000000
      vertex 5.730635 7.974018 8.000000
      vertex 5.730635 7.974018 2.000000
    endloop
  endfacet
  facet normal 0.751840 -0.659346 0.000000
    outer loop
      vertex 5.868629 8.131371 2.000000
      vertex 5.868629 8.131371 8.000000
      vertex 5.730635 7.974018 8.000000
    endloop
  endfacet
  facet normal 0.000000 0.000000 1.000000
    outer loop
      vertex 4.525126 9.474874 8.000000
      vertex 4.223263 9.130665 8.000000
      vertex 5.730635 7.974018 8.000000
    endloop
  endfacet
  facet normal 0.000000 0.000000 1.000000
    outer loop
      vertex 4.525126 9.474874 8.000000
      vertex 5.730635 7.974018 8.000000
      vertex 5.868629 8.131371 8.000000
    endloop
  endfacet
  facet normal 0.000000 -0.000000 -1.000000
    outer loop
      vertex 4.525126 9.474874 2.000000
      vertex 5.730635 7.974018 2.000000
      vertex 4.223263 9.130665 2.000000
    endloop
  endfacet
  facet normal 0.000000 0.000000 -1.000000
    outer loop
      vertex 4.525126 9.474874 2.000000
      vertex 5.868629 8.131371 2.000000
      vertex 5.730635 7.974018 2.000000
    endloop
  endfacet
  facet normal -0.831470 0.555570 0.000000
    outer loop
      vertex 4.223263 9.130665 2.000000
      vertex 3.968911 8.750000 2.000000
      vertex 3.968911 8.750000 8.000000
    endloop
  endfacet
  facet normal -0.831470 0.555570 0.000000
    outer loop
      vertex 4.223263 9.130665 2.000000
      vertex 3.968911 8.750000 8.000000
      vertex 4.223263 9.130665 8.000000
    endloop
  endfacet
  facet normal 0.831470 -0.555570 0.000000
    outer loop
      vertex 5.730635 7.974018 2.000000
      vertex 5.614359 7.800000 8.000000
      vertex 5.614359 7.800000 2.000000
    endloop
  endfacet
  facet normal 0.831470 -0.555570 0.000000
    outer loop
      vertex 5.730635 7.974018 2.000000
      vertex 5.730635 7.974018 8.000000
      vertex 5.614359 7.800000 8.000000
    endloop
  endfacet
  facet normal 0.000000 0.000000 1.000000
    outer loop
      vertex 4.223263 9.130665 8.000000
      vertex 3.968911 8.750000 8.000000
      vertex 5.614359 7.800000 8.000000
    endloop
  endfacet
  facet normal 0.000000 0.000000 1.000000
    outer loop
      vertex 4.223263 9.130665 8.000000
      vertex 5.614359 7.800000 8.000000
      vertex 5.730635 7.974018 8.000000
    endloop
  endfacet
  facet normal 0.000000 -0.000000 -1.000000
    outer loop
      vertex 4.223263 9.130665 2.000000
      vertex 5.614359 7.800000 2.000000
      vertex 3.968911 8.750000 2.000000
    endloop
  endfacet
  facet normal 0.000000 0.000000 -1.000000
    outer loop
      vertex 4.223263 9.130665 2.000000
      vertex 5.730635 7.974018 2.000000
      vertex 5.614359 7.800000 2.000000
    endloop
  endfacet
  facet normal -0.896873 0.442289 0.000000
    outer loop
      vertex 3.968911 8.750000 2.000000
      vertex 3.766422 8.339392 2.000000
      vertex 3.766422 8.339392 8.000000
    endloop
  endfacet
  facet normal -0.896873 0.442289 0.000000
    outer loop
      vertex 3.968911 8.750000 2.000000
      vertex 3.766422 8.339392 8.000000
      vertex 3.968911 8.750000 8.000000
    endloop
  endfacet
  facet normal 0.896873 -0.442289 0.000000
    outer loop
      vertex 5.614359 7.800000 2.000000
      vertex 5.521793 7.612293 8.000000
      vertex 5.521793 7.612293 2.000000
    endloop
  endfacet
  facet normal 0.896873 -0.442289 0.000000
    outer loop
      vertex 5.614359 7.800000 2.000000
      vertex 5.614359 7.800000 8.000000
      vertex 5.521793 7.612293 8.000000
    endloop
  endfacet
  facet normal 0.000000 0.000000 1.000000
    outer loop
      vertex 3.968911 8.750000 8.000000
      vertex 3.766422 8.339392 8.000000
      vertex 5.521793 7.612293 8.000000
    endloop
  endfacet
  facet normal 0.000000 0.000000 1.000000
    outer loop
      vertex 3.968911 8.750000 8.000000
      vertex 5.521793 7.612293 8.000000
      vertex 5.614359 7.800000 8.000000
    endloop
  endfacet
  facet normal 0.000000 -0.000000 -1.000000
    outer loop
      vertex 3.968911 8.750000 2.000000
      vertex 5.521793 7.612293 2.000000
      vertex 3.766422 8.339392 2.000000
    endloop
  endfacet
  facet normal 0.000000 0.000000 -1.000000
    outer loop
      vertex 3.968911 8.750000 2.000000
      vertex 5.614359 7.800000 2.000000
      vertex 5.521793 7.612293 2.000000
    endloop
  endfacet
  facet normal -0.946930 0.321439 0.000000
    outer loop
      vertex 3.766422 8.339392 2.000000
      vertex 3.619260 7.905867 2.000000
      vertex 3.619260 7.905867 8.000000
    endloop
  endfacet
  facet normal -0.946930 0.321439 0.000000
    outer loop
      vertex 3.766422 8.339392 2.000000
      vertex 3.619260 7.905867 8.000000
      vertex 3.766422 8.339392 8.000000
    endloop
  endfacet
  facet normal 0.946930 -0.321439 0.000000
    outer loop
      vertex 5.521793 7.612293 2.000000
      vertex 5.454519 7.414110 8.000000
      vertex 5.454519 7.414110 2.000000
    endloop
  endfacet
  facet normal 0.946930 -0.321439 0.000000
    outer loop
      vertex 5.521793 7.612293 2.000000
      vertex 5.521793 7.612293 8.000000
      vertex 5.454519 7.414110 8.000000
    endloop
  endfacet
  facet normal 0.000000 0.000000 1.000000
    outer loop
      vertex 3.766422 8.339392 8.000000
      vertex 3.619260 7.905867 8.000000
      vertex 5.454519 7.414110 8.000000
    endloop
  endfacet
  facet normal 0.000000 0.000000 1.000000
    outer loop
      vertex 3.766422 8.339392 8.000000
      vertex 5.454519 7.414110 8.000000
      vertex 5.521793 7.612293 8.000000
    endloop
  endfacet
  facet normal 0.000000 -0.000000 -1.000000
    outer loop
      vertex 3.766422 8.339392 2.000000
      vertex 5.454519 7.414110 2.000000
      vertex 3.619260 7.905867 2.000000
    endloop
  endfacet
  facet normal 0.000000 0.000000 -1.000000
    outer loop
      vertex 3.766422 8.339392 2.000000
      vertex 5.521793 7.612293 2.000000
      vertex 5.454519 7.414110 2.000000
    endloop
  endfacet
  facet normal -0.980785 0.195090 0.000000
    outer loop
      vertex 3.619260 7.905867 2.000000
      vertex 3.529943 7.456842 2.000000
      vertex 3.529943 7.456842 8.000000
    endloop
  endfacet
  facet normal -0.980785 0.195090 0.000000
    outer loop
      vertex 3.619260 7.905867 2.000000
      vertex 3.529943 7.456842 8.000000
      vertex 3.619260 7.905867 8.000000
    endloop
  endfacet
  facet normal 0.980785 -0.195090 0.000000
    outer loop
      vertex 5.454519 7.414110 2.000000
      vertex 5.413688 7.208842 8.000000
      vertex 5.413688 7.208842 2.000000
    endloop
  endfacet
  facet normal 0.980785 -0.195090 0.000000
    outer loop
      vertex 5.454519 7.414110 2.000000
      vertex 5.454519 7.414110 8.000000
      vertex 5.413688 7.208842 8.000000
    endloop
  endfacet
  facet normal 0.000000 0.000000 1.000000
    outer loop
      vertex 3.619260 7.905867 8.000000
      vertex 3.529943 7.456842 8.000000
      vertex 5.413688 7.208842 8.000000
    endloop
  endfacet
  facet normal 0.000000 0.000000 1.000000
    outer loop
      vertex 3.619260 7.905867 8.000000
      vertex 5.413688 7.208842 8.000000
      vertex 5.454519 7.414110 8.000000
    endloop
  endfacet
  facet normal 0.000000 -0.000000 -1.000000
    outer loop
      vertex 3.619260 7.905867 2.000000
      vertex 5.413688 7.208842 2.000000
      vertex 3.529943 7.456842 2.000000
    endloop
  endfacet
  facet normal 0.000000 0.000000 -1.000000
    outer loop
      vertex 3.619260 7.905867 2.000000
      vertex 5.454519 7.414110 2.000000
      vertex 5.413688 7.208842 2.000000
    endloop
  endfacet
  facet normal -0.997859 0.065403 0.000000
    outer loop
      vertex 3.529943 7.456842 2.000000
      vertex 3.500000 7.000000 2.000000
      vertex 3.500000 7.000000 8.000000
    endloop
  endfacet
  facet normal -0.997859 0.065403 0.000000
    outer loop
      vertex 3.529943 7.456842 2.000000
      vertex 3.500000 7.000000 8.000000
      vertex 3.529943 7.456842 8.000000
    endloop
  endfacet
  facet normal 0.997859 -0.065403 0.000000
    outer loop
      vertex 5.413688 7.208842 2.000000
      vertex 5.400000 7.000000 8.000000
      vertex 5.400000 7.000000 2.000000
    endloop
  endfacet
  facet normal 0.997859 -0.065403 0.000000
    outer loop
      vertex 5.413688 7.208842 2.000000
      vertex 5.413688 7.208842 8.000000
      vertex 5.400000 7.000000 8.000000
    endloop
  endfacet
  facet normal 0.000000 0.000000 1.000000
    outer loop
      vertex 3.529943 7.456842 8.000000
      vertex 3.500000 7.000000 8.000000
      vertex 5.400000 7.000000 8.000000
    endloop
  endfacet
  facet normal 0.000000 0.000000 1.000000
    outer loop
      vertex 3.529943 7.456842 8.000000
      vertex 5.400000 7.000000 8.000000
      vertex 5.413688 7.208842 8.000000
    endloop
  endfacet
  facet normal 0.000000 -0.000000 -1.000000
    outer loop
      vertex 3.529943 7.456842 2.000000
      vertex 5.400000 7.000000 2.000000
      vertex 3.500000 7.000000 2.000000
    endloop
  endfacet
  facet normal 0.000000 0.000000 -1.000000
    outer loop
      vertex 3.529943 7.456842 2.000000
      vertex 5.413688 7.208842 2.000000
      vertex 5.400000 7.000000 2.000000
    endloop
  endfacet
  facet normal -0.997859 -0.065403 0.000000
    outer loop
      vertex 3.500000 7.000000 2.000000
      vertex 3.529943 6.543158 2.000000
      vertex 3.529943 6.543158 8.000000
    endloop
  endfacet
  facet normal -0.997859 -0.065403 0.000000
    outer loop
      vertex 3.500000 7.000000 2.000000
      vertex 3.529943 6.543158 8.000000
      vertex 3.500000 7.000000 8.000000
    endloop
  endfacet
  facet normal 0.997859 0.065403 0.000000
    outer loop
      vertex 5.400000 7.000000 2.000000
      vertex 5.413688 6.791158 8.000000
      vertex 5.413688 6.791158 2.000000
    endloop
  endfacet
  facet normal 0.997859 0.065403 -0.000000
    outer loop
      vertex 5.400000 7.000000 2.000000
      vertex 5.400000 7.000000 8.000000
      vertex 5.413688 6.791158 8.000000
    endloop
  endfacet
  facet normal 0.000000 0.000000 1.000000
    outer loop
      vertex 3.500000 7.000000 8.000000
      vertex 3.529943 6.543158 8.000000
      vertex 5.413688 6.791158 8.000000
    endloop
  endfacet
  facet normal -0.000000 0.000000 1.000000
    outer loop
      vertex 3.500000 7.000000 8.000000
      vertex 5.413688 6.791158 8.000000
      vertex 5.400000 7.000000 8.000000
    endloop
  endfacet
  facet normal 0.000000 0.000000 -1.000000
    outer loop
      vertex 3.500000 7.000000 2.000000
      vertex 5.413688 6.791158 2.000000
      vertex 3.529943 6.543158 2.000000
    endloop
  endfacet
  facet normal 0.000000 0.000000 -1.000000
    outer loop
      vertex 3.500000 7.000000 2.000000
      vertex 5.400000 7.000000 2.000000
      vertex 5.413688 6.791158 2.000000
    endloop
  endfacet
  facet normal -0.980785 -0.195090 0.000000
    outer loop
      vertex 3.529943 6.543158 2.000000
      vertex 3.619260 6.094133 2.000000
      vertex 3.619260 6.094133 8.000000
    endloop
  endfacet
  facet normal -0.980785 -0.195090 0.000000
    outer loop
      vertex 3.529943 6.543158 2.000000
      vertex 3.619260 6.094133 8.000000
      vertex 3.529943 6.543158 8.000000
    endloop
  endfacet
  facet normal 0.980785 0.195090 0.000000
    outer loop
      vertex 5.413688 6.791158 2.000000
      vertex 5.454519 6.585890 8.000000
      vertex 5.454519 6.585890 2.000000
    endloop
  endfacet
  facet normal 0.980785 0.195090 -0.000000
    outer loop
      vertex 5.413688 6.791158 2.000000
      vertex 5.413688 6.791158 8.000000
      vertex 5.454519 6.585890 8.000000
    endloop
  endfacet
  facet normal -0.000000 0.000000 1.000000
    outer loop
      vertex 3.529943 6.543158 8.000000
      vertex 3.619260 6.094133 8.000000
      vertex 5.454519 6.585890 8.000000
    endloop
  endfacet
  facet normal 0.000000 0.000000 1.000000
    outer loop
      vertex 3.529943 6.543158 8.000000
      vertex 5.454519 6.585890 8.000000
      vertex 5.413688 6.791158 8.000000
    endloop
  endfacet
  facet normal 0.000000 0.000000 -1.000000
    outer loop
      vertex 3.529943 6.543158 2.000000
      vertex 5.454519 6.585890 2.000000
      vertex 3.619260 6.094133 2.000000
    endloop
  endfacet
  facet normal 0.000000 0.000000 -1.000000
    outer loop
      vertex 3.529943 6.543158 2.000000
      vertex 5.413688 6.791158 2.000000
      vertex 5.454519 6.585890 2.000000
    endloop
  endfacet
  facet normal -0.946930 -0.321439 0.000000
    outer loop
      vertex 3.619260 6.094133 2.000000
      vertex 3.766422 5.660608 2.000000
      vertex 3.766422 5.660608 8.000000
    endloop
  endfacet
  facet normal -0.946930 -0.321439 0.000000
    outer loop
      vertex 3.619260 6.094133 2.000000
      vertex 3.766422 5.660608 8.000000
      vertex 3.619260 6.094133 8.000000
    endloop
  endfacet
  facet normal 0.946930 0.321439 0.000000
    outer loop
      vertex 5.454519 6.585890 2.000000
      vertex 5.521793 6.387707 8.000000
      vertex 5.521793 6.387707 2.000000
    endloop
  endfacet
  facet normal 0.946930 0.321439 -0.000000
    outer loop
      vertex 5.454519 6.585890 2.000000
      vertex 5.454519 6.585890 8.000000
      vertex 5.521793 6.387707 8.000000
    endloop
  endfacet
  facet normal -0.000000 0.000000 1.000000
    outer loop
      vertex 3.619260 6.094133 8.000000
      vertex 3.766422 5.660608 8.000000
      vertex 5.521793 6.387707 8.000000
    endloop
  endfacet
  facet normal 0.000000 0.000000 1.000000
    outer loop
      vertex 3.619260 6.094133 8.000000
      vertex 5.521793 6.387707 8.000000
      vertex 5.454519 6.585890 8.000000
    endloop
  endfacet
  facet normal 0.000000 0.000000 -1.000000
    outer loop
      vertex 3.619260 6.094133 2.000000
      vertex 5.521793 6.387707 2.000000
      vertex 3.766422 5.660608 2.000000
    endloop
  endfacet
  facet normal 0.000000 0.000000 -1.000000
    outer loop
      vertex 3.619260 6.094133 2.000000
      vertex 5.454519 6.585890 2.000000
      vertex 5.521793 6.387707 2.000000
    endloop
  endfacet
  facet normal -0.896873 -0.442289 0.000000
    outer loop
      vertex 3.766422 5.660608 2.000000
      vertex 3.968911 5.250000 2.000000
      vertex 3.968911 5.250000 8.000000
    endloop
  endfacet
  facet normal -0.896873 -0.442289 0.000000
    outer loop
      vertex 3.766422 5.660608 2.000000
      vertex 3.968911 5.250000 8.000000
      vertex 3.766422 5.660608 8.000000
    endloop
  endfacet
  facet normal 0.896873 0.442289 0.000000
    outer loop
      vertex 5.521793 6.387707 2.000000
      vertex 5.614359 6.200000 8.000000
      vertex 5.614359 6.200000 2.000000
    endloop
  endfacet
  facet normal 0.896873 0.442289 -0.000000
    outer loop
      vertex 5.521793 6.387707 2.000000
      vertex 5.521793 6.387707 8.000000
      vertex 5.614359 6.200000 8.000000
    endloop
  endfacet
  facet normal -0.000000 0.000000 1.000000
    outer loop
      vertex 3.766422 5.660608 8.000000
      vertex 3.968911 5.250000 8.000000
      vertex 5.614359 6.200000 8.000000
    endloop
  endfacet
  facet normal 0.000000 0.000000 1.000000
    outer loop
      vertex 3.766422 5.660608 8.000000
      vertex 5.614359 6.200000 8.000000
      vertex 5.521793 6.387707 8.000000
    endloop
  endfacet
  facet normal 0.000000 0.000000 -1.000000
    outer loop
      vertex 3.766422 5.660608 2.000000
      vertex 5.614359 6.200000 2.000000
      vertex 3.968911 5.250000 2.000000
    endloop
  endfacet
  facet normal 0.000000 0.000000 -1.000000
    outer loop
      vertex 3.766422 5.660608 2.000000
      vertex 5.521793 6.387707 2.000000
      vertex 5.614359 6.200000 2.000000
    endloop
  endfacet
  facet normal -0.831470 -0.555570 0.000000
    outer loop
      vertex 3.968911 5.250000 2.000000
      vertex 4.223263 4.869335 2.000000
      vertex 4.223263 4.869335 8.000000
    endloop
  endfacet
  facet normal -0.831470 -0.555570 0.000000
    outer loop
      vertex 3.968911 5.250000 2.000000
      vertex 4.223263 4.869335 8.000000
      vertex 3.968911 5.250000 8.000000
    endloop
  endfacet
  facet normal 0.831470 0.555570 0.000000
    outer loop
      vertex 5.614359 6.200000 2.000000
      vertex 5.730635 6.025982 8.000000
      vertex 5.730635 6.025982 2.000000
    endloop
  endfacet
  facet normal 0.831470 0.555570 -0.000000
    outer loop
      vertex 5.614359 6.200000 2.000000
      vertex 5.614359 6.200000 8.000000
      vertex 5.730635 6.025982 8.000000
    endloop
  endfacet
  facet normal -0.000000 0.000000 1.000000
    outer loop
      vertex 3.968911 5.250000 8.000000
      vertex 4.223263 4.869335 8.000000
      vertex 5.730635 6.025982 8.000000
    endloop
  endfacet
  facet normal 0.000000 0.000000 1.000000
    outer loop
      vertex 3.968911 5.250000 8.000000
      vertex 5.730635 6.025982 8.000000
      vertex 5.614359 6.200000 8.000000
    endloop
  endfacet
  facet normal 0.000000 0.000000 -1.000000
    outer loop
      vertex 3.968911 5.250000 2.000000
      vertex 5.730635 6.025982 2.000000
      vertex 4.223263 4.869335 2.000000
    endloop
  endfacet
  facet normal 0.000000 0.000000 -1.000000
    outer loop
      vertex 3.968911 5.250000 2.000000
      vertex 5.614359 6.200000 2.000000
      vertex 5.730635 6.025982 2.000000
    endloop
  endfacet
  facet normal -0.751840 -0.659346 0.000000
    outer loop
      vertex 4.223263 4.869335 2.000000
      vertex 4.525126 4.525126 2.000000
      vertex 4.525126 4.525126 8.000000
    endloop
  endfacet
  facet normal -0.751840 -0.659346 0.000000
    outer loop
      vertex 4.223263 4.869335 2.000000
      vertex 4.525126 4.525126 8.000000
      vertex 4.223263 4.869335 8.000000
    endloop
  endfacet
  facet normal 0.751840 0.659346 0.000000
    outer loop
      vertex 5.730635 6.025982 2.000000
      vertex 5.868629 5.868629 8.000000
      vertex 5.868629 5.868629 2.000000
    endloop
  endfacet
  facet normal 0.751840 0.659346 -0.000000
    outer loop
      vertex 5.730635 6.025982 2.000000
      vertex 5.730635 6.025982 8.000000
      vertex 5.868629 5.868629 8.000000
    endloop
  endfacet
  facet normal -0.000000 0.000000 1.000000
    outer loop
      vertex 4.223263 4.869335 8.000000
      vertex 4.525126 4.525126 8.000000
      vertex 5.868629 5.868629 8.000000
    endloop
  endfacet
  facet normal 0.000000 0.000000 1.000000
    outer loop
      vertex 4.223263 4.869335 8.000000
      vertex 5.868629 5.868629 8.000000
      vertex 5.730635 6.025982 8.000000
    endloop
  endfacet
  facet normal 0.000000 0.000000 -1.000000
    outer loop
      vertex 4.223263 4.869335 2.000000
      vertex 5.868629 5.868629 2.000000
      vertex 4.525126 4.525126 2.000000
    endloop
  endfacet
  facet normal 0.000000 0.000000 -1.000000
    outer loop
      vertex 4.223263 4.869335 2.000000
      vertex 5.730635 6.025982 2.000000
      vertex 5.868629 5.868629 2.000000
    endloop
  endfacet
  facet normal -0.659346 -0.751840 0.000000
    outer loop
      vertex 4.525126 4.525126 2.000000
      vertex 4.869335 4.223263 2.000000
      vertex 4.869335 4.223263 8.000000
    endloop
  endfacet
  facet normal -0.659346 -0.751840 0.000000
    outer loop
      vertex 4.525126 4.525126 2.000000
      vertex 4.869335 4.223263 8.000000
      vertex 4.525126 4.525126 8.000000
    endloop
  endfacet
  facet normal 0.659346 0.751840 0.000000
    outer loop
      vertex 5.868629 5.868629 2.000000
      vertex 6.025982 5.730635 8.000000
      vertex 6.025982 5.730635 2.000000
    endloop
  endfacet
  facet normal 0.659346 0.751840 -0.000000
    outer loop
      vertex 5.868629 5.868629 2.000000
      vertex 5.868629 5.868629 8.000000
      vertex 6.025982 5.730635 8.000000
    endloop
  endfacet
  facet normal -0.000000 0.000000 1.000000
    outer loop
      vertex 4.525126 4.525126 8.000000
      vertex 4.869335 4.223263 8.000000
      vertex 6.025982 5.730635 8.000000
    endloop
  endfacet
  facet normal 0.000000 0.000000 1.000000
    outer loop
      vertex 4.525126 4.525126 8.000000
      vertex 6.025982 5.730635 8.000000
      vertex 5.868629 5.868629 8.000000
    endloop
  endfacet
  facet normal 0.000000 0.000000 -1.000000
    outer loop
      vertex 4.525126 4.525126 2.000000
      vertex 6.025982 5.730635 2.000000
      vertex 4.869335 4.223263 2.000000
    endloop
  endfacet
  facet normal 0.000000 0.000000 -1.000000
    outer loop
      vertex 4.525126 4.525126 2.000000
      vertex 5.868629 5.868629 2.000000
      vertex 6.025982 5.730635 2.000000
    endloop
  endfacet
  facet normal -0.555570 -0.831470 0.000000
    outer loop
      vertex 4.869335 4.223263 2.000000
      vertex 5.250000 3.968911 2.000000
      vertex 5.250000 3.968911 8.000000
    endloop
  endfacet
  facet normal -0.555570 -0.831470 0.000000
    outer loop
      vertex 4.869335 4.223263 2.000000
      vertex 5.250000 3.968911 8.000000
      vertex 4.869335 4.223263 8.000000
    endloop
  endfacet
  facet normal 0.555570 0.831470 0.000000
    outer loop
      vertex 6.025982 5.730635 2.000000
      vertex 6.200000 5.614359 8.000000
      vertex 6.200000 5.614359 2.000000
    endloop
  endfacet
  facet normal 0.555570 0.831470 -0.000000
    outer loop
      vertex 6.025982 5.730635 2.000000
      vertex 6.025982 5.730635 8.000000
      vertex 6.200000 5.614359 8.000000
    endloop
  endfacet
  facet normal -0.000000 0.000000 1.000000
    outer loop
      vertex 4.869335 4.223263 8.000000
      vertex 5.250000 3.968911 8.000000
      vertex 6.200000 5.614359 8.000000
    endloop
  endfacet
  facet normal 0.000000 0.000000 1.000000
    outer loop
      vertex 4.869335 4.223263 8.000000
      vertex 6.200000 5.614359 8.000000
      vertex 6.025982 5.730635 8.000000
    endloop
  endfacet
  facet normal 0.000000 0.000000 -1.000000
    outer loop
      vertex 4.869335 4.223263 2.000000
      vertex 6.200000 5.614359 2.000000
      vertex 5.250000 3.968911 2.000000
    endloop
  endfacet
  facet normal 0.000000 0.000000 -1.000000
    outer loop
      vertex 4.869335 4.223263 2.000000
      vertex 6.025982 5.730635 2.000000
      vertex 6.200000 5.614359 2.000000
    endloop
  endfacet
  facet normal -0.442289 -0.896873 0.000000
    outer loop
      vertex 5.250000 3.968911 2.000000
      vertex 5.660608 3.766422 2.000000
      vertex 5.660608 3.766422 8.000000
    endloop
  endfacet
  facet normal -0.442289 -0.896873 0.000000
    outer loop
      vertex 5.250000 3.968911 2.000000
      vertex 5.660608 3.766422 8.000000
      vertex 5.250000 3.968911 8.000000
    endloop
  endfacet
  facet normal 0.442289 0.896873 0.000000
    outer loop
      vertex 6.200000 5.614359 2.000000
      vertex 6.387707 5.521793 8.000000
      vertex 6.387707 5.521793 2.000000
    endloop
  endfacet
  facet normal 0.442289 0.896873 -0.000000
    outer loop
      vertex 6.200000 5.614359 2.000000
      vertex 6.200000 5.614359 8.000000
      vertex 6.387707 5.521793 8.000000
    endloop
  endfacet
  facet normal -0.000000 0.000000 1.000000
    outer loop
      vertex 5.250000 3.968911 8.000000
      vertex 5.660608 3.766422 8.000000
      vertex 6.387707 5.521793 8.000000
    endloop
  endfacet
  facet normal 0.000000 0.000000 1.000000
    outer loop
      vertex 5.250000 3.968911 8.000000
      vertex 6.387707 5.521793 8.000000
      vertex 6.200000 5.614359 8.000000
    endloop
  endfacet
  facet normal 0.000000 0.000000 -1.000000
    outer loop
      vertex 5.250000 3.968911 2.000000
      vertex 6.387707 5.521793 2.000000
      vertex 5.660608 3.766422 2.000000
    endloop
  endfacet
  facet normal 0.000000 0.000000 -1.000000
    outer loop
      vertex 5.250000 3.968911 2.000000
      vertex 6.200000 5.614359 2.000000
      vertex 6.387707 5.521793 2.000000
    endloop
  endfacet
  facet normal -0.321439 -0.946930 0.000000
    outer loop
      vertex 5.660608 3.766422 2.000000
      vertex 6.094133 3.619260 2.000000
      vertex 6.094133 3.619260 8.000000
    endloop
  endfacet
  facet normal -0.321439 -0.946930 0.000000
    outer loop
      vertex 5.660608 3.766422 2.000000
      vertex 6.094133 3.619260 8.000000
      vertex 5.660608 3.766422 8.000000
    endloop
  endfacet
  facet normal 0.321439 0.946930 0.000000
    outer loop
      vertex 6.387707 5.521793 2.000000
      vertex 6.585890 5.454519 8.000000
      vertex 6.585890 5.454519 2.000000
    endloop
  endfacet
  facet normal 0.321439 0.946930 -0.000000
    outer loop
      vertex 6.387707 5.521793 2.000000
      vertex 6.387707 5.521793 8.000000
      vertex 6.585890 5.454519 8.000000
    endloop
  endfacet
  facet normal -0.000000 0.000000 1.000000
    outer loop
      vertex 5.660608 3.766422 8.000000
      vertex 6.094133 3.619260 8.000000
      vertex 6.585890 5.454519 8.000000
    endloop
  endfacet
  facet normal 0.000000 0.000000 1.000000
    outer loop
      vertex 5.660608 3.766422 8.000000
      vertex 6.585890 5.454519 8.000000
      vertex 6.387707 5.521793 8.000000
    endloop
  endfacet
  facet normal 0.000000 0.000000 -1.000000
    outer loop
      vertex 5.660608 3.766422 2.000000
      vertex 6.585890 5.454519 2.000000
      vertex 6.094133 3.619260 2.000000
    endloop
  endfacet
  facet normal 0.000000 0.000000 -1.000000
    outer loop
      vertex 5.660608 3.766422 2.000000
      vertex 6.387707 5.521793 2.000000
      vertex 6.585890 5.454519 2.000000
    endloop
  endfacet
  facet normal -0.195090 -0.980785 0.000000
    outer loop
      vertex 6.094133 3.619260 2.000000
      vertex 6.543158 3.529943 2.000000
      vertex 6.543158 3.529943 8.000000
    endloop
  endfacet
  facet normal -0.195090 -0.980785 0.000000
    outer loop
      vertex 6.094133 3.619260 2.000000
      vertex 6.543158 3.529943 8.000000
      vertex 6.094133 3.619260 8.000000
    endloop
  endfacet
  facet normal 0.195090 0.980785 0.000000
    outer loop
      vertex 6.585890 5.454519 2.000000
      vertex 6.791158 5.413688 8.000000
      vertex 6.791158 5.413688 2.000000
    endloop
  endfacet
  facet normal 0.195090 0.980785 -0.000000
    outer loop
      vertex 6.585890 5.454519 2.000000
      vertex 6.585890 5.454519 8.000000
      vertex 6.791158 5.413688 8.000000
    endloop
  endfacet
  facet normal -0.000000 0.000000 1.000000
    outer loop
      vertex 6.094133 3.619260 8.000000
      vertex 6.543158 3.529943 8.000000
      vertex 6.791158 5.413688 8.000000
    endloop
  endfacet
  facet normal 0.000000 0.000000 1.000000
    outer loop
      vertex 6.094133 3.619260 8.000000
      vertex 6.791158 5.413688 8.000000
      vertex 6.585890 5.454519 8.000000
    endloop
  endfacet
  facet normal 0.000000 0.000000 -1.000000
    outer loop
      vertex 6.094133 3.619260 2.000000
      vertex 6.791158 5.413688 2.000000
      vertex 6.543158 3.529943 2.000000
    endloop
  endfacet
  facet normal 0.000000 0.000000 -1.000000
    outer loop
      vertex 6.094133 3.619260 2.000000
      vertex 6.585890 5.454519 2.000000
      vertex 6.791158 5.413688 2.000000
    endloop
  endfacet
  facet normal -0.065403 -0.997859 0.000000
    outer loop
      vertex 6.543158 3.529943 2.000000
      vertex 7.000000 3.500000 2.000000
      vertex 7.000000 3.500000 8.000000
    endloop
  endfacet
  facet normal -0.065403 -0.997859 0.000000
    outer loop
      vertex 6.543158 3.529943 2.000000
      vertex 7.000000 3.500000 8.000000
      vertex 6.543158 3.529943 8.000000
    endloop
  endfacet
  facet normal 0.065403 0.997859 0.000000
    outer loop
      vertex 6.791158 5.413688 2.000000
      vertex 7.000000 5.400000 8.000000
      vertex 7.000000 5.400000 2.000000
    endloop
  endfacet
  facet normal 0.065403 0.997859 -0.000000
    outer loop
      vertex 6.791158 5.413688 2.000000
      vertex 6.791158 5.413688 8.000000
      vertex 7.000000 5.400000 8.000000
    endloop
  endfacet
  facet normal -0.000000 0.000000 1.000000
    outer loop
      vertex 6.543158 3.529943 8.000000
      vertex 7.000000 3.500000 8.000000
      vertex 7.000000 5.400000 8.000000
    endloop
  endfacet
  facet normal 0.000000 0.000000 1.000000
    outer loop
      vertex 6.543158 3.529943 8.000000
      vertex 7.000000 5.400000 8.000000
      vertex 6.791158 5.413688 8.000000
    endloop
  endfacet
  facet normal 0.000000 0.000000 -1.000000
    outer loop
      vertex 6.543158 3.529943 2.000000
      vertex 7.000000 5.400000 2.000000
      vertex 7.000000 3.500000 2.000000
    endloop
  endfacet
  facet normal 0.000000 0.000000 -1.000000
    outer loop
      vertex 6.543158 3.529943 2.000000
      vertex 6.791158 5.413688 2.000000
      vertex 7.000000 5.400000 2.000000
    endloop
  endfacet
  facet normal 0.065403 -0.997859 0.000000
    outer loop
      vertex 7.000000 3.500000 2.000000
      vertex 7.456842 3.529943 2.000000
      vertex 7.456842 3.529943 8.000000
    endloop
  endfacet
  facet normal 0.065403 -0.997859 0.000000
    outer loop
      vertex 7.000000 3.500000 2.000000
      vertex 7.456842 3.529943 8.000000
      vertex 7.000000 3.500000 8.000000
    endloop
  endfacet
  facet normal -0.065403 0.997859 0.000000
    outer loop
      vertex 7.000000 5.400000 2.000000
      vertex 7.208842 5.413688 8.000000
      vertex 7.208842 5.413688 2.000000
    endloop
  endfacet
  facet normal -0.065403 0.997859 0.000000
    outer loop
      vertex 7.000000 5.400000 2.000000
      vertex 7.000000 5.400000 8.000000
      vertex 7.208842 5.413688 8.000000
    endloop
  endfacet
  facet normal 0.000000 0.000000 1.000000
    outer loop
      vertex 7.000000 3.500000 8.000000
      vertex 7.456842 3.529943 8.000000
      vertex 7.208842 5.413688 8.000000
    endloop
  endfacet
  facet normal 0.000000 0.000000 1.000000
    outer loop
      vertex 7.000000 3.500000 8.000000
      vertex 7.208842 5.413688 8.000000
      vertex 7.000000 5.400000 8.000000
    endloop
  endfacet
  facet normal 0.000000 0.000000 -1.000000
    outer loop
      vertex 7.000000 3.500000 2.000000
      vertex 7.208842 5.413688 2.000000
      vertex 7.456842 3.529943 2.000000
    endloop
  endfacet
  facet normal 0.000000 0.000000 -1.000000
    outer loop
      vertex 7.000000 3.500000 2.000000
      vertex 7.000000 5.400000 2.000000
      vertex 7.208842 5.413688 2.000000
    endloop
  endfacet
  facet normal 0.195090 -0.980785 0.000000
    outer loop
      vertex 7.456842 3.529943 2.000000
      vertex 7.905867 3.619260 2.000000
      vertex 7.905867 3.619260 8.000000
    endloop
  endfacet
  facet normal 0.195090 -0.980785 0.000000
    outer loop
      vertex 7.456842 3.529943 2.000000
      vertex 7.905867 3.619260 8.000000
      vertex 7.456842 3.529943 8.000000
    endloop
  endfacet
  facet normal -0.195090 0.980785 0.000000
    outer loop
      vertex 7.208842 5.413688 2.000000
      vertex 7.414110 5.454519 8.000000
      vertex 7.414110 5.454519 2.000000
    endloop
  endfacet
  facet normal -0.195090 0.980785 0.000000
    outer loop
      vertex 7.208842 5.413688 2.000000
      vertex 7.208842 5.413688 8.000000
      vertex 7.414110 5.454519 8.000000
    endloop
  endfacet
  facet normal 0.000000 -0.000000 1.000000
    outer loop
      vertex 7.456842 3.529943 8.000000
      vertex 7.905867 3.619260 8.000000
      vertex 7.414110 5.454519 8.000000
    endloop
  endfacet
  facet normal 0.000000 0.000000 1.000000
    outer loop
      vertex 7.456842 3.529943 8.000000
      vertex 7.414110 5.454519 8.000000
      vertex 7.208842 5.413688 8.000000
    endloop
  endfacet
  facet normal 0.000000 0.000000 -1.000000
    outer loop
      vertex 7.456842 3.529943 2.000000
      vertex 7.414110 5.454519 2.000000
      vertex 7.905867 3.619260 2.000000
    endloop
  endfacet
  facet normal 0.000000 0.000000 -1.000000
    outer loop
      vertex 7.456842 3.529943 2.000000
      vertex 7.208842 5.413688 2.000000
      vertex 7.414110 5.454519 2.000000
    endloop
  endfacet
  facet normal 0.321439 -0.946930 0.000000
    outer loop
      vertex 7.905867 3.619260 2.000000
      vertex 8.339392 3.766422 2.000000
      vertex 8.339392 3.766422 8.000000
    endloop
  endfacet
  facet normal 0.321439 -0.946930 0.000000
    outer loop
      vertex 7.905867 3.619260 2.000000
      vertex 8.339392 3.766422 8.000000
      vertex 7.905867 3.619260 8.000000
    endloop
  endfacet
  facet normal -0.321439 0.946930 0.000000
    outer loop
      vertex 7.414110 5.454519 2.000000
      vertex 7.612293 5.521793 8.000000
      vertex 7.612293 5.521793 2.000000
    endloop
  endfacet
  facet normal -0.321439 0.946930 0.000000
    outer loop
      vertex 7.414110 5.454519 2.000000
      vertex 7.414110 5.454519 8.000000
      vertex 7.612293 5.521793 8.000000
    endloop
  endfacet
  facet normal 0.000000 -0.000000 1.000000
    outer loop
      vertex 7.905867 3.619260 8.000000
      vertex 8.339392 3.766422 8.000000
      vertex 7.612293 5.521793 8.000000
    endloop
  endfacet
  facet normal 0.000000 0.000000 1.000000
    outer loop
      vertex 7.905867 3.619260 8.000000
      vertex 7.612293 5.521793 8.000000
      vertex 7.414110 5.454519 8.000000
    endloop
  endfacet
  facet normal 0.000000 0.000000 -1.000000
    outer loop
      vertex 7.905867 3.619260 2.000000
      vertex 7.612293 5.521793 2.000000
      vertex 8.339392 3.766422 2.000000
    endloop
  endfacet
  facet normal 0.000000 0.000000 -1.000000
    outer loop
      vertex 7.905867 3.619260 2.000000
      vertex 7.414110 5.454519 2.000000
      vertex 7.612293 5.521793 2.000000
    endloop
  endfacet
  facet normal 0.442289 -0.896873 0.000000
    outer loop
      vertex 8.339392 3.766422 2.000000
      vertex 8.750000 3.968911 2.000000
      vertex 8.750000 3.968911 8.000000
    endloop
  endfacet
  facet normal 0.442289 -0.896873 0.000000
    outer loop
      vertex 8.339392 3.766422 2.000000
      vertex 8.750000 3.968911 8.000000
      vertex 8.339392 3.766422 8.000000
    endloop
  endfacet
  facet normal -0.442289 0.896873 0.000000
    outer loop
      vertex 7.612293 5.521793 2.000000
      vertex 7.800000 5.614359 8.000000
      vertex 7.800000 5.614359 2.000000
    endloop
  endfacet
  facet normal -0.442289 0.896873 0.000000
    outer loop
      vertex 7.612293 5.521793 2.000000
      vertex 7.612293 5.521793 8.000000
      vertex 7.800000 5.614359 8.000000
    endloop
  endfacet
  facet normal 0.000000 -0.000000 1.000000
    outer loop
      vertex 8.339392 3.766422 8.000000
      vertex 8.750000 3.968911 8.000000
      vertex 7.800000 5.614359 8.000000
    endloop
  endfacet
  facet normal 0.000000 0.000000 1.000000
    outer loop
      vertex 8.339392 3.766422 8.000000
      vertex 7.800000 5.614359 8.000000
      vertex 7.612293 5.521793 8.000000
    endloop
  endfacet
  facet normal 0.000000 0.000000 -1.000000
    outer loop
      vertex 8.339392 3.766422 2.000000
      vertex 7.800000 5.614359 2.000000
      vertex 8.750000 3.968911 2.000000
    endloop
  endfacet
  facet normal 0.000000 0.000000 -1.000000
    outer loop
      vertex 8.339392 3.766422 2.000000
      vertex 7.612293 5.521793 2.000000
      vertex 7.800000 5.614359 2.000000
    endloop
  endfacet
  facet normal 0.555570 -0.831470 0.000000
    outer loop
      vertex 8.750000 3.968911 2.000000
      vertex 9.130665 4.223263 2.000000
      vertex 9.130665 4.223263 8.000000
    endloop
  endfacet
  facet normal 0.555570 -0.831470 0.000000
    outer loop
      vertex 8.750000 3.968911 2.000000
      vertex 9.130665 4.223263 8.000000
      vertex 8.750000 3.968911 8.000000
    endloop
  endfacet
  facet normal -0.555570 0.831470 0.000000
    outer loop
      vertex 7.800000 5.614359 2.000000
      vertex 7.974018 5.730635 8.000000
      vertex 7.974018 5.730635 2.000000
    endloop
  endfacet
  facet normal -0.555570 0.831470 0.000000
    outer loop
      vertex 7.800000 5.614359 2.000000
      vertex 7.800000 5.614359 8.000000
      vertex 7.974018 5.730635 8.000000
    endloop
  endfacet
  facet normal 0.000000 -0.000000 1.000000
    outer loop
      vertex 8.750000 3.968911 8.000000
      vertex 9.130665 4.223263 8.000000
      vertex 7.974018 5.730635 8.000000
    endloop
  endfacet
  facet normal 0.000000 0.000000 1.000000
    outer loop
      vertex 8.750000 3.968911 8.000000
      vertex 7.974018 5.730635 8.000000
      vertex 7.800000 5.614359 8.000000
    endloop
  endfacet
  facet normal 0.000000 0.000000 -1.000000
    outer loop
      vertex 8.750000 3.968911 2.000000
      vertex 7.974018 5.730635 2.000000
      vertex 9.130665 4.223263 2.000000
    endloop
  endfacet
  facet normal 0.000000 0.000000 -1.000000
    outer loop
      vertex 8.750000 3.968911 2.000000
      vertex 7.800000 5.614359 2.000000
      vertex 7.974018 5.730635 2.000000
    endloop
  endfacet
  facet normal 0.659346 -0.751840 0.000000
    outer loop
      vertex 9.130665 4.223263 2.000000
      vertex 9.474874 4.525126 2.000000
      vertex 9.474874 4.525126 8.000000
    endloop
  endfacet
  facet normal 0.659346 -0.751840 0.000000
    outer loop
      vertex 9.130665 4.223263 2.000000
      vertex 9.474874 4.525126 8.000000
      vertex 9.130665 4.223263 8.000000
    endloop
  endfacet
  facet normal -0.659346 0.751840 0.000000
    outer loop
      vertex 7.974018 5.730635 2.000000
      vertex 8.131371 5.868629 8.000000
      vertex 8.131371 5.868629 2.000000
    endloop
  endfacet
  facet normal -0.659346 0.751840 0.000000
    outer loop
      vertex 7.974018 5.730635 2.000000
      vertex 7.974018 5.730635 8.000000
      vertex 8.131371 5.868629 8.000000
    endloop
  endfacet
  facet normal 0.000000 -0.000000 1.000000
    outer loop
      vertex 9.130665 4.223263 8.000000
      vertex 9.474874 4.525126 8.000000
      vertex 8.131371 5.868629 8.000000
    endloop
  endfacet
  facet normal 0.000000 0.000000 1.000000
    outer loop
      vertex 9.130665 4.223263 8.000000
      vertex 8.131371 5.868629 8.000000
      vertex 7.974018 5.730635 8.000000
    endloop
  endfacet
  facet normal 0.000000 0.000000 -1.000000
    outer loop
      vertex 9.130665 4.223263 2.000000
      vertex 8.131371 5.868629 2.000000
      vertex 9.474874 4.525126 2.000000
    endloop
  endfacet
  facet normal 0.000000 0.000000 -1.000000
    outer loop
      vertex 9.130665 4.223263 2.000000
      vertex 7.974018 5.730635 2.000000
      vertex 8.131371 5.868629 2.000000
    endloop
  endfacet
  facet normal 0.751840 -0.659346 0.000000
    outer loop
      vertex 9.474874 4.525126 2.000000
      vertex 9.776737 4.869335 2.000000
      vertex 9.776737 4.869335 8.000000
    endloop
  endfacet
  facet normal 0.751840 -0.659346 0.000000
    outer loop
      vertex 9.474874 4.525126 2.000000
      vertex 9.776737 4.869335 8.000000
      vertex 9.474874 4.525126 8.000000
    endloop
  endfacet
  facet normal -0.751840 0.659346 0.000000
    outer loop
      vertex 8.131371 5.868629 2.000000
      vertex 8.269365 6.025982 8.000000
      vertex 8.269365 6.025982 2.000000
    endloop
  endfacet
  facet normal -0.751840 0.659346 0.000000
    outer loop
      vertex 8.131371 5.868629 2.000000
      vertex 8.131371 5.868629 8.000000
      vertex 8.269365 6.025982 8.000000
    endloop
  endfacet
  facet normal 0.000000 -0.000000 1.000000
    outer loop
      vertex 9.474874 4.525126 8.000000
      vertex 9.776737 4.869335 8.000000
      vertex 8.269365 6.025982 8.000000
    endloop
  endfacet
  facet normal 0.000000 0.000000 1.000000
    outer loop
      vertex 9.474874 4.525126 8.000000
      vertex 8.269365 6.025982 8.000000
      vertex 8.131371 5.868629 8.000000
    endloop
  endfacet
  facet normal 0.000000 0.000000 -1.000000
    outer loop
      vertex 9.474874 4.525126 2.000000
      vertex 8.269365 6.025982 2.000000
      vertex 9.776737 4.869335 2.000000
    endloop
  endfacet
  facet normal 0.000000 0.000000 -1.000000
    outer loop
      vertex 9.474874 4.525126 2.000000
      vertex 8.131371 5.868629 2.000000
      vertex 8.269365 6.025982 2.000000
    endloop
  endfacet
  facet normal 0.831470 -0.555570 0.000000
    outer loop
      vertex 9.776737 4.869335 2.000000
      vertex 10.031089 5.250000 2.000000
      vertex 10.031089 5.250000 8.000000
    endloop
  endfacet
  facet normal 0.831470 -0.555570 0.000000
    outer loop
      vertex 9.776737 4.869335 2.000000
      vertex 10.031089 5.250000 8.000000
      vertex 9.776737 4.869335 8.000000
    endloop
  endfacet
  facet normal -0.831470 0.555570 0.000000
    outer loop
      vertex 8.269365 6.025982 2.000000
      vertex 8.385641 6.200000 8.000000
      vertex 8.385641 6.200000 2.000000
    endloop
  endfacet
  facet normal -0.831470 0.555570 0.000000
    outer loop
      vertex 8.269365 6.025982 2.000000
      vertex 8.269365 6.025982 8.000000
      vertex 8.385641 6.200000 8.000000
    endloop
  endfacet
  facet normal 0.000000 -0.000000 1.000000
    outer loop
      vertex 9.776737 4.869335 8.000000
      vertex 10.031089 5.250000 8.000000
      vertex 8.385641 6.200000 8.000000
    endloop
  endfacet
  facet normal 0.000000 0.000000 1.000000
    outer loop
      vertex 9.776737 4.869335 8.000000
      vertex 8.385641 6.200000 8.000000
      vertex 8.269365 6.025982 8.000000
    endloop
  endfacet
  facet normal 0.000000 0.000000 -1.000000
    outer loop
      vertex 9.776737 4.869335 2.000000
      vertex 8.385641 6.200000 2.000000
      vertex 10.031089 5.250000 2.000000
    endloop
  endfacet
  facet normal 0.000000 0.000000 -1.000000
    outer loop
      vertex 9.776737 4.869335 2.000000
      vertex 8.269365 6.025982 2.000000
      vertex 8.385641 6.200000 2.000000
    endloop
  endfacet
  facet normal 0.896873 -0.442289 0.000000
    outer loop
      vertex 10.031089 5.250000 2.000000
      vertex 10.233578 5.660608 2.000000
      vertex 10.233578 5.660608 8.000000
    endloop
  endfacet
  facet normal 0.896873 -0.442289 0.000000
    outer loop
      vertex 10.031089 5.250000 2.000000
      vertex 10.233578 5.660608 8.000000
      vertex 10.031089 5.250000 8.000000
    endloop
  endfacet
  facet normal -0.896873 0.442289 0.000000
    outer loop
      vertex 8.385641 6.200000 2.000000
      vertex 8.478207 6.387707 8.000000
      vertex 8.478207 6.387707 2.000000
    endloop
  endfacet
  facet normal -0.896873 0.442289 0.000000
    outer loop
      vertex 8.385641 6.200000 2.000000
      vertex 8.385641 6.200000 8.000000
      vertex 8.478207 6.387707 8.000000
    endloop
  endfacet
  facet normal 0.000000 -0.000000 1.000000
    outer loop
      vertex 10.031089 5.250000 8.000000
      vertex 10.233578 5.660608 8.000000
      vertex 8.478207 6.387707 8.000000
    endloop
  endfacet
  facet normal 0.000000 0.000000 1.000000
    outer loop
      vertex 10.031089 5.250000 8.000000
      vertex 8.478207 6.387707 8.000000
      vertex 8.385641 6.200000 8.000000
    endloop
  endfacet
  facet normal 0.000000 0.000000 -1.000000
    outer loop
      vertex 10.031089 5.250000 2.000000
      vertex 8.478207 6.387707 2.000000
      vertex 10.233578 5.660608 2.000000
    endloop
  endfacet
  facet normal 0.000000 0.000000 -1.000000
    outer loop
      vertex 10.031089 5.250000 2.000000
      vertex 8.385641 6.200000 2.000000
      vertex 8.478207 6.387707 2.000000
    endloop
  endfacet
  facet normal 0.946930 -0.321439 0.000000
    outer loop
      vertex 10.233578 5.660608 2.000000
      vertex 10.380740 6.094133 2.000000
      vertex 10.380740 6.094133 8.000000
    endloop
  endfacet
  facet normal 0.946930 -0.321439 0.000000
    outer loop
      vertex 10.233578 5.660608 2.000000
      vertex 10.380740 6.094133 8.000000
      vertex 10.233578 5.660608 8.000000
    endloop
  endfacet
  facet normal -0.946930 0.321439 0.000000
    outer loop
      vertex 8.478207 6.387707 2.000000
      vertex 8.545481 6.585890 8.000000
      vertex 8.545481 6.585890 2.000000
    endloop
  endfacet
  facet normal -0.946930 0.321439 0.000000
    outer loop
      vertex 8.478207 6.387707 2.000000
      vertex 8.478207 6.387707 8.000000
      vertex 8.545481 6.585890 8.000000
    endloop
  endfacet
  facet normal 0.000000 -0.000000 1.000000
    outer loop
      vertex 10.233578 5.660608 8.000000
      vertex 10.380740 6.094133 8.000000
      vertex 8.545481 6.585890 8.000000
    endloop
  endfacet
  facet normal 0.000000 0.000000 1.000000
    outer loop
      vertex 10.233578 5.660608 8.000000
      vertex 8.545481 6.585890 8.000000
      vertex 8.478207 6.387707 8.000000
    endloop
  endfacet
  facet normal 0.000000 0.000000 -1.000000
    outer loop
      vertex 10.233578 5.660608 2.000000
      vertex 8.545481 6.585890 2.000000
      vertex 10.380740 6.094133 2.000000
    endloop
  endfacet
  facet normal 0.000000 0.000000 -1.000000
    outer loop
      vertex 10.233578 5.660608 2.000000
      vertex 8.478207 6.387707 2.000000
      vertex 8.545481 6.585890 2.000000
    endloop
  endfacet
  facet normal 0.980785 -0.195090 0.000000
    outer loop
      vertex 10.380740 6.094133 2.000000
      vertex 10.470057 6.543158 2.000000
      vertex 10.470057 6.543158 8.000000
    endloop
  endfacet
  facet normal 0.980785 -0.195090 0.000000
    outer loop
      vertex 10.380740 6.094133 2.000000
      vertex 10.470057 6.543158 8.000000
      vertex 10.380740 6.094133 8.000000
    endloop
  endfacet
  facet normal -0.980785 0.195090 0.000000
    outer loop
      vertex 8.545481 6.585890 2.000000
      vertex 8.586312 6.791158 8.000000
      vertex 8.586312 6.791158 2.000000
    endloop
  endfacet
  facet normal -0.980785 0.195090 0.000000
    outer loop
      vertex 8.545481 6.585890 2.000000
      vertex 8.545481 6.585890 8.000000
      vertex 8.586312 6.791158 8.000000
    endloop
  endfacet
  facet normal 0.000000 -0.000000 1.000000
    outer loop
      vertex 10.380740 6.094133 8.000000
      vertex 10.470057 6.543158 8.000000
      vertex 8.586312 6.791158 8.000000
    endloop
  endfacet
  facet normal 0.000000 0.000000 1.000000
    outer loop
      vertex 10.380740 6.094133 8.000000
      vertex 8.586312 6.791158 8.000000
      vertex 8.545481 6.585890 8.000000
    endloop
  endfacet
  facet normal 0.000000 0.000000 -1.000000
    outer loop
      vertex 10.380740 6.094133 2.000000
      vertex 8.586312 6.791158 2.000000
      vertex 10.470057 6.543158 2.000000
    endloop
  endfacet
  facet normal 0.000000 0.000000 -1.000000
    outer loop
      vertex 10.380740 6.094133 2.000000
      vertex 8.545481 6.585890 2.000000
      vertex 8.586312 6.791158 2.000000
    endloop
  endfacet
  facet normal 0.997859 -0.065403 0.000000
    outer loop
      vertex 10.470057 6.543158 2.000000
      vertex 10.500000 7.000000 2.000000
      vertex 10.500000 7.000000 8.000000
    endloop
  endfacet
  facet normal 0.997859 -0.065403 0.000000
    outer loop
      vertex 10.470057 6.543158 2.000000
      vertex 10.500000 7.000000 8.000000
      vertex 10.470057 6.543158 8.000000
    endloop
  endfacet
  facet normal -0.997859 0.065403 0.000000
    outer loop
      vertex 8.586312 6.791158 2.000000
      vertex 8.600000 7.000000 8.000000
      vertex 8.600000 7.000000 2.000000
    endloop
  endfacet
  facet normal -0.997859 0.065403 0.000000
    outer loop
      vertex 8.586312 6.791158 2.000000
      vertex 8.586312 6.791158 8.000000
      vertex 8.600000 7.000000 8.000000
    endloop
  endfacet
  facet normal 0.000000 -0.000000 1.000000
    outer loop
      vertex 10.470057 6.543158 8.000000
      vertex 10.500000 7.000000 8.000000
      vertex 8.600000 7.000000 8.000000
    endloop
  endfacet
  facet normal 0.000000 0.000000 1.000000
    outer loop
      vertex 10.470057 6.543158 8.000000
      vertex 8.600000 7.000000 8.000000
      vertex 8.586312 6.791158 8.000000
    endloop
  endfacet
  facet normal 0.000000 0.000000 -1.000000
    outer loop
      vertex 10.470057 6.543158 2.000000
      vertex 8.600000 7.000000 2.000000
      vertex 10.500000 7.000000 2.000000
    endloop
  endfacet
  facet normal 0.000000 0.000000 -1.000000
    outer loop
      vertex 10.470057 6.543158 2.000000
      vertex 8.586312 6.791158 2.000000
      vertex 8.600000 7.000000 2.000000
    endloop
  endfacet
  facet normal 0.997859 0.065403 0.000000
    outer loop
      vertex 54.500000 7.000000 2.000000
      vertex 54.470057 7.456842 2.000000
      vertex 54.470057 7.456842 8.000000
    endloop
  endfacet
  facet normal 0.997859 0.065403 -0.000000
    outer loop
      vertex 54.500000 7.000000 2.000000
      vertex 54.470057 7.456842 8.000000
      vertex 54.500000 7.000000 8.000000
    endloop
  endfacet
  facet normal -0.997859 -0.065403 0.000000
    outer loop
      vertex 52.600000 7.000000 2.000000
      vertex 52.586312 7.208842 8.000000
      vertex 52.586312 7.208842 2.000000
    endloop
  endfacet
  facet normal -0.997859 -0.065403 0.000000
    outer loop
      vertex 52.600000 7.000000 2.000000
      vertex 52.600000 7.000000 8.000000
      vertex 52.586312 7.208842 8.000000
    endloop
  endfacet
  facet normal 0.000000 0.000000 1.000000
    outer loop
      vertex 54.500000 7.000000 8.000000
      vertex 54.470057 7.456842 8.000000
      vertex 52.586312 7.208842 8.000000
    endloop
  endfacet
  facet normal 0.000000 0.000000 1.000000
    outer loop
      vertex 54.500000 7.000000 8.000000
      vertex 52.586312 7.208842 8.000000
      vertex 52.600000 7.000000 8.000000
    endloop
  endfacet
  facet normal 0.000000 0.000000 -1.000000
    outer loop
      vertex 54.500000 7.000000 2.000000
      vertex 52.586312 7.208842 2.000000
      vertex 54.470057 7.456842 2.000000
    endloop
  endfacet
  facet normal 0.000000 0.000000 -1.000000
    outer loop
      vertex 54.500000 7.000000 2.000000
      vertex 52.600000 7.000000 2.000000
      vertex 52.586312 7.208842 2.000000
    endloop
  endfacet
  facet normal 0.980785 0.195090 0.000000
    outer loop
      vertex 54.470057 7.456842 2.000000
      vertex 54.380740 7.905867 2.000000
      vertex 54.380740 7.905867 8.000000
    endloop
  endfacet
  facet normal 0.980785 0.195090 -0.000000
    outer loop
      vertex 54.470057 7.456842 2.000000
      vertex 54.380740 7.905867 8.000000
      vertex 54.470057 7.456842 8.000000
    endloop
  endfacet
  facet normal -0.980785 -0.195090 0.000000
    outer loop
      vertex 52.586312 7.208842 2.000000
      vertex 52.545481 7.414110 8.000000
      vertex 52.545481 7.414110 2.000000
    endloop
  endfacet
  facet normal -0.980785 -0.195090 0.000000
    outer loop
      vertex 52.586312 7.208842 2.000000
      vertex 52.586312 7.208842 8.000000
      vertex 52.545481 7.414110 8.000000
    endloop
  endfacet
  facet normal 0.000000 0.000000 1.000000
    outer loop
      vertex 54.470057 7.456842 8.000000
      vertex 54.380740 7.905867 8.000000
      vertex 52.545481 7.414110 8.000000
    endloop
  endfacet
  facet normal 0.000000 0.000000 1.000000
    outer loop
      vertex 54.470057 7.456842 8.000000
      vertex 52.545481 7.414110 8.000000
      vertex 52.586312 7.208842 8.000000
    endloop
  endfacet
  facet normal -0.000000 0.000000 -1.000000
    outer loop
      vertex 54.470057 7.456842 2.000000
      vertex 52.545481 7.414110 2.000000
      vertex 54.380740 7.905867 2.000000
    endloop
  endfacet
  facet normal 0.000000 0.000000 -1.000000
    outer loop
      vertex 54.470057 7.456842 2.000000
      vertex 52.586312 7.208842 2.000000
      vertex 52.545481 7.414110 2.000000
    endloop
  endfacet
  facet normal 0.946930 0.321439 0.000000
    outer loop
      vertex 54.380740 7.905867 2.000000
      vertex 54.233578 8.339392 2.000000
      vertex 54.233578 8.339392 8.000000
    endloop
  endfacet
  facet normal 0.946930 0.321439 -0.000000
    outer loop
      vertex 54.380740 7.905867 2.000000
      vertex 54.233578 8.339392 8.000000
      vertex 54.380740 7.905867 8.000000
    endloop
  endfacet
  facet normal -0.946930 -0.321439 0.000000
    outer loop
      vertex 52.545481 7.414110 2.000000
      vertex 52.478207 7.612293 8.000000
      vertex 52.478207 7.612293 2.000000
    endloop
  endfacet
  facet normal -0.946930 -0.321439 0.000000
    outer loop
      vertex 52.545481 7.414110 2.000000
      vertex 52.545481 7.414110 8.000000
      vertex 52.478207 7.612293 8.000000
    endloop
  endfacet
  facet normal 0.000000 0.000000 1.000000
    outer loop
      vertex 54.380740 7.905867 8.000000
      vertex 54.233578 8.339392 8.000000
      vertex 52.478207 7.612293 8.000000
    endloop
  endfacet
  facet normal 0.000000 0.000000 1.000000
    outer loop
      vertex 54.380740 7.905867 8.000000
      vertex 52.478207 7.612293 8.000000
      vertex 52.545481 7.414110 8.000000
    endloop
  endfacet
  facet normal -0.000000 0.000000 -1.000000
    outer loop
      vertex 54.380740 7.905867 2.000000
      vertex 52.478207 7.612293 2.000000
      vertex 54.233578 8.339392 2.000000
    endloop
  endfacet
  facet normal 0.000000 0.000000 -1.000000
    outer loop
      vertex 54.380740 7.905867 2.000000
      vertex 52.545481 7.414110 2.000000
      vertex 52.478207 7.612293 2.000000
    endloop
  endfacet
  facet normal 0.896873 0.442289 0.000000
    outer loop
      vertex 54.233578 8.339392 2.000000
      vertex 54.031089 8.750000 2.000000
      vertex 54.031089 8.750000 8.000000
    endloop
  endfacet
  facet normal 0.896873 0.442289 -0.000000
    outer loop
      vertex 54.233578 8.339392 2.000000
      vertex 54.031089 8.750000 8.000000
      vertex 54.233578 8.339392 8.000000
    endloop
  endfacet
  facet normal -0.896873 -0.442289 0.000000
    outer loop
      vertex 52.478207 7.612293 2.000000
      vertex 52.385641 7.800000 8.000000
      vertex 52.385641 7.800000 2.000000
    endloop
  endfacet
  facet normal -0.896873 -0.442289 0.000000
    outer loop
      vertex 52.478207 7.612293 2.000000
      vertex 52.478207 7.612293 8.000000
      vertex 52.385641 7.800000 8.000000
    endloop
  endfacet
  facet normal 0.000000 0.000000 1.000000
    outer loop
      vertex 54.233578 8.339392 8.000000
      vertex 54.031089 8.750000 8.000000
      vertex 52.385641 7.800000 8.000000
    endloop
  endfacet
  facet normal 0.000000 0.000000 1.000000
    outer loop
      vertex 54.233578 8.339392 8.000000
      vertex 52.385641 7.800000 8.000000
      vertex 52.478207 7.612293 8.000000
    endloop
  endfacet
  facet normal -0.000000 0.000000 -1.000000
    outer loop
      vertex 54.233578 8.339392 2.000000
      vertex 52.385641 7.800000 2.000000
      vertex 54.031089 8.750000 2.000000
    endloop
  endfacet
  facet normal 0.000000 0.000000 -1.000000
    outer loop
      vertex 54.233578 8.339392 2.000000
      vertex 52.478207 7.612293 2.000000
      vertex 52.385641 7.800000 2.000000
    endloop
  endfacet
  facet normal 0.831470 0.555570 0.000000
    outer loop
      vertex 54.031089 8.750000 2.000000
      vertex 53.776737 9.130665 2.000000
      vertex 53.776737 9.130665 8.000000
    endloop
  endfacet
  facet normal 0.831470 0.555570 -0.000000
    outer loop
      vertex 54.031089 8.750000 2.000000
      vertex 53.776737 9.130665 8.000000
      vertex 54.031089 8.750000 8.000000
    endloop
  endfacet
  facet normal -0.831470 -0.555570 0.000000
    outer loop
      vertex 52.385641 7.800000 2.000000
      vertex 52.269365 7.974018 8.000000
      vertex 52.269365 7.974018 2.000000
    endloop
  endfacet
  facet normal -0.831470 -0.555570 0.000000
    outer loop
      vertex 52.385641 7.800000 2.000000
      vertex 52.385641 7.800000 8.000000
      vertex 52.269365 7.974018 8.000000
    endloop
  endfacet
  facet normal 0.000000 0.000000 1.000000
    outer loop
      vertex 54.031089 8.750000 8.000000
      vertex 53.776737 9.130665 8.000000
      vertex 52.269365 7.974018 8.000000
    endloop
  endfacet
  facet normal 0.000000 0.000000 1.000000
    outer loop
      vertex 54.031089 8.750000 8.000000
      vertex 52.269365 7.974018 8.000000
      vertex 52.385641 7.800000 8.000000
    endloop
  endfacet
  facet normal -0.000000 0.000000 -1.000000
    outer loop
      vertex 54.031089 8.750000 2.000000
      vertex 52.269365 7.974018 2.000000
      vertex 53.776737 9.130665 2.000000
    endloop
  endfacet
  facet normal 0.000000 0.000000 -1.000000
    outer loop
      vertex 54.031089 8.750000 2.000000
      vertex 52.385641 7.800000 2.000000
      vertex 52.269365 7.974018 2.000000
    endloop
  endfacet
  facet normal 0.751840 0.659346 0.000000
    outer loop
      vertex 53.776737 9.130665 2.000000
      vertex 53.474874 9.474874 2.000000
      vertex 53.474874 9.474874 8.000000
    endloop
  endfacet
  facet normal 0.751840 0.659346 -0.000000
    outer loop
      vertex 53.776737 9.130665 2.000000
      vertex 53.474874 9.474874 8.000000
      vertex 53.776737 9.130665 8.000000
    endloop
  endfacet
  facet normal -0.751840 -0.659346 0.000000
    outer loop
      vertex 52.269365 7.974018 2.000000
      vertex 52.131371 8.131371 8.000000
      vertex 52.131371 8.131371 2.000000
    endloop
  endfacet
  facet normal -0.751840 -0.659346 0.000000
    outer loop
      vertex 52.269365 7.974018 2.000000
      vertex 52.269365 7.974018 8.000000
      vertex 52.131371 8.131371 8.000000
    endloop
  endfacet
  facet normal 0.000000 0.000000 1.000000
    outer loop
      vertex 53.776737 9.130665 8.000000
      vertex 53.474874 9.474874 8.000000
      vertex 52.131371 8.131371 8.000000
    endloop
  endfacet
  facet normal 0.000000 0.000000 1.000000
    outer loop
      vertex 53.776737 9.130665 8.000000
      vertex 52.131371 8.131371 8.000000
      vertex 52.269365 7.974018 8.000000
    endloop
  endfacet
  facet normal -0.000000 0.000000 -1.000000
    outer loop
      vertex 53.776737 9.130665 2.000000
      vertex 52.131371 8.131371 2.000000
      vertex 53.474874 9.474874 2.000000
    endloop
  endfacet
  facet normal 0.000000 0.000000 -1.000000
    outer loop
      vertex 53.776737 9.130665 2.000000
      vertex 52.269365 7.974018 2.000000
      vertex 52.131371 8.131371 2.000000
    endloop
  endfacet
  facet normal 0.659346 0.751840 0.000000
    outer loop
      vertex 53.474874 9.474874 2.000000
      vertex 53.130665 9.776737 2.000000
      vertex 53.130665 9.776737 8.000000
    endloop
  endfacet
  facet normal 0.659346 0.751840 -0.000000
    outer loop
      vertex 53.474874 9.474874 2.000000
      vertex 53.130665 9.776737 8.000000
      vertex 53.474874 9.474874 8.000000
    endloop
  endfacet
  facet normal -0.659346 -0.751840 0.000000
    outer loop
      vertex 52.131371 8.131371 2.000000
      vertex 51.974018 8.269365 8.000000
      vertex 51.974018 8.269365 2.000000
    endloop
  endfacet
  facet normal -0.659346 -0.751840 0.000000
    outer loop
      vertex 52.131371 8.131371 2.000000
      vertex 52.131371 8.131371 8.000000
      vertex 51.974018 8.269365 8.000000
    endloop
  endfacet
  facet normal 0.000000 0.000000 1.000000
    outer loop
      vertex 53.474874 9.474874 8.000000
      vertex 53.130665 9.776737 8.000000
      vertex 51.974018 8.269365 8.000000
    endloop
  endfacet
  facet normal 0.000000 0.000000 1.000000
    outer loop
      vertex 53.474874 9.474874 8.000000
      vertex 51.974018 8.269365 8.000000
      vertex 52.131371 8.131371 8.000000
    endloop
  endfacet
  facet normal -0.000000 0.000000 -1.000000
    outer loop
      vertex 53.474874 9.474874 2.000000
      vertex 51.974018 8.269365 2.000000
      vertex 53.130665 9.776737 2.000000
    endloop
  endfacet
  facet normal 0.000000 0.000000 -1.000000
    outer loop
      vertex 53.474874 9.474874 2.000000
      vertex 52.131371 8.131371 2.000000
      vertex 51.974018 8.269365 2.000000
    endloop
  endfacet
  facet normal 0.555570 0.831470 0.000000
    outer loop
      vertex 53.130665 9.776737 2.000000
      vertex 52.750000 10.031089 2.000000
      vertex 52.750000 10.031089 8.000000
    endloop
  endfacet
  facet normal 0.555570 0.831470 -0.000000
    outer loop
      vertex 53.130665 9.776737 2.000000
      vertex 52.750000 10.031089 8.000000
      vertex 53.130665 9.776737 8.000000
    endloop
  endfacet
  facet normal -0.555570 -0.831470 0.000000
    outer loop
      vertex 51.974018 8.269365 2.000000
      vertex 51.800000 8.385641 8.000000
      vertex 51.800000 8.385641 2.000000
    endloop
  endfacet
  facet normal -0.555570 -0.831470 0.000000
    outer loop
      vertex 51.974018 8.269365 2.000000
      vertex 51.974018 8.269365 8.000000
      vertex 51.800000 8.385641 8.000000
    endloop
  endfacet
  facet normal 0.000000 0.000000 1.000000
    outer loop
      vertex 53.130665 9.776737 8.000000
      vertex 52.750000 10.031089 8.000000
      vertex 51.800000 8.385641 8.000000
    endloop
  endfacet
  facet normal 0.000000 0.000000 1.000000
    outer loop
      vertex 53.130665 9.776737 8.000000
      vertex 51.800000 8.385641 8.000000
      vertex 51.974018 8.269365 8.000000
    endloop
  endfacet
  facet normal -0.000000 0.000000 -1.000000
    outer loop
      vertex 53.130665 9.776737 2.000000
      vertex 51.800000 8.385641 2.000000
      vertex 52.750000 10.031089 2.000000
    endloop
  endfacet
  facet normal 0.000000 0.000000 -1.000000
    outer loop
      vertex 53.130665 9.776737 2.000000
      vertex 51.974018 8.269365 2.000000
      vertex 51.800000 8.385641 2.000000
    endloop
  endfacet
  facet normal 0.442289 0.896873 0.000000
    outer loop
      vertex 52.750000 10.031089 2.000000
      vertex 52.339392 10.233578 2.000000
      vertex 52.339392 10.233578 8.000000
    endloop
  endfacet
  facet normal 0.442289 0.896873 -0.000000
    outer loop
      vertex 52.750000 10.031089 2.000000
      vertex 52.339392 10.233578 8.000000
      vertex 52.750000 10.031089 8.000000
    endloop
  endfacet
  facet normal -0.442289 -0.896873 0.000000
    outer loop
      vertex 51.800000 8.385641 2.000000
      vertex 51.612293 8.478207 8.000000
      vertex 51.612293 8.478207 2.000000
    endloop
  endfacet
  facet normal -0.442289 -0.896873 0.000000
    outer loop
      vertex 51.800000 8.385641 2.000000
      vertex 51.800000 8.385641 8.000000
      vertex 51.612293 8.478207 8.000000
    endloop
  endfacet
  facet normal 0.000000 0.000000 1.000000
    outer loop
      vertex 52.750000 10.031089 8.000000
      vertex 52.339392 10.233578 8.000000
      vertex 51.612293 8.478207 8.000000
    endloop
  endfacet
  facet normal 0.000000 0.000000 1.000000
    outer loop
      vertex 52.750000 10.031089 8.000000
      vertex 51.612293 8.478207 8.000000
      vertex 51.800000 8.385641 8.000000
    endloop
  endfacet
  facet normal -0.000000 0.000000 -1.000000
    outer loop
      vertex 52.750000 10.031089 2.000000
      vertex 51.612293 8.478207 2.000000
      vertex 52.339392 10.233578 2.000000
    endloop
  endfacet
  facet normal 0.000000 0.000000 -1.000000
    outer loop
      vertex 52.750000 10.031089 2.000000
      vertex 51.800000 8.385641 2.000000
      vertex 51.612293 8.478207 2.000000
    endloop
  endfacet
  facet normal 0.321439 0.946930 0.000000
    outer loop
      vertex 52.339392 10.233578 2.000000
      vertex 51.905867 10.380740 2.000000
      vertex 51.905867 10.380740 8.000000
    endloop
  endfacet
  facet normal 0.321439 0.946930 -0.000000
    outer loop
      vertex 52.339392 10.233578 2.000000
      vertex 51.905867 10.380740 8.000000
      vertex 52.339392 10.233578 8.000000
    endloop
  endfacet
  facet normal -0.321439 -0.946930 0.000000
    outer loop
      vertex 51.612293 8.478207 2.000000
      vertex 51.414110 8.545481 8.000000
      vertex 51.414110 8.545481 2.000000
    endloop
  endfacet
  facet normal -0.321439 -0.946930 0.000000
    outer loop
      vertex 51.612293 8.478207 2.000000
      vertex 51.612293 8.478207 8.000000
      vertex 51.414110 8.545481 8.000000
    endloop
  endfacet
  facet normal 0.000000 0.000000 1.000000
    outer loop
      vertex 52.339392 10.233578 8.000000
      vertex 51.905867 10.380740 8.000000
      vertex 51.414110 8.545481 8.000000
    endloop
  endfacet
  facet normal 0.000000 0.000000 1.000000
    outer loop
      vertex 52.339392 10.233578 8.000000
      vertex 51.414110 8.545481 8.000000
      vertex 51.612293 8.478207 8.000000
    endloop
  endfacet
  facet normal -0.000000 0.000000 -1.000000
    outer loop
      vertex 52.339392 10.233578 2.000000
      vertex 51.414110 8.545481 2.000000
      vertex 51.905867 10.380740 2.000000
    endloop
  endfacet
  facet normal 0.000000 0.000000 -1.000000
    outer loop
      vertex 52.339392 10.233578 2.000000
      vertex 51.612293 8.478207 2.000000
      vertex 51.414110 8.545481 2.000000
    endloop
  endfacet
  facet normal 0.195090 0.980785 0.000000
    outer loop
      vertex 51.905867 10.380740 2.000000
      vertex 51.456842 10.470057 2.000000
      vertex 51.456842 10.470057 8.000000
    endloop
  endfacet
  facet normal 0.195090 0.980785 -0.000000
    outer loop
      vertex 51.905867 10.380740 2.000000
      vertex 51.456842 10.470057 8.000000
      vertex 51.905867 10.380740 8.000000
    endloop
  endfacet
  facet normal -0.195090 -0.980785 0.000000
    outer loop
      vertex 51.414110 8.545481 2.000000
      vertex 51.208842 8.586312 8.000000
      vertex 51.208842 8.586312 2.000000
    endloop
  endfacet
  facet normal -0.195090 -0.980785 0.000000
    outer loop
      vertex 51.414110 8.545481 2.000000
      vertex 51.414110 8.545481 8.000000
      vertex 51.208842 8.586312 8.000000
    endloop
  endfacet
  facet normal 0.000000 0.000000 1.000000
    outer loop
      vertex 51.905867 10.380740 8.000000
      vertex 51.456842 10.470057 8.000000
      vertex 51.208842 8.586312 8.000000
    endloop
  endfacet
  facet normal 0.000000 0.000000 1.000000
    outer loop
      vertex 51.905867 10.380740 8.000000
      vertex 51.208842 8.586312 8.000000
      vertex 51.414110 8.545481 8.000000
    endloop
  endfacet
  facet normal -0.000000 0.000000 -1.000000
    outer loop
      vertex 51.905867 10.380740 2.000000
      vertex 51.208842 8.586312 2.000000
      vertex 51.456842 10.470057 2.000000
    endloop
  endfacet
  facet normal 0.000000 0.000000 -1.000000
    outer loop
      vertex 51.905867 10.380740 2.000000
      vertex 51.414110 8.545481 2.000000
      vertex 51.208842 8.586312 2.000000
    endloop
  endfacet
  facet normal 0.065403 0.997859 0.000000
    outer loop
      vertex 51.456842 10.470057 2.000000
      vertex 51.000000 10.500000 2.000000
      vertex 51.000000 10.500000 8.000000
    endloop
  endfacet
  facet normal 0.065403 0.997859 -0.000000
    outer loop
      vertex 51.456842 10.470057 2.000000
      vertex 51.000000 10.500000 8.000000
      vertex 51.456842 10.470057 8.000000
    endloop
  endfacet
  facet normal -0.065403 -0.997859 0.000000
    outer loop
      vertex 51.208842 8.586312 2.000000
      vertex 51.000000 8.600000 8.000000
      vertex 51.000000 8.600000 2.000000
    endloop
  endfacet
  facet normal -0.065403 -0.997859 0.000000
    outer loop
      vertex 51.208842 8.586312 2.000000
      vertex 51.208842 8.586312 8.000000
      vertex 51.000000 8.600000 8.000000
    endloop
  endfacet
  facet normal 0.000000 0.000000 1.000000
    outer loop
      vertex 51.456842 10.470057 8.000000
      vertex 51.000000 10.500000 8.000000
      vertex 51.000000 8.600000 8.000000
    endloop
  endfacet
  facet normal 0.000000 0.000000 1.000000
    outer loop
      vertex 51.456842 10.470057 8.000000
      vertex 51.000000 8.600000 8.000000
      vertex 51.208842 8.586312 8.000000
    endloop
  endfacet
  facet normal -0.000000 0.000000 -1.000000
    outer loop
      vertex 51.456842 10.470057 2.000000
      vertex 51.000000 8.600000 2.000000
      vertex 51.000000 10.500000 2.000000
    endloop
  endfacet
  facet normal 0.000000 0.000000 -1.000000
    outer loop
      vertex 51.456842 10.470057 2.000000
      vertex 51.208842 8.586312 2.000000
      vertex 51.000000 8.600000 2.000000
    endloop
  endfacet
  facet normal -0.065403 0.997859 0.000000
    outer loop
      vertex 51.000000 10.500000 2.000000
      vertex 50.543158 10.470057 2.000000
      vertex 50.543158 10.470057 8.000000
    endloop
  endfacet
  facet normal -0.065403 0.997859 0.000000
    outer loop
      vertex 51.000000 10.500000 2.000000
      vertex 50.543158 10.470057 8.000000
      vertex 51.000000 10.500000 8.000000
    endloop
  endfacet
  facet normal 0.065403 -0.997859 0.000000
    outer loop
      vertex 51.000000 8.600000 2.000000
      vertex 50.791158 8.586312 8.000000
      vertex 50.791158 8.586312 2.000000
    endloop
  endfacet
  facet normal 0.065403 -0.997859 0.000000
    outer loop
      vertex 51.000000 8.600000 2.000000
      vertex 51.000000 8.600000 8.000000
      vertex 50.791158 8.586312 8.000000
    endloop
  endfacet
  facet normal 0.000000 0.000000 1.000000
    outer loop
      vertex 51.000000 10.500000 8.000000
      vertex 50.543158 10.470057 8.000000
      vertex 50.791158 8.586312 8.000000
    endloop
  endfacet
  facet normal 0.000000 0.000000 1.000000
    outer loop
      vertex 51.000000 10.500000 8.000000
      vertex 50.791158 8.586312 8.000000
      vertex 51.000000 8.600000 8.000000
    endloop
  endfacet
  facet normal 0.000000 0.000000 -1.000000
    outer loop
      vertex 51.000000 10.500000 2.000000
      vertex 50.791158 8.586312 2.000000
      vertex 50.543158 10.470057 2.000000
    endloop
  endfacet
  facet normal 0.000000 -0.000000 -1.000000
    outer loop
      vertex 51.000000 10.500000 2.000000
      vertex 51.000000 8.600000 2.000000
      vertex 50.791158 8.586312 2.000000
    endloop
  endfacet
  facet normal -0.195090 0.980785 0.000000
    outer loop
      vertex 50.543158 10.470057 2.000000
      vertex 50.094133 10.380740 2.000000
      vertex 50.094133 10.380740 8.000000
    endloop
  endfacet
  facet normal -0.195090 0.980785 0.000000
    outer loop
      vertex 50.543158 10.470057 2.000000
      vertex 50.094133 10.380740 8.000000
      vertex 50.543158 10.470057 8.000000
    endloop
  endfacet
  facet normal 0.195090 -0.980785 0.000000
    outer loop
      vertex 50.791158 8.586312 2.000000
      vertex 50.585890 8.545481 8.000000
      vertex 50.585890 8.545481 2.000000
    endloop
  endfacet
  facet normal 0.195090 -0.980785 0.000000
    outer loop
      vertex 50.791158 8.586312 2.000000
      vertex 50.791158 8.586312 8.000000
      vertex 50.585890 8.545481 8.000000
    endloop
  endfacet
  facet normal 0.000000 0.000000 1.000000
    outer loop
      vertex 50.543158 10.470057 8.000000
      vertex 50.094133 10.380740 8.000000
      vertex 50.585890 8.545481 8.000000
    endloop
  endfacet
  facet normal 0.000000 0.000000 1.000000
    outer loop
      vertex 50.543158 10.470057 8.000000
      vertex 50.585890 8.545481 8.000000
      vertex 50.791158 8.586312 8.000000
    endloop
  endfacet
  facet normal 0.000000 -0.000000 -1.000000
    outer loop
      vertex 50.543158 10.470057 2.000000
      vertex 50.585890 8.545481 2.000000
      vertex 50.094133 10.380740 2.000000
    endloop
  endfacet
  facet normal 0.000000 0.000000 -1.000000
    outer loop
      vertex 50.543158 10.470057 2.000000
      vertex 50.791158 8.586312 2.000000
      vertex 50.585890 8.545481 2.000000
    endloop
  endfacet
  facet normal -0.321439 0.946930 0.000000
    outer loop
      vertex 50.094133 10.380740 2.000000
      vertex 49.660608 10.233578 2.000000
      vertex 49.660608 10.233578 8.000000
    endloop
  endfacet
  facet normal -0.321439 0.946930 0.000000
    outer loop
      vertex 50.094133 10.380740 2.000000
      vertex 49.660608 10.233578 8.000000
      vertex 50.094133 10.380740 8.000000
    endloop
  endfacet
  facet normal 0.321439 -0.946930 0.000000
    outer loop
      vertex 50.585890 8.545481 2.000000
      vertex 50.387707 8.478207 8.000000
      vertex 50.387707 8.478207 2.000000
    endloop
  endfacet
  facet normal 0.321439 -0.946930 0.000000
    outer loop
      vertex 50.585890 8.545481 2.000000
      vertex 50.585890 8.545481 8.000000
      vertex 50.387707 8.478207 8.000000
    endloop
  endfacet
  facet normal 0.000000 0.000000 1.000000
    outer loop
      vertex 50.094133 10.380740 8.000000
      vertex 49.660608 10.233578 8.000000
      vertex 50.387707 8.478207 8.000000
    endloop
  endfacet
  facet normal 0.000000 0.000000 1.000000
    outer loop
      vertex 50.094133 10.380740 8.000000
      vertex 50.387707 8.478207 8.000000
      vertex 50.585890 8.545481 8.000000
    endloop
  endfacet
  facet normal 0.000000 -0.000000 -1.000000
    outer loop
      vertex 50.094133 10.380740 2.000000
      vertex 50.387707 8.478207 2.000000
      vertex 49.660608 10.233578 2.000000
    endloop
  endfacet
  facet normal 0.000000 0.000000 -1.000000
    outer loop
      vertex 50.094133 10.380740 2.000000
      vertex 50.585890 8.545481 2.000000
      vertex 50.387707 8.478207 2.000000
    endloop
  endfacet
  facet normal -0.442289 0.896873 0.000000
    outer loop
      vertex 49.660608 10.233578 2.000000
      vertex 49.250000 10.031089 2.000000
      vertex 49.250000 10.031089 8.000000
    endloop
  endfacet
  facet normal -0.442289 0.896873 0.000000
    outer loop
      vertex 49.660608 10.233578 2.000000
      vertex 49.250000 10.031089 8.000000
      vertex 49.660608 10.233578 8.000000
    endloop
  endfacet
  facet normal 0.442289 -0.896873 0.000000
    outer loop
      vertex 50.387707 8.478207 2.000000
      vertex 50.200000 8.385641 8.000000
      vertex 50.200000 8.385641 2.000000
    endloop
  endfacet
  facet normal 0.442289 -0.896873 0.000000
    outer loop
      vertex 50.387707 8.478207 2.000000
      vertex 50.387707 8.478207 8.000000
      vertex 50.200000 8.385641 8.000000
    endloop
  endfacet
  facet normal 0.000000 0.000000 1.000000
    outer loop
      vertex 49.660608 10.233578 8.000000
      vertex 49.250000 10.031089 8.000000
      vertex 50.200000 8.385641 8.000000
    endloop
  endfacet
  facet normal 0.000000 0.000000 1.000000
    outer loop
      vertex 49.660608 10.233578 8.000000
      vertex 50.200000 8.385641 8.000000
      vertex 50.387707 8.478207 8.000000
    endloop
  endfacet
  facet normal 0.000000 -0.000000 -1.000000
    outer loop
      vertex 49.660608 10.233578 2.000000
      vertex 50.200000 8.385641 2.000000
      vertex 49.250000 10.031089 2.000000
    endloop
  endfacet
  facet normal 0.000000 0.000000 -1.000000
    outer loop
      vertex 49.660608 10.233578 2.000000
      vertex 50.387707 8.478207 2.000000
      vertex 50.200000 8.385641 2.000000
    endloop
  endfacet
  facet normal -0.555570 0.831470 0.000000
    outer loop
      vertex 49.250000 10.031089 2.000000
      vertex 48.869335 9.776737 2.000000
      vertex 48.869335 9.776737 8.000000
    endloop
  endfacet
  facet normal -0.555570 0.831470 0.000000
    outer loop
      vertex 49.250000 10.031089 2.000000
      vertex 48.869335 9.776737 8.000000
      vertex 49.250000 10.031089 8.000000
    endloop
  endfacet
  facet normal 0.555570 -0.831470 0.000000
    outer loop
      vertex 50.200000 8.385641 2.000000
      vertex 50.025982 8.269365 8.000000
      vertex 50.025982 8.269365 2.000000
    endloop
  endfacet
  facet normal 0.555570 -0.831470 0.000000
    outer loop
      vertex 50.200000 8.385641 2.000000
      vertex 50.200000 8.385641 8.000000
      vertex 50.025982 8.269365 8.000000
    endloop
  endfacet
  facet normal 0.000000 0.000000 1.000000
    outer loop
      vertex 49.250000 10.031089 8.000000
      vertex 48.869335 9.776737 8.000000
      vertex 50.025982 8.269365 8.000000
    endloop
  endfacet
  facet normal 0.000000 0.000000 1.000000
    outer loop
      vertex 49.250000 10.031089 8.000000
      vertex 50.025982 8.269365 8.000000
      vertex 50.200000 8.385641 8.000000
    endloop
  endfacet
  facet normal 0.000000 -0.000000 -1.000000
    outer loop
      vertex 49.250000 10.031089 2.000000
      vertex 50.025982 8.269365 2.000000
      vertex 48.869335 9.776737 2.000000
    endloop
  endfacet
  facet normal 0.000000 0.000000 -1.000000
    outer loop
      vertex 49.250000 10.031089 2.000000
      vertex 50.200000 8.385641 2.000000
      vertex 50.025982 8.269365 2.000000
    endloop
  endfacet
  facet normal -0.659346 0.751840 0.000000
    outer loop
      vertex 48.869335 9.776737 2.000000
      vertex 48.525126 9.474874 2.000000
      vertex 48.525126 9.474874 8.000000
    endloop
  endfacet
  facet normal -0.659346 0.751840 0.000000
    outer loop
      vertex 48.869335 9.776737 2.000000
      vertex 48.525126 9.474874 8.000000
      vertex 48.869335 9.776737 8.000000
    endloop
  endfacet
  facet normal 0.659346 -0.751840 0.000000
    outer loop
      vertex 50.025982 8.269365 2.000000
      vertex 49.868629 8.131371 8.000000
      vertex 49.868629 8.131371 2.000000
    endloop
  endfacet
  facet normal 0.659346 -0.751840 0.000000
    outer loop
      vertex 50.025982 8.269365 2.000000
      vertex 50.025982 8.269365 8.000000
      vertex 49.868629 8.131371 8.000000
    endloop
  endfacet
  facet normal 0.000000 0.000000 1.000000
    outer loop
      vertex 48.869335 9.776737 8.000000
      vertex 48.525126 9.474874 8.000000
      vertex 49.868629 8.131371 8.000000
    endloop
  endfacet
  facet normal 0.000000 0.000000 1.000000
    outer loop
      vertex 48.869335 9.776737 8.000000
      vertex 49.868629 8.131371 8.000000
      vertex 50.025982 8.269365 8.000000
    endloop
  endfacet
  facet normal 0.000000 -0.000000 -1.000000
    outer loop
      vertex 48.869335 9.776737 2.000000
      vertex 49.868629 8.131371 2.000000
      vertex 48.525126 9.474874 2.000000
    endloop
  endfacet
  facet normal 0.000000 0.000000 -1.000000
    outer loop
      vertex 48.869335 9.776737 2.000000
      vertex 50.025982 8.269365 2.000000
      vertex 49.868629 8.131371 2.000000
    endloop
  endfacet
  facet normal -0.751840 0.659346 0.000000
    outer loop
      vertex 48.525126 9.474874 2.000000
      vertex 48.223263 9.130665 2.000000
      vertex 48.223263 9.130665 8.000000
    endloop
  endfacet
  facet normal -0.751840 0.659346 0.000000
    outer loop
      vertex 48.525126 9.474874 2.000000
      vertex 48.223263 9.130665 8.000000
      vertex 48.525126 9.474874 8.000000
    endloop
  endfacet
  facet normal 0.751840 -0.659346 0.000000
    outer loop
      vertex 49.868629 8.131371 2.000000
      vertex 49.730635 7.974018 8.000000
      vertex 49.730635 7.974018 2.000000
    endloop
  endfacet
  facet normal 0.751840 -0.659346 0.000000
    outer loop
      vertex 49.868629 8.131371 2.000000
      vertex 49.868629 8.131371 8.000000
      vertex 49.730635 7.974018 8.000000
    endloop
  endfacet
  facet normal 0.000000 0.000000 1.000000
    outer loop
      vertex 48.525126 9.474874 8.000000
      vertex 48.223263 9.130665 8.000000
      vertex 49.730635 7.974018 8.000000
    endloop
  endfacet
  facet normal 0.000000 0.000000 1.000000
    outer loop
      vertex 48.525126 9.474874 8.000000
      vertex 49.730635 7.974018 8.000000
      vertex 49.868629 8.131371 8.000000
    endloop
  endfacet
  facet normal 0.000000 -0.000000 -1.000000
    outer loop
      vertex 48.525126 9.474874 2.000000
      vertex 49.730635 7.974018 2.000000
      vertex 48.223263 9.130665 2.000000
    endloop
  endfacet
  facet normal 0.000000 0.000000 -1.000000
    outer loop
      vertex 48.525126 9.474874 2.000000
      vertex 49.868629 8.131371 2.000000
      vertex 49.730635 7.974018 2.000000
    endloop
  endfacet
  facet normal -0.831470 0.555570 0.000000
    outer loop
      vertex 48.223263 9.130665 2.000000
      vertex 47.968911 8.750000 2.000000
      vertex 47.968911 8.750000 8.000000
    endloop
  endfacet
  facet normal -0.831470 0.555570 0.000000
    outer loop
      vertex 48.223263 9.130665 2.000000
      vertex 47.968911 8.750000 8.000000
      vertex 48.223263 9.130665 8.000000
    endloop
  endfacet
  facet normal 0.831470 -0.555570 0.000000
    outer loop
      vertex 49.730635 7.974018 2.000000
      vertex 49.614359 7.800000 8.000000
      vertex 49.614359 7.800000 2.000000
    endloop
  endfacet
  facet normal 0.831470 -0.555570 0.000000
    outer loop
      vertex 49.730635 7.974018 2.000000
      vertex 49.730635 7.974018 8.000000
      vertex 49.614359 7.800000 8.000000
    endloop
  endfacet
  facet normal 0.000000 0.000000 1.000000
    outer loop
      vertex 48.223263 9.130665 8.000000
      vertex 47.968911 8.750000 8.000000
      vertex 49.614359 7.800000 8.000000
    endloop
  endfacet
  facet normal 0.000000 0.000000 1.000000
    outer loop
      vertex 48.223263 9.130665 8.000000
      vertex 49.614359 7.800000 8.000000
      vertex 49.730635 7.974018 8.000000
    endloop
  endfacet
  facet normal 0.000000 -0.000000 -1.000000
    outer loop
      vertex 48.223263 9.130665 2.000000
      vertex 49.614359 7.800000 2.000000
      vertex 47.968911 8.750000 2.000000
    endloop
  endfacet
  facet normal 0.000000 0.000000 -1.000000
    outer loop
      vertex 48.223263 9.130665 2.000000
      vertex 49.730635 7.974018 2.000000
      vertex 49.614359 7.800000 2.000000
    endloop
  endfacet
  facet normal -0.896873 0.442289 0.000000
    outer loop
      vertex 47.968911 8.750000 2.000000
      vertex 47.766422 8.339392 2.000000
      vertex 47.766422 8.339392 8.000000
    endloop
  endfacet
  facet normal -0.896873 0.442289 0.000000
    outer loop
      vertex 47.968911 8.750000 2.000000
      vertex 47.766422 8.339392 8.000000
      vertex 47.968911 8.750000 8.000000
    endloop
  endfacet
  facet normal 0.896873 -0.442289 0.000000
    outer loop
      vertex 49.614359 7.800000 2.000000
      vertex 49.521793 7.612293 8.000000
      vertex 49.521793 7.612293 2.000000
    endloop
  endfacet
  facet normal 0.896873 -0.442289 0.000000
    outer loop
      vertex 49.614359 7.800000 2.000000
      vertex 49.614359 7.800000 8.000000
      vertex 49.521793 7.612293 8.000000
    endloop
  endfacet
  facet normal 0.000000 0.000000 1.000000
    outer loop
      vertex 47.968911 8.750000 8.000000
      vertex 47.766422 8.339392 8.000000
      vertex 49.521793 7.612293 8.000000
    endloop
  endfacet
  facet normal 0.000000 0.000000 1.000000
    outer loop
      vertex 47.968911 8.750000 8.000000
      vertex 49.521793 7.612293 8.000000
      vertex 49.614359 7.800000 8.000000
    endloop
  endfacet
  facet normal 0.000000 -0.000000 -1.000000
    outer loop
      vertex 47.968911 8.750000 2.000000
      vertex 49.521793 7.612293 2.000000
      vertex 47.766422 8.339392 2.000000
    endloop
  endfacet
  facet normal 0.000000 0.000000 -1.000000
    outer loop
      vertex 47.968911 8.750000 2.000000
      vertex 49.614359 7.800000 2.000000
      vertex 49.521793 7.612293 2.000000
    endloop
  endfacet
  facet normal -0.946930 0.321439 0.000000
    outer loop
      vertex 47.766422 8.339392 2.000000
      vertex 47.619260 7.905867 2.000000
      vertex 47.619260 7.905867 8.000000
    endloop
  endfacet
  facet normal -0.946930 0.321439 0.000000
    outer loop
      vertex 47.766422 8.339392 2.000000
      vertex 47.619260 7.905867 8.000000
      vertex 47.766422 8.339392 8.000000
    endloop
  endfacet
  facet normal 0.946930 -0.321439 0.000000
    outer loop
      vertex 49.521793 7.612293 2.000000
      vertex 49.454519 7.414110 8.000000
      vertex 49.454519 7.414110 2.000000
    endloop
  endfacet
  facet normal 0.946930 -0.321439 0.000000
    outer loop
      vertex 49.521793 7.612293 2.000000
      vertex 49.521793 7.612293 8.000000
      vertex 49.454519 7.414110 8.000000
    endloop
  endfacet
  facet normal 0.000000 0.000000 1.000000
    outer loop
      vertex 47.766422 8.339392 8.000000
      vertex 47.619260 7.905867 8.000000
      vertex 49.454519 7.414110 8.000000
    endloop
  endfacet
  facet normal 0.000000 0.000000 1.000000
    outer loop
      vertex 47.766422 8.339392 8.000000
      vertex 49.454519 7.414110 8.000000
      vertex 49.521793 7.612293 8.000000
    endloop
  endfacet
  facet normal 0.000000 -0.000000 -1.000000
    outer loop
      vertex 47.766422 8.339392 2.000000
      vertex 49.454519 7.414110 2.000000
      vertex 47.619260 7.905867 2.000000
    endloop
  endfacet
  facet normal 0.000000 0.000000 -1.000000
    outer loop
      vertex 47.766422 8.339392 2.000000
      vertex 49.521793 7.612293 2.000000
      vertex 49.454519 7.414110 2.000000
    endloop
  endfacet
  facet normal -0.980785 0.195090 0.000000
    outer loop
      vertex 47.619260 7.905867 2.000000
      vertex 47.529943 7.456842 2.000000
      vertex 47.529943 7.456842 8.000000
    endloop
  endfacet
  facet normal -0.980785 0.195090 0.000000
    outer loop
      vertex 47.619260 7.905867 2.000000
      vertex 47.529943 7.456842 8.000000
      vertex 47.619260 7.905867 8.000000
    endloop
  endfacet
  facet normal 0.980785 -0.195090 0.000000
    outer loop
      vertex 49.454519 7.414110 2.000000
      vertex 49.413688 7.208842 8.000000
      vertex 49.413688 7.208842 2.000000
    endloop
  endfacet
  facet normal 0.980785 -0.195090 0.000000
    outer loop
      vertex 49.454519 7.414110 2.000000
      vertex 49.454519 7.414110 8.000000
      vertex 49.413688 7.208842 8.000000
    endloop
  endfacet
  facet normal 0.000000 0.000000 1.000000
    outer loop
      vertex 47.619260 7.905867 8.000000
      vertex 47.529943 7.456842 8.000000
      vertex 49.413688 7.208842 8.000000
    endloop
  endfacet
  facet normal 0.000000 0.000000 1.000000
    outer loop
      vertex 47.619260 7.905867 8.000000
      vertex 49.413688 7.208842 8.000000
      vertex 49.454519 7.414110 8.000000
    endloop
  endfacet
  facet normal 0.000000 -0.000000 -1.000000
    outer loop
      vertex 47.619260 7.905867 2.000000
      vertex 49.413688 7.208842 2.000000
      vertex 47.529943 7.456842 2.000000
    endloop
  endfacet
  facet normal 0.000000 0.000000 -1.000000
    outer loop
      vertex 47.619260 7.905867 2.000000
      vertex 49.454519 7.414110 2.000000
      vertex 49.413688 7.208842 2.000000
    endloop
  endfacet
  facet normal -0.997859 0.065403 0.000000
    outer loop
      vertex 47.529943 7.456842 2.000000
      vertex 47.500000 7.000000 2.000000
      vertex 47.500000 7.000000 8.000000
    endloop
  endfacet
  facet normal -0.997859 0.065403 0.000000
    outer loop
      vertex 47.529943 7.456842 2.000000
      vertex 47.500000 7.000000 8.000000
      vertex 47.529943 7.456842 8.000000
    endloop
  endfacet
  facet normal 0.997859 -0.065403 0.000000
    outer loop
      vertex 49.413688 7.208842 2.000000
      vertex 49.400000 7.000000 8.000000
      vertex 49.400000 7.000000 2.000000
    endloop
  endfacet
  facet normal 0.997859 -0.065403 0.000000
    outer loop
      vertex 49.413688 7.208842 2.000000
      vertex 49.413688 7.208842 8.000000
      vertex 49.400000 7.000000 8.000000
    endloop
  endfacet
  facet normal 0.000000 0.000000 1.000000
    outer loop
      vertex 47.529943 7.456842 8.000000
      vertex 47.500000 7.000000 8.000000
      vertex 49.400000 7.000000 8.000000
    endloop
  endfacet
  facet normal 0.000000 0.000000 1.000000
    outer loop
      vertex 47.529943 7.456842 8.000000
      vertex 49.400000 7.000000 8.000000
      vertex 49.413688 7.208842 8.000000
    endloop
  endfacet
  facet normal 0.000000 -0.000000 -1.000000
    outer loop
      vertex 47.529943 7.456842 2.000000
      vertex 49.400000 7.000000 2.000000
      vertex 47.500000 7.000000 2.000000
    endloop
  endfacet
  facet normal 0.000000 0.000000 -1.000000
    outer loop
      vertex 47.529943 7.456842 2.000000
      vertex 49.413688 7.208842 2.000000
      vertex 49.400000 7.000000 2.000000
    endloop
  endfacet
  facet normal -0.997859 -0.065403 0.000000
    outer loop
      vertex 47.500000 7.000000 2.000000
      vertex 47.529943 6.543158 2.000000
      vertex 47.529943 6.543158 8.000000
    endloop
  endfacet
  facet normal -0.997859 -0.065403 0.000000
    outer loop
      vertex 47.500000 7.000000 2.000000
      vertex 47.529943 6.543158 8.000000
      vertex 47.500000 7.000000 8.000000
    endloop
  endfacet
  facet normal 0.997859 0.065403 0.000000
    outer loop
      vertex 49.400000 7.000000 2.000000
      vertex 49.413688 6.791158 8.000000
      vertex 49.413688 6.791158 2.000000
    endloop
  endfacet
  facet normal 0.997859 0.065403 -0.000000
    outer loop
      vertex 49.400000 7.000000 2.000000
      vertex 49.400000 7.000000 8.000000
      vertex 49.413688 6.791158 8.000000
    endloop
  endfacet
  facet normal 0.000000 0.000000 1.000000
    outer loop
      vertex 47.500000 7.000000 8.000000
      vertex 47.529943 6.543158 8.000000
      vertex 49.413688 6.791158 8.000000
    endloop
  endfacet
  facet normal -0.000000 0.000000 1.000000
    outer loop
      vertex 47.500000 7.000000 8.000000
      vertex 49.413688 6.791158 8.000000
      vertex 49.400000 7.000000 8.000000
    endloop
  endfacet
  facet normal 0.000000 0.000000 -1.000000
    outer loop
      vertex 47.500000 7.000000 2.000000
      vertex 49.413688 6.791158 2.000000
      vertex 47.529943 6.543158 2.000000
    endloop
  endfacet
  facet normal 0.000000 0.000000 -1.000000
    outer loop
      vertex 47.500000 7.000000 2.000000
      vertex 49.400000 7.000000 2.000000
      vertex 49.413688 6.791158 2.000000
    endloop
  endfacet
  facet normal -0.980785 -0.195090 0.000000
    outer loop
      vertex 47.529943 6.543158 2.000000
      vertex 47.619260 6.094133 2.000000
      vertex 47.619260 6.094133 8.000000
    endloop
  endfacet
  facet normal -0.980785 -0.195090 0.000000
    outer loop
      vertex 47.529943 6.543158 2.000000
      vertex 47.619260 6.094133 8.000000
      vertex 47.529943 6.543158 8.000000
    endloop
  endfacet
  facet normal 0.980785 0.195090 0.000000
    outer loop
      vertex 49.413688 6.791158 2.000000
      vertex 49.454519 6.585890 8.000000
      vertex 49.454519 6.585890 2.000000
    endloop
  endfacet
  facet normal 0.980785 0.195090 -0.000000
    outer loop
      vertex 49.413688 6.791158 2.000000
      vertex 49.413688 6.791158 8.000000
      vertex 49.454519 6.585890 8.000000
    endloop
  endfacet
  facet normal -0.000000 0.000000 1.000000
    outer loop
      vertex 47.529943 6.543158 8.000000
      vertex 47.619260 6.094133 8.000000
      vertex 49.454519 6.585890 8.000000
    endloop
  endfacet
  facet normal 0.000000 0.000000 1.000000
    outer loop
      vertex 47.529943 6.543158 8.000000
      vertex 49.454519 6.585890 8.000000
      vertex 49.413688 6.791158 8.000000
    endloop
  endfacet
  facet normal 0.000000 0.000000 -1.000000
    outer loop
      vertex 47.529943 6.543158 2.000000
      vertex 49.454519 6.585890 2.000000
      vertex 47.619260 6.094133 2.000000
    endloop
  endfacet
  facet normal 0.000000 0.000000 -1.000000
    outer loop
      vertex 47.529943 6.543158 2.000000
      vertex 49.413688 6.791158 2.000000
      vertex 49.454519 6.585890 2.000000
    endloop
  endfacet
  facet normal -0.946930 -0.321439 0.000000
    outer loop
      vertex 47.619260 6.094133 2.000000
      vertex 47.766422 5.660608 2.000000
      vertex 47.766422 5.660608 8.000000
    endloop
  endfacet
  facet normal -0.946930 -0.321439 0.000000
    outer loop
      vertex 47.619260 6.094133 2.000000
      vertex 47.766422 5.660608 8.000000
      vertex 47.619260 6.094133 8.000000
    endloop
  endfacet
  facet normal 0.946930 0.321439 0.000000
    outer loop
      vertex 49.454519 6.585890 2.000000
      vertex 49.521793 6.387707 8.000000
      vertex 49.521793 6.387707 2.000000
    endloop
  endfacet
  facet normal 0.946930 0.321439 -0.000000
    outer loop
      vertex 49.454519 6.585890 2.000000
      vertex 49.454519 6.585890 8.000000
      vertex 49.521793 6.387707 8.000000
    endloop
  endfacet
  facet normal -0.000000 0.000000 1.000000
    outer loop
      vertex 47.619260 6.094133 8.000000
      vertex 47.766422 5.660608 8.000000
      vertex 49.521793 6.387707 8.000000
    endloop
  endfacet
  facet normal 0.000000 0.000000 1.000000
    outer loop
      vertex 47.619260 6.094133 8.000000
      vertex 49.521793 6.387707 8.000000
      vertex 49.454519 6.585890 8.000000
    endloop
  endfacet
  facet normal 0.000000 0.000000 -1.000000
    outer loop
      vertex 47.619260 6.094133 2.000000
      vertex 49.521793 6.387707 2.000000
      vertex 47.766422 5.660608 2.000000
    endloop
  endfacet
  facet normal 0.000000 0.000000 -1.000000
    outer loop
      vertex 47.619260 6.094133 2.000000
      vertex 49.454519 6.585890 2.000000
      vertex 49.521793 6.387707 2.000000
    endloop
  endfacet
  facet normal -0.896873 -0.442289 0.000000
    outer loop
      vertex 47.766422 5.660608 2.000000
      vertex 47.968911 5.250000 2.000000
      vertex 47.968911 5.250000 8.000000
    endloop
  endfacet
  facet normal -0.896873 -0.442289 0.000000
    outer loop
      vertex 47.766422 5.660608 2.000000
      vertex 47.968911 5.250000 8.000000
      vertex 47.766422 5.660608 8.000000
    endloop
  endfacet
  facet normal 0.896873 0.442289 0.000000
    outer loop
      vertex 49.521793 6.387707 2.000000
      vertex 49.614359 6.200000 8.000000
      vertex 49.614359 6.200000 2.000000
    endloop
  endfacet
  facet normal 0.896873 0.442289 -0.000000
    outer loop
      vertex 49.521793 6.387707 2.000000
      vertex 49.521793 6.387707 8.000000
      vertex 49.614359 6.200000 8.000000
    endloop
  endfacet
  facet normal -0.000000 0.000000 1.000000
    outer loop
      vertex 47.766422 5.660608 8.000000
      vertex 47.968911 5.250000 8.000000
      vertex 49.614359 6.200000 8.000000
    endloop
  endfacet
  facet normal 0.000000 0.000000 1.000000
    outer loop
      vertex 47.766422 5.660608 8.000000
      vertex 49.614359 6.200000 8.000000
      vertex 49.521793 6.387707 8.000000
    endloop
  endfacet
  facet normal 0.000000 0.000000 -1.000000
    outer loop
      vertex 47.766422 5.660608 2.000000
      vertex 49.614359 6.200000 2.000000
      vertex 47.968911 5.250000 2.000000
    endloop
  endfacet
  facet normal 0.000000 0.000000 -1.000000
    outer loop
      vertex 47.766422 5.660608 2.000000
      vertex 49.521793 6.387707 2.000000
      vertex 49.614359 6.200000 2.000000
    endloop
  endfacet
  facet normal -0.831470 -0.555570 0.000000
    outer loop
      vertex 47.968911 5.250000 2.000000
      vertex 48.223263 4.869335 2.000000
      vertex 48.223263 4.869335 8.000000
    endloop
  endfacet
  facet normal -0.831470 -0.555570 0.000000
    outer loop
      vertex 47.968911 5.250000 2.000000
      vertex 48.223263 4.869335 8.000000
      vertex 47.968911 5.250000 8.000000
    endloop
  endfacet
  facet normal 0.831470 0.555570 0.000000
    outer loop
      vertex 49.614359 6.200000 2.000000
      vertex 49.730635 6.025982 8.000000
      vertex 49.730635 6.025982 2.000000
    endloop
  endfacet
  facet normal 0.831470 0.555570 -0.000000
    outer loop
      vertex 49.614359 6.200000 2.000000
      vertex 49.614359 6.200000 8.000000
      vertex 49.730635 6.025982 8.000000
    endloop
  endfacet
  facet normal -0.000000 0.000000 1.000000
    outer loop
      vertex 47.968911 5.250000 8.000000
      vertex 48.223263 4.869335 8.000000
      vertex 49.730635 6.025982 8.000000
    endloop
  endfacet
  facet normal 0.000000 0.000000 1.000000
    outer loop
      vertex 47.968911 5.250000 8.000000
      vertex 49.730635 6.025982 8.000000
      vertex 49.614359 6.200000 8.000000
    endloop
  endfacet
  facet normal 0.000000 0.000000 -1.000000
    outer loop
      vertex 47.968911 5.250000 2.000000
      vertex 49.730635 6.025982 2.000000
      vertex 48.223263 4.869335 2.000000
    endloop
  endfacet
  facet normal 0.000000 0.000000 -1.000000
    outer loop
      vertex 47.968911 5.250000 2.000000
      vertex 49.614359 6.200000 2.000000
      vertex 49.730635 6.025982 2.000000
    endloop
  endfacet
  facet normal -0.751840 -0.659346 0.000000
    outer loop
      vertex 48.223263 4.869335 2.000000
      vertex 48.525126 4.525126 2.000000
      vertex 48.525126 4.525126 8.000000
    endloop
  endfacet
  facet normal -0.751840 -0.659346 0.000000
    outer loop
      vertex 48.223263 4.869335 2.000000
      vertex 48.525126 4.525126 8.000000
      vertex 48.223263 4.869335 8.000000
    endloop
  endfacet
  facet normal 0.751840 0.659346 0.000000
    outer loop
      vertex 49.730635 6.025982 2.000000
      vertex 49.868629 5.868629 8.000000
      vertex 49.868629 5.868629 2.000000
    endloop
  endfacet
  facet normal 0.751840 0.659346 -0.000000
    outer loop
      vertex 49.730635 6.025982 2.000000
      vertex 49.730635 6.025982 8.000000
      vertex 49.868629 5.868629 8.000000
    endloop
  endfacet
  facet normal -0.000000 0.000000 1.000000
    outer loop
      vertex 48.223263 4.869335 8.000000
      vertex 48.525126 4.525126 8.000000
      vertex 49.868629 5.868629 8.000000
    endloop
  endfacet
  facet normal 0.000000 0.000000 1.000000
    outer loop
      vertex 48.223263 4.869335 8.000000
      vertex 49.868629 5.868629 8.000000
      vertex 49.730635 6.025982 8.000000
    endloop
  endfacet
  facet normal 0.000000 0.000000 -1.000000
    outer loop
      vertex 48.223263 4.869335 2.000000
      vertex 49.868629 5.868629 2.000000
      vertex 48.525126 4.525126 2.000000
    endloop
  endfacet
  facet normal 0.000000 0.000000 -1.000000
    outer loop
      vertex 48.223263 4.869335 2.000000
      vertex 49.730635 6.025982 2.000000
      vertex 49.868629 5.868629 2.000000
    endloop
  endfacet
  facet normal -0.659346 -0.751840 0.000000
    outer loop
      vertex 48.525126 4.525126 2.000000
      vertex 48.869335 4.223263 2.000000
      vertex 48.869335 4.223263 8.000000
    endloop
  endfacet
  facet normal -0.659346 -0.751840 0.000000
    outer loop
      vertex 48.525126 4.525126 2.000000
      vertex 48.869335 4.223263 8.000000
      vertex 48.525126 4.525126 8.000000
    endloop
  endfacet
  facet normal 0.659346 0.751840 0.000000
    outer loop
      vertex 49.868629 5.868629 2.000000
      vertex 50.025982 5.730635 8.000000
      vertex 50.025982 5.730635 2.000000
    endloop
  endfacet
  facet normal 0.659346 0.751840 -0.000000
    outer loop
      vertex 49.868629 5.868629 2.000000
      vertex 49.868629 5.868629 8.000000
      vertex 50.025982 5.730635 8.000000
    endloop
  endfacet
  facet normal -0.000000 0.000000 1.000000
    outer loop
      vertex 48.525126 4.525126 8.000000
      vertex 48.869335 4.223263 8.000000
      vertex 50.025982 5.730635 8.000000
    endloop
  endfacet
  facet normal 0.000000 0.000000 1.000000
    outer loop
      vertex 48.525126 4.525126 8.000000
      vertex 50.025982 5.730635 8.000000
      vertex 49.868629 5.868629 8.000000
    endloop
  endfacet
  facet normal 0.000000 0.000000 -1.000000
    outer loop
      vertex 48.525126 4.525126 2.000000
      vertex 50.025982 5.730635 2.000000
      vertex 48.869335 4.223263 2.000000
    endloop
  endfacet
  facet normal 0.000000 0.000000 -1.000000
    outer loop
      vertex 48.525126 4.525126 2.000000
      vertex 49.868629 5.868629 2.000000
      vertex 50.025982 5.730635 2.000000
    endloop
  endfacet
  facet normal -0.555570 -0.831470 0.000000
    outer loop
      vertex 48.869335 4.223263 2.000000
      vertex 49.250000 3.968911 2.000000
      vertex 49.250000 3.968911 8.000000
    endloop
  endfacet
  facet normal -0.555570 -0.831470 0.000000
    outer loop
      vertex 48.869335 4.223263 2.000000
      vertex 49.250000 3.968911 8.000000
      vertex 48.869335 4.223263 8.000000
    endloop
  endfacet
  facet normal 0.555570 0.831470 0.000000
    outer loop
      vertex 50.025982 5.730635 2.000000
      vertex 50.200000 5.614359 8.000000
      vertex 50.200000 5.614359 2.000000
    endloop
  endfacet
  facet normal 0.555570 0.831470 -0.000000
    outer loop
      vertex 50.025982 5.730635 2.000000
      vertex 50.025982 5.730635 8.000000
      vertex 50.200000 5.614359 8.000000
    endloop
  endfacet
  facet normal -0.000000 0.000000 1.000000
    outer loop
      vertex 48.869335 4.223263 8.000000
      vertex 49.250000 3.968911 8.000000
      vertex 50.200000 5.614359 8.000000
    endloop
  endfacet
  facet normal 0.000000 0.000000 1.000000
    outer loop
      vertex 48.869335 4.223263 8.000000
      vertex 50.200000 5.614359 8.000000
      vertex 50.025982 5.730635 8.000000
    endloop
  endfacet
  facet normal 0.000000 0.000000 -1.000000
    outer loop
      vertex 48.869335 4.223263 2.000000
      vertex 50.200000 5.614359 2.000000
      vertex 49.250000 3.968911 2.000000
    endloop
  endfacet
  facet normal 0.000000 0.000000 -1.000000
    outer loop
      vertex 48.869335 4.223263 2.000000
      vertex 50.025982 5.730635 2.000000
      vertex 50.200000 5.614359 2.000000
    endloop
  endfacet
  facet normal -0.442289 -0.896873 0.000000
    outer loop
      vertex 49.250000 3.968911 2.000000
      vertex 49.660608 3.766422 2.000000
      vertex 49.660608 3.766422 8.000000
    endloop
  endfacet
  facet normal -0.442289 -0.896873 0.000000
    outer loop
      vertex 49.250000 3.968911 2.000000
      vertex 49.660608 3.766422 8.000000
      vertex 49.250000 3.968911 8.000000
    endloop
  endfacet
  facet normal 0.442289 0.896873 0.000000
    outer loop
      vertex 50.200000 5.614359 2.000000
      vertex 50.387707 5.521793 8.000000
      vertex 50.387707 5.521793 2.000000
    endloop
  endfacet
  facet normal 0.442289 0.896873 -0.000000
    outer loop
      vertex 50.200000 5.614359 2.000000
      vertex 50.200000 5.614359 8.000000
      vertex 50.387707 5.521793 8.000000
    endloop
  endfacet
  facet normal -0.000000 0.000000 1.000000
    outer loop
      vertex 49.250000 3.968911 8.000000
      vertex 49.660608 3.766422 8.000000
      vertex 50.387707 5.521793 8.000000
    endloop
  endfacet
  facet normal 0.000000 0.000000 1.000000
    outer loop
      vertex 49.250000 3.968911 8.000000
      vertex 50.387707 5.521793 8.000000
      vertex 50.200000 5.614359 8.000000
    endloop
  endfacet
  facet normal 0.000000 0.000000 -1.000000
    outer loop
      vertex 49.250000 3.968911 2.000000
      vertex 50.387707 5.521793 2.000000
      vertex 49.660608 3.766422 2.000000
    endloop
  endfacet
  facet normal 0.000000 0.000000 -1.000000
    outer loop
      vertex 49.250000 3.968911 2.000000
      vertex 50.200000 5.614359 2.000000
      vertex 50.387707 5.521793 2.000000
    endloop
  endfacet
  facet normal -0.321439 -0.946930 0.000000
    outer loop
      vertex 49.660608 3.766422 2.000000
      vertex 50.094133 3.619260 2.000000
      vertex 50.094133 3.619260 8.000000
    endloop
  endfacet
  facet normal -0.321439 -0.946930 0.000000
    outer loop
      vertex 49.660608 3.766422 2.000000
      vertex 50.094133 3.619260 8.000000
      vertex 49.660608 3.766422 8.000000
    endloop
  endfacet
  facet normal 0.321439 0.946930 0.000000
    outer loop
      vertex 50.387707 5.521793 2.000000
      vertex 50.585890 5.454519 8.000000
      vertex 50.585890 5.454519 2.000000
    endloop
  endfacet
  facet normal 0.321439 0.946930 -0.000000
    outer loop
      vertex 50.387707 5.521793 2.000000
      vertex 50.387707 5.521793 8.000000
      vertex 50.585890 5.454519 8.000000
    endloop
  endfacet
  facet normal -0.000000 0.000000 1.000000
    outer loop
      vertex 49.660608 3.766422 8.000000
      vertex 50.094133 3.619260 8.000000
      vertex 50.585890 5.454519 8.000000
    endloop
  endfacet
  facet normal 0.000000 0.000000 1.000000
    outer loop
      vertex 49.660608 3.766422 8.000000
      vertex 50.585890 5.454519 8.000000
      vertex 50.387707 5.521793 8.000000
    endloop
  endfacet
  facet normal 0.000000 0.000000 -1.000000
    outer loop
      vertex 49.660608 3.766422 2.000000
      vertex 50.585890 5.454519 2.000000
      vertex 50.094133 3.619260 2.000000
    endloop
  endfacet
  facet normal 0.000000 0.000000 -1.000000
    outer loop
      vertex 49.660608 3.766422 2.000000
      vertex 50.387707 5.521793 2.000000
      vertex 50.585890 5.454519 2.000000
    endloop
  endfacet
  facet normal -0.195090 -0.980785 0.000000
    outer loop
      vertex 50.094133 3.619260 2.000000
      vertex 50.543158 3.529943 2.000000
      vertex 50.543158 3.529943 8.000000
    endloop
  endfacet
  facet normal -0.195090 -0.980785 0.000000
    outer loop
      vertex 50.094133 3.619260 2.000000
      vertex 50.543158 3.529943 8.000000
      vertex 50.094133 3.619260 8.000000
    endloop
  endfacet
  facet normal 0.195090 0.980785 0.000000
    outer loop
      vertex 50.585890 5.454519 2.000000
      vertex 50.791158 5.413688 8.000000
      vertex 50.791158 5.413688 2.000000
    endloop
  endfacet
  facet normal 0.195090 0.980785 -0.000000
    outer loop
      vertex 50.585890 5.454519 2.000000
      vertex 50.585890 5.454519 8.000000
      vertex 50.791158 5.413688 8.000000
    endloop
  endfacet
  facet normal -0.000000 0.000000 1.000000
    outer loop
      vertex 50.094133 3.619260 8.000000
      vertex 50.543158 3.529943 8.000000
      vertex 50.791158 5.413688 8.000000
    endloop
  endfacet
  facet normal 0.000000 0.000000 1.000000
    outer loop
      vertex 50.094133 3.619260 8.000000
      vertex 50.791158 5.413688 8.000000
      vertex 50.585890 5.454519 8.000000
    endloop
  endfacet
  facet normal 0.000000 0.000000 -1.000000
    outer loop
      vertex 50.094133 3.619260 2.000000
      vertex 50.791158 5.413688 2.000000
      vertex 50.543158 3.529943 2.000000
    endloop
  endfacet
  facet normal 0.000000 0.000000 -1.000000
    outer loop
      vertex 50.094133 3.619260 2.000000
      vertex 50.585890 5.454519 2.000000
      vertex 50.791158 5.413688 2.000000
    endloop
  endfacet
  facet normal -0.065403 -0.997859 0.000000
    outer loop
      vertex 50.543158 3.529943 2.000000
      vertex 51.000000 3.500000 2.000000
      vertex 51.000000 3.500000 8.000000
    endloop
  endfacet
  facet normal -0.065403 -0.997859 0.000000
    outer loop
      vertex 50.543158 3.529943 2.000000
      vertex 51.000000 3.500000 8.000000
      vertex 50.543158 3.529943 8.000000
    endloop
  endfacet
  facet normal 0.065403 0.997859 0.000000
    outer loop
      vertex 50.791158 5.413688 2.000000
      vertex 51.000000 5.400000 8.000000
      vertex 51.000000 5.400000 2.000000
    endloop
  endfacet
  facet normal 0.065403 0.997859 -0.000000
    outer loop
      vertex 50.791158 5.413688 2.000000
      vertex 50.791158 5.413688 8.000000
      vertex 51.000000 5.400000 8.000000
    endloop
  endfacet
  facet normal -0.000000 0.000000 1.000000
    outer loop
      vertex 50.543158 3.529943 8.000000
      vertex 51.000000 3.500000 8.000000
      vertex 51.000000 5.400000 8.000000
    endloop
  endfacet
  facet normal 0.000000 0.000000 1.000000
    outer loop
      vertex 50.543158 3.529943 8.000000
      vertex 51.000000 5.400000 8.000000
      vertex 50.791158 5.413688 8.000000
    endloop
  endfacet
  facet normal 0.000000 0.000000 -1.000000
    outer loop
      vertex 50.543158 3.529943 2.000000
      vertex 51.000000 5.400000 2.000000
      vertex 51.000000 3.500000 2.000000
    endloop
  endfacet
  facet normal 0.000000 0.000000 -1.000000
    outer loop
      vertex 50.543158 3.529943 2.000000
      vertex 50.791158 5.413688 2.000000
      vertex 51.000000 5.400000 2.000000
    endloop
  endfacet
  facet normal 0.065403 -0.997859 0.000000
    outer loop
      vertex 51.000000 3.500000 2.000000
      vertex 51.456842 3.529943 2.000000
      vertex 51.456842 3.529943 8.000000
    endloop
  endfacet
  facet normal 0.065403 -0.997859 0.000000
    outer loop
      vertex 51.000000 3.500000 2.000000
      vertex 51.456842 3.529943 8.000000
      vertex 51.000000 3.500000 8.000000
    endloop
  endfacet
  facet normal -0.065403 0.997859 0.000000
    outer loop
      vertex 51.000000 5.400000 2.000000
      vertex 51.208842 5.413688 8.000000
      vertex 51.208842 5.413688 2.000000
    endloop
  endfacet
  facet normal -0.065403 0.997859 0.000000
    outer loop
      vertex 51.000000 5.400000 2.000000
      vertex 51.000000 5.400000 8.000000
      vertex 51.208842 5.413688 8.000000
    endloop
  endfacet
  facet normal 0.000000 0.000000 1.000000
    outer loop
      vertex 51.000000 3.500000 8.000000
      vertex 51.456842 3.529943 8.000000
      vertex 51.208842 5.413688 8.000000
    endloop
  endfacet
  facet normal 0.000000 0.000000 1.000000
    outer loop
      vertex 51.000000 3.500000 8.000000
      vertex 51.208842 5.413688 8.000000
      vertex 51.000000 5.400000 8.000000
    endloop
  endfacet
  facet normal 0.000000 0.000000 -1.000000
    outer loop
      vertex 51.000000 3.500000 2.000000
      vertex 51.208842 5.413688 2.000000
      vertex 51.456842 3.529943 2.000000
    endloop
  endfacet
  facet normal 0.000000 0.000000 -1.000000
    outer loop
      vertex 51.000000 3.500000 2.000000
      vertex 51.000000 5.400000 2.000000
      vertex 51.208842 5.413688 2.000000
    endloop
  endfacet
  facet normal 0.195090 -0.980785 0.000000
    outer loop
      vertex 51.456842 3.529943 2.000000
      vertex 51.905867 3.619260 2.000000
      vertex 51.905867 3.619260 8.000000
    endloop
  endfacet
  facet normal 0.195090 -0.980785 0.000000
    outer loop
      vertex 51.456842 3.529943 2.000000
      vertex 51.905867 3.619260 8.000000
      vertex 51.456842 3.529943 8.000000
    endloop
  endfacet
  facet normal -0.195090 0.980785 0.000000
    outer loop
      vertex 51.208842 5.413688 2.000000
      vertex 51.414110 5.454519 8.000000
      vertex 51.414110 5.454519 2.000000
    endloop
  endfacet
  facet normal -0.195090 0.980785 0.000000
    outer loop
      vertex 51.208842 5.413688 2.000000
      vertex 51.208842 5.413688 8.000000
      vertex 51.414110 5.454519 8.000000
    endloop
  endfacet
  facet normal 0.000000 -0.000000 1.000000
    outer loop
      vertex 51.456842 3.529943 8.000000
      vertex 51.905867 3.619260 8.000000
      vertex 51.414110 5.454519 8.000000
    endloop
  endfacet
  facet normal 0.000000 0.000000 1.000000
    outer loop
      vertex 51.456842 3.529943 8.000000
      vertex 51.414110 5.454519 8.000000
      vertex 51.208842 5.413688 8.000000
    endloop
  endfacet
  facet normal 0.000000 0.000000 -1.000000
    outer loop
      vertex 51.456842 3.529943 2.000000
      vertex 51.414110 5.454519 2.000000
      vertex 51.905867 3.619260 2.000000
    endloop
  endfacet
  facet normal 0.000000 0.000000 -1.000000
    outer loop
      vertex 51.456842 3.529943 2.000000
      vertex 51.208842 5.413688 2.000000
      vertex 51.414110 5.454519 2.000000
    endloop
  endfacet
  facet normal 0.321439 -0.946930 0.000000
    outer loop
      vertex 51.905867 3.619260 2.000000
      vertex 52.339392 3.766422 2.000000
      vertex 52.339392 3.766422 8.000000
    endloop
  endfacet
  facet normal 0.321439 -0.946930 0.000000
    outer loop
      vertex 51.905867 3.619260 2.000000
      vertex 52.339392 3.766422 8.000000
      vertex 51.905867 3.619260 8.000000
    endloop
  endfacet
  facet normal -0.321439 0.946930 0.000000
    outer loop
      vertex 51.414110 5.454519 2.000000
      vertex 51.612293 5.521793 8.000000
      vertex 51.612293 5.521793 2.000000
    endloop
  endfacet
  facet normal -0.321439 0.946930 0.000000
    outer loop
      vertex 51.414110 5.454519 2.000000
      vertex 51.414110 5.454519 8.000000
      vertex 51.612293 5.521793 8.000000
    endloop
  endfacet
  facet normal 0.000000 -0.000000 1.000000
    outer loop
      vertex 51.905867 3.619260 8.000000
      vertex 52.339392 3.766422 8.000000
      vertex 51.612293 5.521793 8.000000
    endloop
  endfacet
  facet normal 0.000000 0.000000 1.000000
    outer loop
      vertex 51.905867 3.619260 8.000000
      vertex 51.612293 5.521793 8.000000
      vertex 51.414110 5.454519 8.000000
    endloop
  endfacet
  facet normal 0.000000 0.000000 -1.000000
    outer loop
      vertex 51.905867 3.619260 2.000000
      vertex 51.612293 5.521793 2.000000
      vertex 52.339392 3.766422 2.000000
    endloop
  endfacet
  facet normal 0.000000 0.000000 -1.000000
    outer loop
      vertex 51.905867 3.619260 2.000000
      vertex 51.414110 5.454519 2.000000
      vertex 51.612293 5.521793 2.000000
    endloop
  endfacet
  facet normal 0.442289 -0.896873 0.000000
    outer loop
      vertex 52.339392 3.766422 2.000000
      vertex 52.750000 3.968911 2.000000
      vertex 52.750000 3.968911 8.000000
    endloop
  endfacet
  facet normal 0.442289 -0.896873 0.000000
    outer loop
      vertex 52.339392 3.766422 2.000000
      vertex 52.750000 3.968911 8.000000
      vertex 52.339392 3.766422 8.000000
    endloop
  endfacet
  facet normal -0.442289 0.896873 0.000000
    outer loop
      vertex 51.612293 5.521793 2.000000
      vertex 51.800000 5.614359 8.000000
      vertex 51.800000 5.614359 2.000000
    endloop
  endfacet
  facet normal -0.442289 0.896873 0.000000
    outer loop
      vertex 51.612293 5.521793 2.000000
      vertex 51.612293 5.521793 8.000000
      vertex 51.800000 5.614359 8.000000
    endloop
  endfacet
  facet normal 0.000000 -0.000000 1.000000
    outer loop
      vertex 52.339392 3.766422 8.000000
      vertex 52.750000 3.968911 8.000000
      vertex 51.800000 5.614359 8.000000
    endloop
  endfacet
  facet normal 0.000000 0.000000 1.000000
    outer loop
      vertex 52.339392 3.766422 8.000000
      vertex 51.800000 5.614359 8.000000
      vertex 51.612293 5.521793 8.000000
    endloop
  endfacet
  facet normal 0.000000 0.000000 -1.000000
    outer loop
      vertex 52.339392 3.766422 2.000000
      vertex 51.800000 5.614359 2.000000
      vertex 52.750000 3.968911 2.000000
    endloop
  endfacet
  facet normal 0.000000 0.000000 -1.000000
    outer loop
      vertex 52.339392 3.766422 2.000000
      vertex 51.612293 5.521793 2.000000
      vertex 51.800000 5.614359 2.000000
    endloop
  endfacet
  facet normal 0.555570 -0.831470 0.000000
    outer loop
      vertex 52.750000 3.968911 2.000000
      vertex 53.130665 4.223263 2.000000
      vertex 53.130665 4.223263 8.000000
    endloop
  endfacet
  facet normal 0.555570 -0.831470 0.000000
    outer loop
      vertex 52.750000 3.968911 2.000000
      vertex 53.130665 4.223263 8.000000
      vertex 52.750000 3.968911 8.000000
    endloop
  endfacet
  facet normal -0.555570 0.831470 0.000000
    outer loop
      vertex 51.800000 5.614359 2.000000
      vertex 51.974018 5.730635 8.000000
      vertex 51.974018 5.730635 2.000000
    endloop
  endfacet
  facet normal -0.555570 0.831470 0.000000
    outer loop
      vertex 51.800000 5.614359 2.000000
      vertex 51.800000 5.614359 8.000000
      vertex 51.974018 5.730635 8.000000
    endloop
  endfacet
  facet normal 0.000000 -0.000000 1.000000
    outer loop
      vertex 52.750000 3.968911 8.000000
      vertex 53.130665 4.223263 8.000000
      vertex 51.974018 5.730635 8.000000
    endloop
  endfacet
  facet normal 0.000000 0.000000 1.000000
    outer loop
      vertex 52.750000 3.968911 8.000000
      vertex 51.974018 5.730635 8.000000
      vertex 51.800000 5.614359 8.000000
    endloop
  endfacet
  facet normal 0.000000 0.000000 -1.000000
    outer loop
      vertex 52.750000 3.968911 2.000000
      vertex 51.974018 5.730635 2.000000
      vertex 53.130665 4.223263 2.000000
    endloop
  endfacet
  facet normal 0.000000 0.000000 -1.000000
    outer loop
      vertex 52.750000 3.968911 2.000000
      vertex 51.800000 5.614359 2.000000
      vertex 51.974018 5.730635 2.000000
    endloop
  endfacet
  facet normal 0.659346 -0.751840 0.000000
    outer loop
      vertex 53.130665 4.223263 2.000000
      vertex 53.474874 4.525126 2.000000
      vertex 53.474874 4.525126 8.000000
    endloop
  endfacet
  facet normal 0.659346 -0.751840 0.000000
    outer loop
      vertex 53.130665 4.223263 2.000000
      vertex 53.474874 4.525126 8.000000
      vertex 53.130665 4.223263 8.000000
    endloop
  endfacet
  facet normal -0.659346 0.751840 0.000000
    outer loop
      vertex 51.974018 5.730635 2.000000
      vertex 52.131371 5.868629 8.000000
      vertex 52.131371 5.868629 2.000000
    endloop
  endfacet
  facet normal -0.659346 0.751840 0.000000
    outer loop
      vertex 51.974018 5.730635 2.000000
      vertex 51.974018 5.730635 8.000000
      vertex 52.131371 5.868629 8.000000
    endloop
  endfacet
  facet normal 0.000000 -0.000000 1.000000
    outer loop
      vertex 53.130665 4.223263 8.000000
      vertex 53.474874 4.525126 8.000000
      vertex 52.131371 5.868629 8.000000
    endloop
  endfacet
  facet normal 0.000000 0.000000 1.000000
    outer loop
      vertex 53.130665 4.223263 8.000000
      vertex 52.131371 5.868629 8.000000
      vertex 51.974018 5.730635 8.000000
    endloop
  endfacet
  facet normal 0.000000 0.000000 -1.000000
    outer loop
      vertex 53.130665 4.223263 2.000000
      vertex 52.131371 5.868629 2.000000
      vertex 53.474874 4.525126 2.000000
    endloop
  endfacet
  facet normal 0.000000 0.000000 -1.000000
    outer loop
      vertex 53.130665 4.223263 2.000000
      vertex 51.974018 5.730635 2.000000
      vertex 52.131371 5.868629 2.000000
    endloop
  endfacet
  facet normal 0.751840 -0.659346 0.000000
    outer loop
      vertex 53.474874 4.525126 2.000000
      vertex 53.776737 4.869335 2.000000
      vertex 53.776737 4.869335 8.000000
    endloop
  endfacet
  facet normal 0.751840 -0.659346 0.000000
    outer loop
      vertex 53.474874 4.525126 2.000000
      vertex 53.776737 4.869335 8.000000
      vertex 53.474874 4.525126 8.000000
    endloop
  endfacet
  facet normal -0.751840 0.659346 0.000000
    outer loop
      vertex 52.131371 5.868629 2.000000
      vertex 52.269365 6.025982 8.000000
      vertex 52.269365 6.025982 2.000000
    endloop
  endfacet
  facet normal -0.751840 0.659346 0.000000
    outer loop
      vertex 52.131371 5.868629 2.000000
      vertex 52.131371 5.868629 8.000000
      vertex 52.269365 6.025982 8.000000
    endloop
  endfacet
  facet normal 0.000000 -0.000000 1.000000
    outer loop
      vertex 53.474874 4.525126 8.000000
      vertex 53.776737 4.869335 8.000000
      vertex 52.269365 6.025982 8.000000
    endloop
  endfacet
  facet normal 0.000000 0.000000 1.000000
    outer loop
      vertex 53.474874 4.525126 8.000000
      vertex 52.269365 6.025982 8.000000
      vertex 52.131371 5.868629 8.000000
    endloop
  endfacet
  facet normal 0.000000 0.000000 -1.000000
    outer loop
      vertex 53.474874 4.525126 2.000000
      vertex 52.269365 6.025982 2.000000
      vertex 53.776737 4.869335 2.000000
    endloop
  endfacet
  facet normal 0.000000 0.000000 -1.000000
    outer loop
      vertex 53.474874 4.525126 2.000000
      vertex 52.131371 5.868629 2.000000
      vertex 52.269365 6.025982 2.000000
    endloop
  endfacet
  facet normal 0.831470 -0.555570 0.000000
    outer loop
      vertex 53.776737 4.869335 2.000000
      vertex 54.031089 5.250000 2.000000
      vertex 54.031089 5.250000 8.000000
    endloop
  endfacet
  facet normal 0.831470 -0.555570 0.000000
    outer loop
      vertex 53.776737 4.869335 2.000000
      vertex 54.031089 5.250000 8.000000
      vertex 53.776737 4.869335 8.000000
    endloop
  endfacet
  facet normal -0.831470 0.555570 0.000000
    outer loop
      vertex 52.269365 6.025982 2.000000
      vertex 52.385641 6.200000 8.000000
      vertex 52.385641 6.200000 2.000000
    endloop
  endfacet
  facet normal -0.831470 0.555570 0.000000
    outer loop
      vertex 52.269365 6.025982 2.000000
      vertex 52.269365 6.025982 8.000000
      vertex 52.385641 6.200000 8.000000
    endloop
  endfacet
  facet normal 0.000000 -0.000000 1.000000
    outer loop
      vertex 53.776737 4.869335 8.000000
      vertex 54.031089 5.250000 8.000000
      vertex 52.385641 6.200000 8.000000
    endloop
  endfacet
  facet normal 0.000000 0.000000 1.000000
    outer loop
      vertex 53.776737 4.869335 8.000000
      vertex 52.385641 6.200000 8.000000
      vertex 52.269365 6.025982 8.000000
    endloop
  endfacet
  facet normal 0.000000 0.000000 -1.000000
    outer loop
      vertex 53.776737 4.869335 2.000000
      vertex 52.385641 6.200000 2.000000
      vertex 54.031089 5.250000 2.000000
    endloop
  endfacet
  facet normal 0.000000 0.000000 -1.000000
    outer loop
      vertex 53.776737 4.869335 2.000000
      vertex 52.269365 6.025982 2.000000
      vertex 52.385641 6.200000 2.000000
    endloop
  endfacet
  facet normal 0.896873 -0.442289 0.000000
    outer loop
      vertex 54.031089 5.250000 2.000000
      vertex 54.233578 5.660608 2.000000
      vertex 54.233578 5.660608 8.000000
    endloop
  endfacet
  facet normal 0.896873 -0.442289 0.000000
    outer loop
      vertex 54.031089 5.250000 2.000000
      vertex 54.233578 5.660608 8.000000
      vertex 54.031089 5.250000 8.000000
    endloop
  endfacet
  facet normal -0.896873 0.442289 0.000000
    outer loop
      vertex 52.385641 6.200000 2.000000
      vertex 52.478207 6.387707 8.000000
      vertex 52.478207 6.387707 2.000000
    endloop
  endfacet
  facet normal -0.896873 0.442289 0.000000
    outer loop
      vertex 52.385641 6.200000 2.000000
      vertex 52.385641 6.200000 8.000000
      vertex 52.478207 6.387707 8.000000
    endloop
  endfacet
  facet normal 0.000000 -0.000000 1.000000
    outer loop
      vertex 54.031089 5.250000 8.000000
      vertex 54.233578 5.660608 8.000000
      vertex 52.478207 6.387707 8.000000
    endloop
  endfacet
  facet normal 0.000000 0.000000 1.000000
    outer loop
      vertex 54.031089 5.250000 8.000000
      vertex 52.478207 6.387707 8.000000
      vertex 52.385641 6.200000 8.000000
    endloop
  endfacet
  facet normal 0.000000 0.000000 -1.000000
    outer loop
      vertex 54.031089 5.250000 2.000000
      vertex 52.478207 6.387707 2.000000
      vertex 54.233578 5.660608 2.000000
    endloop
  endfacet
  facet normal 0.000000 0.000000 -1.000000
    outer loop
      vertex 54.031089 5.250000 2.000000
      vertex 52.385641 6.200000 2.000000
      vertex 52.478207 6.387707 2.000000
    endloop
  endfacet
  facet normal 0.946930 -0.321439 0.000000
    outer loop
      vertex 54.233578 5.660608 2.000000
      vertex 54.380740 6.094133 2.000000
      vertex 54.380740 6.094133 8.000000
    endloop
  endfacet
  facet normal 0.946930 -0.321439 0.000000
    outer loop
      vertex 54.233578 5.660608 2.000000
      vertex 54.380740 6.094133 8.000000
      vertex 54.233578 5.660608 8.000000
    endloop
  endfacet
  facet normal -0.946930 0.321439 0.000000
    outer loop
      vertex 52.478207 6.387707 2.000000
      vertex 52.545481 6.585890 8.000000
      vertex 52.545481 6.585890 2.000000
    endloop
  endfacet
  facet normal -0.946930 0.321439 0.000000
    outer loop
      vertex 52.478207 6.387707 2.000000
      vertex 52.478207 6.387707 8.000000
      vertex 52.545481 6.585890 8.000000
    endloop
  endfacet
  facet normal 0.000000 -0.000000 1.000000
    outer loop
      vertex 54.233578 5.660608 8.000000
      vertex 54.380740 6.094133 8.000000
      vertex 52.545481 6.585890 8.000000
    endloop
  endfacet
  facet normal 0.000000 0.000000 1.000000
    outer loop
      vertex 54.233578 5.660608 8.000000
      vertex 52.545481 6.585890 8.000000
      vertex 52.478207 6.387707 8.000000
    endloop
  endfacet
  facet normal 0.000000 0.000000 -1.000000
    outer loop
      vertex 54.233578 5.660608 2.000000
      vertex 52.545481 6.585890 2.000000
      vertex 54.380740 6.094133 2.000000
    endloop
  endfacet
  facet normal 0.000000 0.000000 -1.000000
    outer loop
      vertex 54.233578 5.660608 2.000000
      vertex 52.478207 6.387707 2.000000
      vertex 52.545481 6.585890 2.000000
    endloop
  endfacet
  facet normal 0.980785 -0.195090 0.000000
    outer loop
      vertex 54.380740 6.094133 2.000000
      vertex 54.470057 6.543158 2.000000
      vertex 54.470057 6.543158 8.000000
    endloop
  endfacet
  facet normal 0.980785 -0.195090 0.000000
    outer loop
      vertex 54.380740 6.094133 2.000000
      vertex 54.470057 6.543158 8.000000
      vertex 54.380740 6.094133 8.000000
    endloop
  endfacet
  facet normal -0.980785 0.195090 0.000000
    outer loop
      vertex 52.545481 6.585890 2.000000
      vertex 52.586312 6.791158 8.000000
      vertex 52.586312 6.791158 2.000000
    endloop
  endfacet
  facet normal -0.980785 0.195090 0.000000
    outer loop
      vertex 52.545481 6.585890 2.000000
      vertex 52.545481 6.585890 8.000000
      vertex 52.586312 6.791158 8.000000
    endloop
  endfacet
  facet normal 0.000000 -0.000000 1.000000
    outer loop
      vertex 54.380740 6.094133 8.000000
      vertex 54.470057 6.543158 8.000000
      vertex 52.586312 6.791158 8.000000
    endloop
  endfacet
  facet normal 0.000000 0.000000 1.000000
    outer loop
      vertex 54.380740 6.094133 8.000000
      vertex 52.586312 6.791158 8.000000
      vertex 52.545481 6.585890 8.000000
    endloop
  endfacet
  facet normal 0.000000 0.000000 -1.000000
    outer loop
      vertex 54.380740 6.094133 2.000000
      vertex 52.586312 6.791158 2.000000
      vertex 54.470057 6.543158 2.000000
    endloop
  endfacet
  facet normal 0.000000 0.000000 -1.000000
    outer loop
      vertex 54.380740 6.094133 2.000000
      vertex 52.545481 6.585890 2.000000
      vertex 52.586312 6.791158 2.000000
    endloop
  endfacet
  facet normal 0.997859 -0.065403 0.000000
    outer loop
      vertex 54.470057 6.543158 2.000000
      vertex 54.500000 7.000000 2.000000
      vertex 54.500000 7.000000 8.000000
    endloop
  endfacet
  facet normal 0.997859 -0.065403 0.000000
    outer loop
      vertex 54.470057 6.543158 2.000000
      vertex 54.500000 7.000000 8.000000
      vertex 54.470057 6.543158 8.000000
    endloop
  endfacet
  facet normal -0.997859 0.065403 0.000000
    outer loop
      vertex 52.586312 6.791158 2.000000
      vertex 52.600000 7.000000 8.000000
      vertex 52.600000 7.000000 2.000000
    endloop
  endfacet
  facet normal -0.997859 0.065403 0.000000
    outer loop
      vertex 52.586312 6.791158 2.000000
      vertex 52.586312 6.791158 8.000000
      vertex 52.600000 7.000000 8.000000
    endloop
  endfacet
  facet normal 0.000000 -0.000000 1.000000
    outer loop
      vertex 54.470057 6.543158 8.000000
      vertex 54.500000 7.000000 8.000000
      vertex 52.600000 7.000000 8.000000
    endloop
  endfacet
  facet normal 0.000000 0.000000 1.000000
    outer loop
      vertex 54.470057 6.543158 8.000000
      vertex 52.600000 7.000000 8.000000
      vertex 52.586312 6.791158 8.000000
    endloop
  endfacet
  facet normal 0.000000 0.000000 -1.000000
    outer loop
      vertex 54.470057 6.543158 2.000000
      vertex 52.600000 7.000000 2.000000
      vertex 54.500000 7.000000 2.000000
    endloop
  endfacet
  facet normal 0.000000 0.000000 -1.000000
    outer loop
      vertex 54.470057 6.543158 2.000000
      vertex 52.586312 6.791158 2.000000
      vertex 52.600000 7.000000 2.000000
    endloop
  endfacet
  facet normal 0.997859 0.065403 0.000000
    outer loop
      vertex 10.500000 107.000000 2.000000
      vertex 10.470057 107.456842 2.000000
      vertex 10.470057 107.456842 8.000000
    endloop
  endfacet
  facet normal 0.997859 0.065403 -0.000000
    outer loop
      vertex 10.500000 107.000000 2.000000
      vertex 10.470057 107.456842 8.000000
      vertex 10.500000 107.000000 8.000000
    endloop
  endfacet
  facet normal -0.997859 -0.065403 0.000000
    outer loop
      vertex 8.600000 107.000000 2.000000
      vertex 8.586312 107.208842 8.000000
      vertex 8.586312 107.208842 2.000000
    endloop
  endfacet
  facet normal -0.997859 -0.065403 0.000000
    outer loop
      vertex 8.600000 107.000000 2.000000
      vertex 8.600000 107.000000 8.000000
      vertex 8.586312 107.208842 8.000000
    endloop
  endfacet
  facet normal 0.000000 0.000000 1.000000
    outer loop
      vertex 10.500000 107.000000 8.000000
      vertex 10.470057 107.456842 8.000000
      vertex 8.586312 107.208842 8.000000
    endloop
  endfacet
  facet normal 0.000000 0.000000 1.000000
    outer loop
      vertex 10.500000 107.000000 8.000000
      vertex 8.586312 107.208842 8.000000
      vertex 8.600000 107.000000 8.000000
    endloop
  endfacet
  facet normal 0.000000 0.000000 -1.000000
    outer loop
      vertex 10.500000 107.000000 2.000000
      vertex 8.586312 107.208842 2.000000
      vertex 10.470057 107.456842 2.000000
    endloop
  endfacet
  facet normal 0.000000 0.000000 -1.000000
    outer loop
      vertex 10.500000 107.000000 2.000000
      vertex 8.600000 107.000000 2.000000
      vertex 8.586312 107.208842 2.000000
    endloop
  endfacet
  facet normal 0.980785 0.195090 0.000000
    outer loop
      vertex 10.470057 107.456842 2.000000
      vertex 10.380740 107.905867 2.000000
      vertex 10.380740 107.905867 8.000000
    endloop
  endfacet
  facet normal 0.980785 0.195090 -0.000000
    outer loop
      vertex 10.470057 107.456842 2.000000
      vertex 10.380740 107.905867 8.000000
      vertex 10.470057 107.456842 8.000000
    endloop
  endfacet
  facet normal -0.980785 -0.195090 0.000000
    outer loop
      vertex 8.586312 107.208842 2.000000
      vertex 8.545481 107.414110 8.000000
      vertex 8.545481 107.414110 2.000000
    endloop
  endfacet
  facet normal -0.980785 -0.195090 0.000000
    outer loop
      vertex 8.586312 107.208842 2.000000
      vertex 8.586312 107.208842 8.000000
      vertex 8.545481 107.414110 8.000000
    endloop
  endfacet
  facet normal 0.000000 0.000000 1.000000
    outer loop
      vertex 10.470057 107.456842 8.000000
      vertex 10.380740 107.905867 8.000000
      vertex 8.545481 107.414110 8.000000
    endloop
  endfacet
  facet normal 0.000000 0.000000 1.000000
    outer loop
      vertex 10.470057 107.456842 8.000000
      vertex 8.545481 107.414110 8.000000
      vertex 8.586312 107.208842 8.000000
    endloop
  endfacet
  facet normal -0.000000 0.000000 -1.000000
    outer loop
      vertex 10.470057 107.456842 2.000000
      vertex 8.545481 107.414110 2.000000
      vertex 10.380740 107.905867 2.000000
    endloop
  endfacet
  facet normal 0.000000 0.000000 -1.000000
    outer loop
      vertex 10.470057 107.456842 2.000000
      vertex 8.586312 107.208842 2.000000
      vertex 8.545481 107.414110 2.000000
    endloop
  endfacet
  facet normal 0.946930 0.321439 0.000000
    outer loop
      vertex 10.380740 107.905867 2.000000
      vertex 10.233578 108.339392 2.000000
      vertex 10.233578 108.339392 8.000000
    endloop
  endfacet
  facet normal 0.946930 0.321439 -0.000000
    outer loop
      vertex 10.380740 107.905867 2.000000
      vertex 10.233578 108.339392 8.000000
      vertex 10.380740 107.905867 8.000000
    endloop
  endfacet
  facet normal -0.946930 -0.321439 0.000000
    outer loop
      vertex 8.545481 107.414110 2.000000
      vertex 8.478207 107.612293 8.000000
      vertex 8.478207 107.612293 2.000000
    endloop
  endfacet
  facet normal -0.946930 -0.321439 0.000000
    outer loop
      vertex 8.545481 107.414110 2.000000
      vertex 8.545481 107.414110 8.000000
      vertex 8.478207 107.612293 8.000000
    endloop
  endfacet
  facet normal 0.000000 0.000000 1.000000
    outer loop
      vertex 10.380740 107.905867 8.000000
      vertex 10.233578 108.339392 8.000000
      vertex 8.478207 107.612293 8.000000
    endloop
  endfacet
  facet normal 0.000000 0.000000 1.000000
    outer loop
      vertex 10.380740 107.905867 8.000000
      vertex 8.478207 107.612293 8.000000
      vertex 8.545481 107.414110 8.000000
    endloop
  endfacet
  facet normal -0.000000 0.000000 -1.000000
    outer loop
      vertex 10.380740 107.905867 2.000000
      vertex 8.478207 107.612293 2.000000
      vertex 10.233578 108.339392 2.000000
    endloop
  endfacet
  facet normal 0.000000 0.000000 -1.000000
    outer loop
      vertex 10.380740 107.905867 2.000000
      vertex 8.545481 107.414110 2.000000
      vertex 8.478207 107.612293 2.000000
    endloop
  endfacet
  facet normal 0.896873 0.442289 0.000000
    outer loop
      vertex 10.233578 108.339392 2.000000
      vertex 10.031089 108.750000 2.000000
      vertex 10.031089 108.750000 8.000000
    endloop
  endfacet
  facet normal 0.896873 0.442289 -0.000000
    outer loop
      vertex 10.233578 108.339392 2.000000
      vertex 10.031089 108.750000 8.000000
      vertex 10.233578 108.339392 8.000000
    endloop
  endfacet
  facet normal -0.896873 -0.442289 0.000000
    outer loop
      vertex 8.478207 107.612293 2.000000
      vertex 8.385641 107.800000 8.000000
      vertex 8.385641 107.800000 2.000000
    endloop
  endfacet
  facet normal -0.896873 -0.442289 0.000000
    outer loop
      vertex 8.478207 107.612293 2.000000
      vertex 8.478207 107.612293 8.000000
      vertex 8.385641 107.800000 8.000000
    endloop
  endfacet
  facet normal 0.000000 0.000000 1.000000
    outer loop
      vertex 10.233578 108.339392 8.000000
      vertex 10.031089 108.750000 8.000000
      vertex 8.385641 107.800000 8.000000
    endloop
  endfacet
  facet normal 0.000000 0.000000 1.000000
    outer loop
      vertex 10.233578 108.339392 8.000000
      vertex 8.385641 107.800000 8.000000
      vertex 8.478207 107.612293 8.000000
    endloop
  endfacet
  facet normal -0.000000 0.000000 -1.000000
    outer loop
      vertex 10.233578 108.339392 2.000000
      vertex 8.385641 107.800000 2.000000
      vertex 10.031089 108.750000 2.000000
    endloop
  endfacet
  facet normal 0.000000 0.000000 -1.000000
    outer loop
      vertex 10.233578 108.339392 2.000000
      vertex 8.478207 107.612293 2.000000
      vertex 8.385641 107.800000 2.000000
    endloop
  endfacet
  facet normal 0.831470 0.555570 0.000000
    outer loop
      vertex 10.031089 108.750000 2.000000
      vertex 9.776737 109.130665 2.000000
      vertex 9.776737 109.130665 8.000000
    endloop
  endfacet
  facet normal 0.831470 0.555570 -0.000000
    outer loop
      vertex 10.031089 108.750000 2.000000
      vertex 9.776737 109.130665 8.000000
      vertex 10.031089 108.750000 8.000000
    endloop
  endfacet
  facet normal -0.831470 -0.555570 0.000000
    outer loop
      vertex 8.385641 107.800000 2.000000
      vertex 8.269365 107.974018 8.000000
      vertex 8.269365 107.974018 2.000000
    endloop
  endfacet
  facet normal -0.831470 -0.555570 0.000000
    outer loop
      vertex 8.385641 107.800000 2.000000
      vertex 8.385641 107.800000 8.000000
      vertex 8.269365 107.974018 8.000000
    endloop
  endfacet
  facet normal 0.000000 0.000000 1.000000
    outer loop
      vertex 10.031089 108.750000 8.000000
      vertex 9.776737 109.130665 8.000000
      vertex 8.269365 107.974018 8.000000
    endloop
  endfacet
  facet normal 0.000000 0.000000 1.000000
    outer loop
      vertex 10.031089 108.750000 8.000000
      vertex 8.269365 107.974018 8.000000
      vertex 8.385641 107.800000 8.000000
    endloop
  endfacet
  facet normal -0.000000 0.000000 -1.000000
    outer loop
      vertex 10.031089 108.750000 2.000000
      vertex 8.269365 107.974018 2.000000
      vertex 9.776737 109.130665 2.000000
    endloop
  endfacet
  facet normal 0.000000 0.000000 -1.000000
    outer loop
      vertex 10.031089 108.750000 2.000000
      vertex 8.385641 107.800000 2.000000
      vertex 8.269365 107.974018 2.000000
    endloop
  endfacet
  facet normal 0.751840 0.659346 0.000000
    outer loop
      vertex 9.776737 109.130665 2.000000
      vertex 9.474874 109.474874 2.000000
      vertex 9.474874 109.474874 8.000000
    endloop
  endfacet
  facet normal 0.751840 0.659346 -0.000000
    outer loop
      vertex 9.776737 109.130665 2.000000
      vertex 9.474874 109.474874 8.000000
      vertex 9.776737 109.130665 8.000000
    endloop
  endfacet
  facet normal -0.751840 -0.659346 0.000000
    outer loop
      vertex 8.269365 107.974018 2.000000
      vertex 8.131371 108.131371 8.000000
      vertex 8.131371 108.131371 2.000000
    endloop
  endfacet
  facet normal -0.751840 -0.659346 0.000000
    outer loop
      vertex 8.269365 107.974018 2.000000
      vertex 8.269365 107.974018 8.000000
      vertex 8.131371 108.131371 8.000000
    endloop
  endfacet
  facet normal 0.000000 0.000000 1.000000
    outer loop
      vertex 9.776737 109.130665 8.000000
      vertex 9.474874 109.474874 8.000000
      vertex 8.131371 108.131371 8.000000
    endloop
  endfacet
  facet normal 0.000000 0.000000 1.000000
    outer loop
      vertex 9.776737 109.130665 8.000000
      vertex 8.131371 108.131371 8.000000
      vertex 8.269365 107.974018 8.000000
    endloop
  endfacet
  facet normal -0.000000 0.000000 -1.000000
    outer loop
      vertex 9.776737 109.130665 2.000000
      vertex 8.131371 108.131371 2.000000
      vertex 9.474874 109.474874 2.000000
    endloop
  endfacet
  facet normal 0.000000 0.000000 -1.000000
    outer loop
      vertex 9.776737 109.130665 2.000000
      vertex 8.269365 107.974018 2.000000
      vertex 8.131371 108.131371 2.000000
    endloop
  endfacet
  facet normal 0.659346 0.751840 0.000000
    outer loop
      vertex 9.474874 109.474874 2.000000
      vertex 9.130665 109.776737 2.000000
      vertex 9.130665 109.776737 8.000000
    endloop
  endfacet
  facet normal 0.659346 0.751840 -0.000000
    outer loop
      vertex 9.474874 109.474874 2.000000
      vertex 9.130665 109.776737 8.000000
      vertex 9.474874 109.474874 8.000000
    endloop
  endfacet
  facet normal -0.659346 -0.751840 0.000000
    outer loop
      vertex 8.131371 108.131371 2.000000
      vertex 7.974018 108.269365 8.000000
      vertex 7.974018 108.269365 2.000000
    endloop
  endfacet
  facet normal -0.659346 -0.751840 0.000000
    outer loop
      vertex 8.131371 108.131371 2.000000
      vertex 8.131371 108.131371 8.000000
      vertex 7.974018 108.269365 8.000000
    endloop
  endfacet
  facet normal 0.000000 0.000000 1.000000
    outer loop
      vertex 9.474874 109.474874 8.000000
      vertex 9.130665 109.776737 8.000000
      vertex 7.974018 108.269365 8.000000
    endloop
  endfacet
  facet normal 0.000000 0.000000 1.000000
    outer loop
      vertex 9.474874 109.474874 8.000000
      vertex 7.974018 108.269365 8.000000
      vertex 8.131371 108.131371 8.000000
    endloop
  endfacet
  facet normal -0.000000 0.000000 -1.000000
    outer loop
      vertex 9.474874 109.474874 2.000000
      vertex 7.974018 108.269365 2.000000
      vertex 9.130665 109.776737 2.000000
    endloop
  endfacet
  facet normal 0.000000 0.000000 -1.000000
    outer loop
      vertex 9.474874 109.474874 2.000000
      vertex 8.131371 108.131371 2.000000
      vertex 7.974018 108.269365 2.000000
    endloop
  endfacet
  facet normal 0.555570 0.831470 0.000000
    outer loop
      vertex 9.130665 109.776737 2.000000
      vertex 8.750000 110.031089 2.000000
      vertex 8.750000 110.031089 8.000000
    endloop
  endfacet
  facet normal 0.555570 0.831470 -0.000000
    outer loop
      vertex 9.130665 109.776737 2.000000
      vertex 8.750000 110.031089 8.000000
      vertex 9.130665 109.776737 8.000000
    endloop
  endfacet
  facet normal -0.555570 -0.831470 0.000000
    outer loop
      vertex 7.974018 108.269365 2.000000
      vertex 7.800000 108.385641 8.000000
      vertex 7.800000 108.385641 2.000000
    endloop
  endfacet
  facet normal -0.555570 -0.831470 0.000000
    outer loop
      vertex 7.974018 108.269365 2.000000
      vertex 7.974018 108.269365 8.000000
      vertex 7.800000 108.385641 8.000000
    endloop
  endfacet
  facet normal 0.000000 0.000000 1.000000
    outer loop
      vertex 9.130665 109.776737 8.000000
      vertex 8.750000 110.031089 8.000000
      vertex 7.800000 108.385641 8.000000
    endloop
  endfacet
  facet normal 0.000000 0.000000 1.000000
    outer loop
      vertex 9.130665 109.776737 8.000000
      vertex 7.800000 108.385641 8.000000
      vertex 7.974018 108.269365 8.000000
    endloop
  endfacet
  facet normal -0.000000 0.000000 -1.000000
    outer loop
      vertex 9.130665 109.776737 2.000000
      vertex 7.800000 108.385641 2.000000
      vertex 8.750000 110.031089 2.000000
    endloop
  endfacet
  facet normal 0.000000 0.000000 -1.000000
    outer loop
      vertex 9.130665 109.776737 2.000000
      vertex 7.974018 108.269365 2.000000
      vertex 7.800000 108.385641 2.000000
    endloop
  endfacet
  facet normal 0.442289 0.896873 0.000000
    outer loop
      vertex 8.750000 110.031089 2.000000
      vertex 8.339392 110.233578 2.000000
      vertex 8.339392 110.233578 8.000000
    endloop
  endfacet
  facet normal 0.442289 0.896873 -0.000000
    outer loop
      vertex 8.750000 110.031089 2.000000
      vertex 8.339392 110.233578 8.000000
      vertex 8.750000 110.031089 8.000000
    endloop
  endfacet
  facet normal -0.442289 -0.896873 0.000000
    outer loop
      vertex 7.800000 108.385641 2.000000
      vertex 7.612293 108.478207 8.000000
      vertex 7.612293 108.478207 2.000000
    endloop
  endfacet
  facet normal -0.442289 -0.896873 0.000000
    outer loop
      vertex 7.800000 108.385641 2.000000
      vertex 7.800000 108.385641 8.000000
      vertex 7.612293 108.478207 8.000000
    endloop
  endfacet
  facet normal 0.000000 0.000000 1.000000
    outer loop
      vertex 8.750000 110.031089 8.000000
      vertex 8.339392 110.233578 8.000000
      vertex 7.612293 108.478207 8.000000
    endloop
  endfacet
  facet normal 0.000000 0.000000 1.000000
    outer loop
      vertex 8.750000 110.031089 8.000000
      vertex 7.612293 108.478207 8.000000
      vertex 7.800000 108.385641 8.000000
    endloop
  endfacet
  facet normal -0.000000 0.000000 -1.000000
    outer loop
      vertex 8.750000 110.031089 2.000000
      vertex 7.612293 108.478207 2.000000
      vertex 8.339392 110.233578 2.000000
    endloop
  endfacet
  facet normal 0.000000 0.000000 -1.000000
    outer loop
      vertex 8.750000 110.031089 2.000000
      vertex 7.800000 108.385641 2.000000
      vertex 7.612293 108.478207 2.000000
    endloop
  endfacet
  facet normal 0.321439 0.946930 0.000000
    outer loop
      vertex 8.339392 110.233578 2.000000
      vertex 7.905867 110.380740 2.000000
      vertex 7.905867 110.380740 8.000000
    endloop
  endfacet
  facet normal 0.321439 0.946930 -0.000000
    outer loop
      vertex 8.339392 110.233578 2.000000
      vertex 7.905867 110.380740 8.000000
      vertex 8.339392 110.233578 8.000000
    endloop
  endfacet
  facet normal -0.321439 -0.946930 0.000000
    outer loop
      vertex 7.612293 108.478207 2.000000
      vertex 7.414110 108.545481 8.000000
      vertex 7.414110 108.545481 2.000000
    endloop
  endfacet
  facet normal -0.321439 -0.946930 0.000000
    outer loop
      vertex 7.612293 108.478207 2.000000
      vertex 7.612293 108.478207 8.000000
      vertex 7.414110 108.545481 8.000000
    endloop
  endfacet
  facet normal 0.000000 0.000000 1.000000
    outer loop
      vertex 8.339392 110.233578 8.000000
      vertex 7.905867 110.380740 8.000000
      vertex 7.414110 108.545481 8.000000
    endloop
  endfacet
  facet normal 0.000000 0.000000 1.000000
    outer loop
      vertex 8.339392 110.233578 8.000000
      vertex 7.414110 108.545481 8.000000
      vertex 7.612293 108.478207 8.000000
    endloop
  endfacet
  facet normal -0.000000 0.000000 -1.000000
    outer loop
      vertex 8.339392 110.233578 2.000000
      vertex 7.414110 108.545481 2.000000
      vertex 7.905867 110.380740 2.000000
    endloop
  endfacet
  facet normal 0.000000 0.000000 -1.000000
    outer loop
      vertex 8.339392 110.233578 2.000000
      vertex 7.612293 108.478207 2.000000
      vertex 7.414110 108.545481 2.000000
    endloop
  endfacet
  facet normal 0.195090 0.980785 0.000000
    outer loop
      vertex 7.905867 110.380740 2.000000
      vertex 7.456842 110.470057 2.000000
      vertex 7.456842 110.470057 8.000000
    endloop
  endfacet
  facet normal 0.195090 0.980785 -0.000000
    outer loop
      vertex 7.905867 110.380740 2.000000
      vertex 7.456842 110.470057 8.000000
      vertex 7.905867 110.380740 8.000000
    endloop
  endfacet
  facet normal -0.195090 -0.980785 0.000000
    outer loop
      vertex 7.414110 108.545481 2.000000
      vertex 7.208842 108.586312 8.000000
      vertex 7.208842 108.586312 2.000000
    endloop
  endfacet
  facet normal -0.195090 -0.980785 0.000000
    outer loop
      vertex 7.414110 108.545481 2.000000
      vertex 7.414110 108.545481 8.000000
      vertex 7.208842 108.586312 8.000000
    endloop
  endfacet
  facet normal 0.000000 0.000000 1.000000
    outer loop
      vertex 7.905867 110.380740 8.000000
      vertex 7.456842 110.470057 8.000000
      vertex 7.208842 108.586312 8.000000
    endloop
  endfacet
  facet normal 0.000000 0.000000 1.000000
    outer loop
      vertex 7.905867 110.380740 8.000000
      vertex 7.208842 108.586312 8.000000
      vertex 7.414110 108.545481 8.000000
    endloop
  endfacet
  facet normal -0.000000 0.000000 -1.000000
    outer loop
      vertex 7.905867 110.380740 2.000000
      vertex 7.208842 108.586312 2.000000
      vertex 7.456842 110.470057 2.000000
    endloop
  endfacet
  facet normal 0.000000 0.000000 -1.000000
    outer loop
      vertex 7.905867 110.380740 2.000000
      vertex 7.414110 108.545481 2.000000
      vertex 7.208842 108.586312 2.000000
    endloop
  endfacet
  facet normal 0.065403 0.997859 0.000000
    outer loop
      vertex 7.456842 110.470057 2.000000
      vertex 7.000000 110.500000 2.000000
      vertex 7.000000 110.500000 8.000000
    endloop
  endfacet
  facet normal 0.065403 0.997859 -0.000000
    outer loop
      vertex 7.456842 110.470057 2.000000
      vertex 7.000000 110.500000 8.000000
      vertex 7.456842 110.470057 8.000000
    endloop
  endfacet
  facet normal -0.065403 -0.997859 0.000000
    outer loop
      vertex 7.208842 108.586312 2.000000
      vertex 7.000000 108.600000 8.000000
      vertex 7.000000 108.600000 2.000000
    endloop
  endfacet
  facet normal -0.065403 -0.997859 0.000000
    outer loop
      vertex 7.208842 108.586312 2.000000
      vertex 7.208842 108.586312 8.000000
      vertex 7.000000 108.600000 8.000000
    endloop
  endfacet
  facet normal 0.000000 0.000000 1.000000
    outer loop
      vertex 7.456842 110.470057 8.000000
      vertex 7.000000 110.500000 8.000000
      vertex 7.000000 108.600000 8.000000
    endloop
  endfacet
  facet normal 0.000000 0.000000 1.000000
    outer loop
      vertex 7.456842 110.470057 8.000000
      vertex 7.000000 108.600000 8.000000
      vertex 7.208842 108.586312 8.000000
    endloop
  endfacet
  facet normal -0.000000 0.000000 -1.000000
    outer loop
      vertex 7.456842 110.470057 2.000000
      vertex 7.000000 108.600000 2.000000
      vertex 7.000000 110.500000 2.000000
    endloop
  endfacet
  facet normal 0.000000 0.000000 -1.000000
    outer loop
      vertex 7.456842 110.470057 2.000000
      vertex 7.208842 108.586312 2.000000
      vertex 7.000000 108.600000 2.000000
    endloop
  endfacet
  facet normal -0.065403 0.997859 0.000000
    outer loop
      vertex 7.000000 110.500000 2.000000
      vertex 6.543158 110.470057 2.000000
      vertex 6.543158 110.470057 8.000000
    endloop
  endfacet
  facet normal -0.065403 0.997859 0.000000
    outer loop
      vertex 7.000000 110.500000 2.000000
      vertex 6.543158 110.470057 8.000000
      vertex 7.000000 110.500000 8.000000
    endloop
  endfacet
  facet normal 0.065403 -0.997859 0.000000
    outer loop
      vertex 7.000000 108.600000 2.000000
      vertex 6.791158 108.586312 8.000000
      vertex 6.791158 108.586312 2.000000
    endloop
  endfacet
  facet normal 0.065403 -0.997859 0.000000
    outer loop
      vertex 7.000000 108.600000 2.000000
      vertex 7.000000 108.600000 8.000000
      vertex 6.791158 108.586312 8.000000
    endloop
  endfacet
  facet normal 0.000000 0.000000 1.000000
    outer loop
      vertex 7.000000 110.500000 8.000000
      vertex 6.543158 110.470057 8.000000
      vertex 6.791158 108.586312 8.000000
    endloop
  endfacet
  facet normal 0.000000 0.000000 1.000000
    outer loop
      vertex 7.000000 110.500000 8.000000
      vertex 6.791158 108.586312 8.000000
      vertex 7.000000 108.600000 8.000000
    endloop
  endfacet
  facet normal 0.000000 0.000000 -1.000000
    outer loop
      vertex 7.000000 110.500000 2.000000
      vertex 6.791158 108.586312 2.000000
      vertex 6.543158 110.470057 2.000000
    endloop
  endfacet
  facet normal 0.000000 -0.000000 -1.000000
    outer loop
      vertex 7.000000 110.500000 2.000000
      vertex 7.000000 108.600000 2.000000
      vertex 6.791158 108.586312 2.000000
    endloop
  endfacet
  facet normal -0.195090 0.980785 0.000000
    outer loop
      vertex 6.543158 110.470057 2.000000
      vertex 6.094133 110.380740 2.000000
      vertex 6.094133 110.380740 8.000000
    endloop
  endfacet
  facet normal -0.195090 0.980785 0.000000
    outer loop
      vertex 6.543158 110.470057 2.000000
      vertex 6.094133 110.380740 8.000000
      vertex 6.543158 110.470057 8.000000
    endloop
  endfacet
  facet normal 0.195090 -0.980785 0.000000
    outer loop
      vertex 6.791158 108.586312 2.000000
      vertex 6.585890 108.545481 8.000000
      vertex 6.585890 108.545481 2.000000
    endloop
  endfacet
  facet normal 0.195090 -0.980785 0.000000
    outer loop
      vertex 6.791158 108.586312 2.000000
      vertex 6.791158 108.586312 8.000000
      vertex 6.585890 108.545481 8.000000
    endloop
  endfacet
  facet normal 0.000000 0.000000 1.000000
    outer loop
      vertex 6.543158 110.470057 8.000000
      vertex 6.094133 110.380740 8.000000
      vertex 6.585890 108.545481 8.000000
    endloop
  endfacet
  facet normal 0.000000 0.000000 1.000000
    outer loop
      vertex 6.543158 110.470057 8.000000
      vertex 6.585890 108.545481 8.000000
      vertex 6.791158 108.586312 8.000000
    endloop
  endfacet
  facet normal 0.000000 -0.000000 -1.000000
    outer loop
      vertex 6.543158 110.470057 2.000000
      vertex 6.585890 108.545481 2.000000
      vertex 6.094133 110.380740 2.000000
    endloop
  endfacet
  facet normal 0.000000 0.000000 -1.000000
    outer loop
      vertex 6.543158 110.470057 2.000000
      vertex 6.791158 108.586312 2.000000
      vertex 6.585890 108.545481 2.000000
    endloop
  endfacet
  facet normal -0.321439 0.946930 0.000000
    outer loop
      vertex 6.094133 110.380740 2.000000
      vertex 5.660608 110.233578 2.000000
      vertex 5.660608 110.233578 8.000000
    endloop
  endfacet
  facet normal -0.321439 0.946930 0.000000
    outer loop
      vertex 6.094133 110.380740 2.000000
      vertex 5.660608 110.233578 8.000000
      vertex 6.094133 110.380740 8.000000
    endloop
  endfacet
  facet normal 0.321439 -0.946930 0.000000
    outer loop
      vertex 6.585890 108.545481 2.000000
      vertex 6.387707 108.478207 8.000000
      vertex 6.387707 108.478207 2.000000
    endloop
  endfacet
  facet normal 0.321439 -0.946930 0.000000
    outer loop
      vertex 6.585890 108.545481 2.000000
      vertex 6.585890 108.545481 8.000000
      vertex 6.387707 108.478207 8.000000
    endloop
  endfacet
  facet normal 0.000000 0.000000 1.000000
    outer loop
      vertex 6.094133 110.380740 8.000000
      vertex 5.660608 110.233578 8.000000
      vertex 6.387707 108.478207 8.000000
    endloop
  endfacet
  facet normal 0.000000 0.000000 1.000000
    outer loop
      vertex 6.094133 110.380740 8.000000
      vertex 6.387707 108.478207 8.000000
      vertex 6.585890 108.545481 8.000000
    endloop
  endfacet
  facet normal 0.000000 -0.000000 -1.000000
    outer loop
      vertex 6.094133 110.380740 2.000000
      vertex 6.387707 108.478207 2.000000
      vertex 5.660608 110.233578 2.000000
    endloop
  endfacet
  facet normal 0.000000 0.000000 -1.000000
    outer loop
      vertex 6.094133 110.380740 2.000000
      vertex 6.585890 108.545481 2.000000
      vertex 6.387707 108.478207 2.000000
    endloop
  endfacet
  facet normal -0.442289 0.896873 0.000000
    outer loop
      vertex 5.660608 110.233578 2.000000
      vertex 5.250000 110.031089 2.000000
      vertex 5.250000 110.031089 8.000000
    endloop
  endfacet
  facet normal -0.442289 0.896873 0.000000
    outer loop
      vertex 5.660608 110.233578 2.000000
      vertex 5.250000 110.031089 8.000000
      vertex 5.660608 110.233578 8.000000
    endloop
  endfacet
  facet normal 0.442289 -0.896873 0.000000
    outer loop
      vertex 6.387707 108.478207 2.000000
      vertex 6.200000 108.385641 8.000000
      vertex 6.200000 108.385641 2.000000
    endloop
  endfacet
  facet normal 0.442289 -0.896873 0.000000
    outer loop
      vertex 6.387707 108.478207 2.000000
      vertex 6.387707 108.478207 8.000000
      vertex 6.200000 108.385641 8.000000
    endloop
  endfacet
  facet normal 0.000000 0.000000 1.000000
    outer loop
      vertex 5.660608 110.233578 8.000000
      vertex 5.250000 110.031089 8.000000
      vertex 6.200000 108.385641 8.000000
    endloop
  endfacet
  facet normal 0.000000 0.000000 1.000000
    outer loop
      vertex 5.660608 110.233578 8.000000
      vertex 6.200000 108.385641 8.000000
      vertex 6.387707 108.478207 8.000000
    endloop
  endfacet
  facet normal 0.000000 -0.000000 -1.000000
    outer loop
      vertex 5.660608 110.233578 2.000000
      vertex 6.200000 108.385641 2.000000
      vertex 5.250000 110.031089 2.000000
    endloop
  endfacet
  facet normal 0.000000 0.000000 -1.000000
    outer loop
      vertex 5.660608 110.233578 2.000000
      vertex 6.387707 108.478207 2.000000
      vertex 6.200000 108.385641 2.000000
    endloop
  endfacet
  facet normal -0.555570 0.831470 0.000000
    outer loop
      vertex 5.250000 110.031089 2.000000
      vertex 4.869335 109.776737 2.000000
      vertex 4.869335 109.776737 8.000000
    endloop
  endfacet
  facet normal -0.555570 0.831470 0.000000
    outer loop
      vertex 5.250000 110.031089 2.000000
      vertex 4.869335 109.776737 8.000000
      vertex 5.250000 110.031089 8.000000
    endloop
  endfacet
  facet normal 0.555570 -0.831470 0.000000
    outer loop
      vertex 6.200000 108.385641 2.000000
      vertex 6.025982 108.269365 8.000000
      vertex 6.025982 108.269365 2.000000
    endloop
  endfacet
  facet normal 0.555570 -0.831470 0.000000
    outer loop
      vertex 6.200000 108.385641 2.000000
      vertex 6.200000 108.385641 8.000000
      vertex 6.025982 108.269365 8.000000
    endloop
  endfacet
  facet normal 0.000000 0.000000 1.000000
    outer loop
      vertex 5.250000 110.031089 8.000000
      vertex 4.869335 109.776737 8.000000
      vertex 6.025982 108.269365 8.000000
    endloop
  endfacet
  facet normal 0.000000 0.000000 1.000000
    outer loop
      vertex 5.250000 110.031089 8.000000
      vertex 6.025982 108.269365 8.000000
      vertex 6.200000 108.385641 8.000000
    endloop
  endfacet
  facet normal 0.000000 -0.000000 -1.000000
    outer loop
      vertex 5.250000 110.031089 2.000000
      vertex 6.025982 108.269365 2.000000
      vertex 4.869335 109.776737 2.000000
    endloop
  endfacet
  facet normal 0.000000 0.000000 -1.000000
    outer loop
      vertex 5.250000 110.031089 2.000000
      vertex 6.200000 108.385641 2.000000
      vertex 6.025982 108.269365 2.000000
    endloop
  endfacet
  facet normal -0.659346 0.751840 0.000000
    outer loop
      vertex 4.869335 109.776737 2.000000
      vertex 4.525126 109.474874 2.000000
      vertex 4.525126 109.474874 8.000000
    endloop
  endfacet
  facet normal -0.659346 0.751840 0.000000
    outer loop
      vertex 4.869335 109.776737 2.000000
      vertex 4.525126 109.474874 8.000000
      vertex 4.869335 109.776737 8.000000
    endloop
  endfacet
  facet normal 0.659346 -0.751840 0.000000
    outer loop
      vertex 6.025982 108.269365 2.000000
      vertex 5.868629 108.131371 8.000000
      vertex 5.868629 108.131371 2.000000
    endloop
  endfacet
  facet normal 0.659346 -0.751840 0.000000
    outer loop
      vertex 6.025982 108.269365 2.000000
      vertex 6.025982 108.269365 8.000000
      vertex 5.868629 108.131371 8.000000
    endloop
  endfacet
  facet normal 0.000000 0.000000 1.000000
    outer loop
      vertex 4.869335 109.776737 8.000000
      vertex 4.525126 109.474874 8.000000
      vertex 5.868629 108.131371 8.000000
    endloop
  endfacet
  facet normal 0.000000 0.000000 1.000000
    outer loop
      vertex 4.869335 109.776737 8.000000
      vertex 5.868629 108.131371 8.000000
      vertex 6.025982 108.269365 8.000000
    endloop
  endfacet
  facet normal 0.000000 -0.000000 -1.000000
    outer loop
      vertex 4.869335 109.776737 2.000000
      vertex 5.868629 108.131371 2.000000
      vertex 4.525126 109.474874 2.000000
    endloop
  endfacet
  facet normal 0.000000 0.000000 -1.000000
    outer loop
      vertex 4.869335 109.776737 2.000000
      vertex 6.025982 108.269365 2.000000
      vertex 5.868629 108.131371 2.000000
    endloop
  endfacet
  facet normal -0.751840 0.659346 0.000000
    outer loop
      vertex 4.525126 109.474874 2.000000
      vertex 4.223263 109.130665 2.000000
      vertex 4.223263 109.130665 8.000000
    endloop
  endfacet
  facet normal -0.751840 0.659346 0.000000
    outer loop
      vertex 4.525126 109.474874 2.000000
      vertex 4.223263 109.130665 8.000000
      vertex 4.525126 109.474874 8.000000
    endloop
  endfacet
  facet normal 0.751840 -0.659346 0.000000
    outer loop
      vertex 5.868629 108.131371 2.000000
      vertex 5.730635 107.974018 8.000000
      vertex 5.730635 107.974018 2.000000
    endloop
  endfacet
  facet normal 0.751840 -0.659346 0.000000
    outer loop
      vertex 5.868629 108.131371 2.000000
      vertex 5.868629 108.131371 8.000000
      vertex 5.730635 107.974018 8.000000
    endloop
  endfacet
  facet normal 0.000000 0.000000 1.000000
    outer loop
      vertex 4.525126 109.474874 8.000000
      vertex 4.223263 109.130665 8.000000
      vertex 5.730635 107.974018 8.000000
    endloop
  endfacet
  facet normal 0.000000 0.000000 1.000000
    outer loop
      vertex 4.525126 109.474874 8.000000
      vertex 5.730635 107.974018 8.000000
      vertex 5.868629 108.131371 8.000000
    endloop
  endfacet
  facet normal 0.000000 -0.000000 -1.000000
    outer loop
      vertex 4.525126 109.474874 2.000000
      vertex 5.730635 107.974018 2.000000
      vertex 4.223263 109.130665 2.000000
    endloop
  endfacet
  facet normal 0.000000 0.000000 -1.000000
    outer loop
      vertex 4.525126 109.474874 2.000000
      vertex 5.868629 108.131371 2.000000
      vertex 5.730635 107.974018 2.000000
    endloop
  endfacet
  facet normal -0.831470 0.555570 0.000000
    outer loop
      vertex 4.223263 109.130665 2.000000
      vertex 3.968911 108.750000 2.000000
      vertex 3.968911 108.750000 8.000000
    endloop
  endfacet
  facet normal -0.831470 0.555570 0.000000
    outer loop
      vertex 4.223263 109.130665 2.000000
      vertex 3.968911 108.750000 8.000000
      vertex 4.223263 109.130665 8.000000
    endloop
  endfacet
  facet normal 0.831470 -0.555570 0.000000
    outer loop
      vertex 5.730635 107.974018 2.000000
      vertex 5.614359 107.800000 8.000000
      vertex 5.614359 107.800000 2.000000
    endloop
  endfacet
  facet normal 0.831470 -0.555570 0.000000
    outer loop
      vertex 5.730635 107.974018 2.000000
      vertex 5.730635 107.974018 8.000000
      vertex 5.614359 107.800000 8.000000
    endloop
  endfacet
  facet normal 0.000000 0.000000 1.000000
    outer loop
      vertex 4.223263 109.130665 8.000000
      vertex 3.968911 108.750000 8.000000
      vertex 5.614359 107.800000 8.000000
    endloop
  endfacet
  facet normal 0.000000 0.000000 1.000000
    outer loop
      vertex 4.223263 109.130665 8.000000
      vertex 5.614359 107.800000 8.000000
      vertex 5.730635 107.974018 8.000000
    endloop
  endfacet
  facet normal 0.000000 -0.000000 -1.000000
    outer loop
      vertex 4.223263 109.130665 2.000000
      vertex 5.614359 107.800000 2.000000
      vertex 3.968911 108.750000 2.000000
    endloop
  endfacet
  facet normal 0.000000 0.000000 -1.000000
    outer loop
      vertex 4.223263 109.130665 2.000000
      vertex 5.730635 107.974018 2.000000
      vertex 5.614359 107.800000 2.000000
    endloop
  endfacet
  facet normal -0.896873 0.442289 0.000000
    outer loop
      vertex 3.968911 108.750000 2.000000
      vertex 3.766422 108.339392 2.000000
      vertex 3.766422 108.339392 8.000000
    endloop
  endfacet
  facet normal -0.896873 0.442289 0.000000
    outer loop
      vertex 3.968911 108.750000 2.000000
      vertex 3.766422 108.339392 8.000000
      vertex 3.968911 108.750000 8.000000
    endloop
  endfacet
  facet normal 0.896873 -0.442289 0.000000
    outer loop
      vertex 5.614359 107.800000 2.000000
      vertex 5.521793 107.612293 8.000000
      vertex 5.521793 107.612293 2.000000
    endloop
  endfacet
  facet normal 0.896873 -0.442289 0.000000
    outer loop
      vertex 5.614359 107.800000 2.000000
      vertex 5.614359 107.800000 8.000000
      vertex 5.521793 107.612293 8.000000
    endloop
  endfacet
  facet normal 0.000000 0.000000 1.000000
    outer loop
      vertex 3.968911 108.750000 8.000000
      vertex 3.766422 108.339392 8.000000
      vertex 5.521793 107.612293 8.000000
    endloop
  endfacet
  facet normal 0.000000 0.000000 1.000000
    outer loop
      vertex 3.968911 108.750000 8.000000
      vertex 5.521793 107.612293 8.000000
      vertex 5.614359 107.800000 8.000000
    endloop
  endfacet
  facet normal 0.000000 -0.000000 -1.000000
    outer loop
      vertex 3.968911 108.750000 2.000000
      vertex 5.521793 107.612293 2.000000
      vertex 3.766422 108.339392 2.000000
    endloop
  endfacet
  facet normal 0.000000 0.000000 -1.000000
    outer loop
      vertex 3.968911 108.750000 2.000000
      vertex 5.614359 107.800000 2.000000
      vertex 5.521793 107.612293 2.000000
    endloop
  endfacet
  facet normal -0.946930 0.321439 0.000000
    outer loop
      vertex 3.766422 108.339392 2.000000
      vertex 3.619260 107.905867 2.000000
      vertex 3.619260 107.905867 8.000000
    endloop
  endfacet
  facet normal -0.946930 0.321439 0.000000
    outer loop
      vertex 3.766422 108.339392 2.000000
      vertex 3.619260 107.905867 8.000000
      vertex 3.766422 108.339392 8.000000
    endloop
  endfacet
  facet normal 0.946930 -0.321439 0.000000
    outer loop
      vertex 5.521793 107.612293 2.000000
      vertex 5.454519 107.414110 8.000000
      vertex 5.454519 107.414110 2.000000
    endloop
  endfacet
  facet normal 0.946930 -0.321439 0.000000
    outer loop
      vertex 5.521793 107.612293 2.000000
      vertex 5.521793 107.612293 8.000000
      vertex 5.454519 107.414110 8.000000
    endloop
  endfacet
  facet normal 0.000000 0.000000 1.000000
    outer loop
      vertex 3.766422 108.339392 8.000000
      vertex 3.619260 107.905867 8.000000
      vertex 5.454519 107.414110 8.000000
    endloop
  endfacet
  facet normal 0.000000 0.000000 1.000000
    outer loop
      vertex 3.766422 108.339392 8.000000
      vertex 5.454519 107.414110 8.000000
      vertex 5.521793 107.612293 8.000000
    endloop
  endfacet
  facet normal 0.000000 -0.000000 -1.000000
    outer loop
      vertex 3.766422 108.339392 2.000000
      vertex 5.454519 107.414110 2.000000
      vertex 3.619260 107.905867 2.000000
    endloop
  endfacet
  facet normal 0.000000 0.000000 -1.000000
    outer loop
      vertex 3.766422 108.339392 2.000000
      vertex 5.521793 107.612293 2.000000
      vertex 5.454519 107.414110 2.000000
    endloop
  endfacet
  facet normal -0.980785 0.195090 0.000000
    outer loop
      vertex 3.619260 107.905867 2.000000
      vertex 3.529943 107.456842 2.000000
      vertex 3.529943 107.456842 8.000000
    endloop
  endfacet
  facet normal -0.980785 0.195090 0.000000
    outer loop
      vertex 3.619260 107.905867 2.000000
      vertex 3.529943 107.456842 8.000000
      vertex 3.619260 107.905867 8.000000
    endloop
  endfacet
  facet normal 0.980785 -0.195090 0.000000
    outer loop
      vertex 5.454519 107.414110 2.000000
      vertex 5.413688 107.208842 8.000000
      vertex 5.413688 107.208842 2.000000
    endloop
  endfacet
  facet normal 0.980785 -0.195090 0.000000
    outer loop
      vertex 5.454519 107.414110 2.000000
      vertex 5.454519 107.414110 8.000000
      vertex 5.413688 107.208842 8.000000
    endloop
  endfacet
  facet normal 0.000000 0.000000 1.000000
    outer loop
      vertex 3.619260 107.905867 8.000000
      vertex 3.529943 107.456842 8.000000
      vertex 5.413688 107.208842 8.000000
    endloop
  endfacet
  facet normal 0.000000 0.000000 1.000000
    outer loop
      vertex 3.619260 107.905867 8.000000
      vertex 5.413688 107.208842 8.000000
      vertex 5.454519 107.414110 8.000000
    endloop
  endfacet
  facet normal 0.000000 -0.000000 -1.000000
    outer loop
      vertex 3.619260 107.905867 2.000000
      vertex 5.413688 107.208842 2.000000
      vertex 3.529943 107.456842 2.000000
    endloop
  endfacet
  facet normal 0.000000 0.000000 -1.000000
    outer loop
      vertex 3.619260 107.905867 2.000000
      vertex 5.454519 107.414110 2.000000
      vertex 5.413688 107.208842 2.000000
    endloop
  endfacet
  facet normal -0.997859 0.065403 0.000000
    outer loop
      vertex 3.529943 107.456842 2.000000
      vertex 3.500000 107.000000 2.000000
      vertex 3.500000 107.000000 8.000000
    endloop
  endfacet
  facet normal -0.997859 0.065403 0.000000
    outer loop
      vertex 3.529943 107.456842 2.000000
      vertex 3.500000 107.000000 8.000000
      vertex 3.529943 107.456842 8.000000
    endloop
  endfacet
  facet normal 0.997859 -0.065403 0.000000
    outer loop
      vertex 5.413688 107.208842 2.000000
      vertex 5.400000 107.000000 8.000000
      vertex 5.400000 107.000000 2.000000
    endloop
  endfacet
  facet normal 0.997859 -0.065403 0.000000
    outer loop
      vertex 5.413688 107.208842 2.000000
      vertex 5.413688 107.208842 8.000000
      vertex 5.400000 107.000000 8.000000
    endloop
  endfacet
  facet normal 0.000000 0.000000 1.000000
    outer loop
      vertex 3.529943 107.456842 8.000000
      vertex 3.500000 107.000000 8.000000
      vertex 5.400000 107.000000 8.000000
    endloop
  endfacet
  facet normal 0.000000 0.000000 1.000000
    outer loop
      vertex 3.529943 107.456842 8.000000
      vertex 5.400000 107.000000 8.000000
      vertex 5.413688 107.208842 8.000000
    endloop
  endfacet
  facet normal 0.000000 -0.000000 -1.000000
    outer loop
      vertex 3.529943 107.456842 2.000000
      vertex 5.400000 107.000000 2.000000
      vertex 3.500000 107.000000 2.000000
    endloop
  endfacet
  facet normal 0.000000 0.000000 -1.000000
    outer loop
      vertex 3.529943 107.456842 2.000000
      vertex 5.413688 107.208842 2.000000
      vertex 5.400000 107.000000 2.000000
    endloop
  endfacet
  facet normal -0.997859 -0.065403 0.000000
    outer loop
      vertex 3.500000 107.000000 2.000000
      vertex 3.529943 106.543158 2.000000
      vertex 3.529943 106.543158 8.000000
    endloop
  endfacet
  facet normal -0.997859 -0.065403 0.000000
    outer loop
      vertex 3.500000 107.000000 2.000000
      vertex 3.529943 106.543158 8.000000
      vertex 3.500000 107.000000 8.000000
    endloop
  endfacet
  facet normal 0.997859 0.065403 0.000000
    outer loop
      vertex 5.400000 107.000000 2.000000
      vertex 5.413688 106.791158 8.000000
      vertex 5.413688 106.791158 2.000000
    endloop
  endfacet
  facet normal 0.997859 0.065403 -0.000000
    outer loop
      vertex 5.400000 107.000000 2.000000
      vertex 5.400000 107.000000 8.000000
      vertex 5.413688 106.791158 8.000000
    endloop
  endfacet
  facet normal 0.000000 0.000000 1.000000
    outer loop
      vertex 3.500000 107.000000 8.000000
      vertex 3.529943 106.543158 8.000000
      vertex 5.413688 106.791158 8.000000
    endloop
  endfacet
  facet normal -0.000000 0.000000 1.000000
    outer loop
      vertex 3.500000 107.000000 8.000000
      vertex 5.413688 106.791158 8.000000
      vertex 5.400000 107.000000 8.000000
    endloop
  endfacet
  facet normal 0.000000 0.000000 -1.000000
    outer loop
      vertex 3.500000 107.000000 2.000000
      vertex 5.413688 106.791158 2.000000
      vertex 3.529943 106.543158 2.000000
    endloop
  endfacet
  facet normal 0.000000 0.000000 -1.000000
    outer loop
      vertex 3.500000 107.000000 2.000000
      vertex 5.400000 107.000000 2.000000
      vertex 5.413688 106.791158 2.000000
    endloop
  endfacet
  facet normal -0.980785 -0.195090 0.000000
    outer loop
      vertex 3.529943 106.543158 2.000000
      vertex 3.619260 106.094133 2.000000
      vertex 3.619260 106.094133 8.000000
    endloop
  endfacet
  facet normal -0.980785 -0.195090 0.000000
    outer loop
      vertex 3.529943 106.543158 2.000000
      vertex 3.619260 106.094133 8.000000
      vertex 3.529943 106.543158 8.000000
    endloop
  endfacet
  facet normal 0.980785 0.195090 0.000000
    outer loop
      vertex 5.413688 106.791158 2.000000
      vertex 5.454519 106.585890 8.000000
      vertex 5.454519 106.585890 2.000000
    endloop
  endfacet
  facet normal 0.980785 0.195090 -0.000000
    outer loop
      vertex 5.413688 106.791158 2.000000
      vertex 5.413688 106.791158 8.000000
      vertex 5.454519 106.585890 8.000000
    endloop
  endfacet
  facet normal -0.000000 0.000000 1.000000
    outer loop
      vertex 3.529943 106.543158 8.000000
      vertex 3.619260 106.094133 8.000000
      vertex 5.454519 106.585890 8.000000
    endloop
  endfacet
  facet normal 0.000000 0.000000 1.000000
    outer loop
      vertex 3.529943 106.543158 8.000000
      vertex 5.454519 106.585890 8.000000
      vertex 5.413688 106.791158 8.000000
    endloop
  endfacet
  facet normal 0.000000 0.000000 -1.000000
    outer loop
      vertex 3.529943 106.543158 2.000000
      vertex 5.454519 106.585890 2.000000
      vertex 3.619260 106.094133 2.000000
    endloop
  endfacet
  facet normal 0.000000 0.000000 -1.000000
    outer loop
      vertex 3.529943 106.543158 2.000000
      vertex 5.413688 106.791158 2.000000
      vertex 5.454519 106.585890 2.000000
    endloop
  endfacet
  facet normal -0.946930 -0.321439 0.000000
    outer loop
      vertex 3.619260 106.094133 2.000000
      vertex 3.766422 105.660608 2.000000
      vertex 3.766422 105.660608 8.000000
    endloop
  endfacet
  facet normal -0.946930 -0.321439 0.000000
    outer loop
      vertex 3.619260 106.094133 2.000000
      vertex 3.766422 105.660608 8.000000
      vertex 3.619260 106.094133 8.000000
    endloop
  endfacet
  facet normal 0.946930 0.321439 0.000000
    outer loop
      vertex 5.454519 106.585890 2.000000
      vertex 5.521793 106.387707 8.000000
      vertex 5.521793 106.387707 2.000000
    endloop
  endfacet
  facet normal 0.946930 0.321439 -0.000000
    outer loop
      vertex 5.454519 106.585890 2.000000
      vertex 5.454519 106.585890 8.000000
      vertex 5.521793 106.387707 8.000000
    endloop
  endfacet
  facet normal -0.000000 0.000000 1.000000
    outer loop
      vertex 3.619260 106.094133 8.000000
      vertex 3.766422 105.660608 8.000000
      vertex 5.521793 106.387707 8.000000
    endloop
  endfacet
  facet normal 0.000000 0.000000 1.000000
    outer loop
      vertex 3.619260 106.094133 8.000000
      vertex 5.521793 106.387707 8.000000
      vertex 5.454519 106.585890 8.000000
    endloop
  endfacet
  facet normal 0.000000 0.000000 -1.000000
    outer loop
      vertex 3.619260 106.094133 2.000000
      vertex 5.521793 106.387707 2.000000
      vertex 3.766422 105.660608 2.000000
    endloop
  endfacet
  facet normal 0.000000 0.000000 -1.000000
    outer loop
      vertex 3.619260 106.094133 2.000000
      vertex 5.454519 106.585890 2.000000
      vertex 5.521793 106.387707 2.000000
    endloop
  endfacet
  facet normal -0.896873 -0.442289 0.000000
    outer loop
      vertex 3.766422 105.660608 2.000000
      vertex 3.968911 105.250000 2.000000
      vertex 3.968911 105.250000 8.000000
    endloop
  endfacet
  facet normal -0.896873 -0.442289 0.000000
    outer loop
      vertex 3.766422 105.660608 2.000000
      vertex 3.968911 105.250000 8.000000
      vertex 3.766422 105.660608 8.000000
    endloop
  endfacet
  facet normal 0.896873 0.442289 0.000000
    outer loop
      vertex 5.521793 106.387707 2.000000
      vertex 5.614359 106.200000 8.000000
      vertex 5.614359 106.200000 2.000000
    endloop
  endfacet
  facet normal 0.896873 0.442289 -0.000000
    outer loop
      vertex 5.521793 106.387707 2.000000
      vertex 5.521793 106.387707 8.000000
      vertex 5.614359 106.200000 8.000000
    endloop
  endfacet
  facet normal -0.000000 0.000000 1.000000
    outer loop
      vertex 3.766422 105.660608 8.000000
      vertex 3.968911 105.250000 8.000000
      vertex 5.614359 106.200000 8.000000
    endloop
  endfacet
  facet normal 0.000000 0.000000 1.000000
    outer loop
      vertex 3.766422 105.660608 8.000000
      vertex 5.614359 106.200000 8.000000
      vertex 5.521793 106.387707 8.000000
    endloop
  endfacet
  facet normal 0.000000 0.000000 -1.000000
    outer loop
      vertex 3.766422 105.660608 2.000000
      vertex 5.614359 106.200000 2.000000
      vertex 3.968911 105.250000 2.000000
    endloop
  endfacet
  facet normal 0.000000 0.000000 -1.000000
    outer loop
      vertex 3.766422 105.660608 2.000000
      vertex 5.521793 106.387707 2.000000
      vertex 5.614359 106.200000 2.000000
    endloop
  endfacet
  facet normal -0.831470 -0.555570 0.000000
    outer loop
      vertex 3.968911 105.250000 2.000000
      vertex 4.223263 104.869335 2.000000
      vertex 4.223263 104.869335 8.000000
    endloop
  endfacet
  facet normal -0.831470 -0.555570 0.000000
    outer loop
      vertex 3.968911 105.250000 2.000000
      vertex 4.223263 104.869335 8.000000
      vertex 3.968911 105.250000 8.000000
    endloop
  endfacet
  facet normal 0.831470 0.555570 0.000000
    outer loop
      vertex 5.614359 106.200000 2.000000
      vertex 5.730635 106.025982 8.000000
      vertex 5.730635 106.025982 2.000000
    endloop
  endfacet
  facet normal 0.831470 0.555570 -0.000000
    outer loop
      vertex 5.614359 106.200000 2.000000
      vertex 5.614359 106.200000 8.000000
      vertex 5.730635 106.025982 8.000000
    endloop
  endfacet
  facet normal -0.000000 0.000000 1.000000
    outer loop
      vertex 3.968911 105.250000 8.000000
      vertex 4.223263 104.869335 8.000000
      vertex 5.730635 106.025982 8.000000
    endloop
  endfacet
  facet normal 0.000000 0.000000 1.000000
    outer loop
      vertex 3.968911 105.250000 8.000000
      vertex 5.730635 106.025982 8.000000
      vertex 5.614359 106.200000 8.000000
    endloop
  endfacet
  facet normal 0.000000 0.000000 -1.000000
    outer loop
      vertex 3.968911 105.250000 2.000000
      vertex 5.730635 106.025982 2.000000
      vertex 4.223263 104.869335 2.000000
    endloop
  endfacet
  facet normal 0.000000 0.000000 -1.000000
    outer loop
      vertex 3.968911 105.250000 2.000000
      vertex 5.614359 106.200000 2.000000
      vertex 5.730635 106.025982 2.000000
    endloop
  endfacet
  facet normal -0.751840 -0.659346 0.000000
    outer loop
      vertex 4.223263 104.869335 2.000000
      vertex 4.525126 104.525126 2.000000
      vertex 4.525126 104.525126 8.000000
    endloop
  endfacet
  facet normal -0.751840 -0.659346 0.000000
    outer loop
      vertex 4.223263 104.869335 2.000000
      vertex 4.525126 104.525126 8.000000
      vertex 4.223263 104.869335 8.000000
    endloop
  endfacet
  facet normal 0.751840 0.659346 0.000000
    outer loop
      vertex 5.730635 106.025982 2.000000
      vertex 5.868629 105.868629 8.000000
      vertex 5.868629 105.868629 2.000000
    endloop
  endfacet
  facet normal 0.751840 0.659346 -0.000000
    outer loop
      vertex 5.730635 106.025982 2.000000
      vertex 5.730635 106.025982 8.000000
      vertex 5.868629 105.868629 8.000000
    endloop
  endfacet
  facet normal -0.000000 0.000000 1.000000
    outer loop
      vertex 4.223263 104.869335 8.000000
      vertex 4.525126 104.525126 8.000000
      vertex 5.868629 105.868629 8.000000
    endloop
  endfacet
  facet normal 0.000000 0.000000 1.000000
    outer loop
      vertex 4.223263 104.869335 8.000000
      vertex 5.868629 105.868629 8.000000
      vertex 5.730635 106.025982 8.000000
    endloop
  endfacet
  facet normal 0.000000 0.000000 -1.000000
    outer loop
      vertex 4.223263 104.869335 2.000000
      vertex 5.868629 105.868629 2.000000
      vertex 4.525126 104.525126 2.000000
    endloop
  endfacet
  facet normal 0.000000 0.000000 -1.000000
    outer loop
      vertex 4.223263 104.869335 2.000000
      vertex 5.730635 106.025982 2.000000
      vertex 5.868629 105.868629 2.000000
    endloop
  endfacet
  facet normal -0.659346 -0.751840 0.000000
    outer loop
      vertex 4.525126 104.525126 2.000000
      vertex 4.869335 104.223263 2.000000
      vertex 4.869335 104.223263 8.000000
    endloop
  endfacet
  facet normal -0.659346 -0.751840 0.000000
    outer loop
      vertex 4.525126 104.525126 2.000000
      vertex 4.869335 104.223263 8.000000
      vertex 4.525126 104.525126 8.000000
    endloop
  endfacet
  facet normal 0.659346 0.751840 0.000000
    outer loop
      vertex 5.868629 105.868629 2.000000
      vertex 6.025982 105.730635 8.000000
      vertex 6.025982 105.730635 2.000000
    endloop
  endfacet
  facet normal 0.659346 0.751840 -0.000000
    outer loop
      vertex 5.868629 105.868629 2.000000
      vertex 5.868629 105.868629 8.000000
      vertex 6.025982 105.730635 8.000000
    endloop
  endfacet
  facet normal -0.000000 0.000000 1.000000
    outer loop
      vertex 4.525126 104.525126 8.000000
      vertex 4.869335 104.223263 8.000000
      vertex 6.025982 105.730635 8.000000
    endloop
  endfacet
  facet normal 0.000000 0.000000 1.000000
    outer loop
      vertex 4.525126 104.525126 8.000000
      vertex 6.025982 105.730635 8.000000
      vertex 5.868629 105.868629 8.000000
    endloop
  endfacet
  facet normal 0.000000 0.000000 -1.000000
    outer loop
      vertex 4.525126 104.525126 2.000000
      vertex 6.025982 105.730635 2.000000
      vertex 4.869335 104.223263 2.000000
    endloop
  endfacet
  facet normal 0.000000 0.000000 -1.000000
    outer loop
      vertex 4.525126 104.525126 2.000000
      vertex 5.868629 105.868629 2.000000
      vertex 6.025982 105.730635 2.000000
    endloop
  endfacet
  facet normal -0.555570 -0.831470 0.000000
    outer loop
      vertex 4.869335 104.223263 2.000000
      vertex 5.250000 103.968911 2.000000
      vertex 5.250000 103.968911 8.000000
    endloop
  endfacet
  facet normal -0.555570 -0.831470 0.000000
    outer loop
      vertex 4.869335 104.223263 2.000000
      vertex 5.250000 103.968911 8.000000
      vertex 4.869335 104.223263 8.000000
    endloop
  endfacet
  facet normal 0.555570 0.831470 0.000000
    outer loop
      vertex 6.025982 105.730635 2.000000
      vertex 6.200000 105.614359 8.000000
      vertex 6.200000 105.614359 2.000000
    endloop
  endfacet
  facet normal 0.555570 0.831470 -0.000000
    outer loop
      vertex 6.025982 105.730635 2.000000
      vertex 6.025982 105.730635 8.000000
      vertex 6.200000 105.614359 8.000000
    endloop
  endfacet
  facet normal -0.000000 0.000000 1.000000
    outer loop
      vertex 4.869335 104.223263 8.000000
      vertex 5.250000 103.968911 8.000000
      vertex 6.200000 105.614359 8.000000
    endloop
  endfacet
  facet normal 0.000000 0.000000 1.000000
    outer loop
      vertex 4.869335 104.223263 8.000000
      vertex 6.200000 105.614359 8.000000
      vertex 6.025982 105.730635 8.000000
    endloop
  endfacet
  facet normal 0.000000 0.000000 -1.000000
    outer loop
      vertex 4.869335 104.223263 2.000000
      vertex 6.200000 105.614359 2.000000
      vertex 5.250000 103.968911 2.000000
    endloop
  endfacet
  facet normal 0.000000 0.000000 -1.000000
    outer loop
      vertex 4.869335 104.223263 2.000000
      vertex 6.025982 105.730635 2.000000
      vertex 6.200000 105.614359 2.000000
    endloop
  endfacet
  facet normal -0.442289 -0.896873 0.000000
    outer loop
      vertex 5.250000 103.968911 2.000000
      vertex 5.660608 103.766422 2.000000
      vertex 5.660608 103.766422 8.000000
    endloop
  endfacet
  facet normal -0.442289 -0.896873 0.000000
    outer loop
      vertex 5.250000 103.968911 2.000000
      vertex 5.660608 103.766422 8.000000
      vertex 5.250000 103.968911 8.000000
    endloop
  endfacet
  facet normal 0.442289 0.896873 0.000000
    outer loop
      vertex 6.200000 105.614359 2.000000
      vertex 6.387707 105.521793 8.000000
      vertex 6.387707 105.521793 2.000000
    endloop
  endfacet
  facet normal 0.442289 0.896873 -0.000000
    outer loop
      vertex 6.200000 105.614359 2.000000
      vertex 6.200000 105.614359 8.000000
      vertex 6.387707 105.521793 8.000000
    endloop
  endfacet
  facet normal -0.000000 0.000000 1.000000
    outer loop
      vertex 5.250000 103.968911 8.000000
      vertex 5.660608 103.766422 8.000000
      vertex 6.387707 105.521793 8.000000
    endloop
  endfacet
  facet normal 0.000000 0.000000 1.000000
    outer loop
      vertex 5.250000 103.968911 8.000000
      vertex 6.387707 105.521793 8.000000
      vertex 6.200000 105.614359 8.000000
    endloop
  endfacet
  facet normal 0.000000 0.000000 -1.000000
    outer loop
      vertex 5.250000 103.968911 2.000000
      vertex 6.387707 105.521793 2.000000
      vertex 5.660608 103.766422 2.000000
    endloop
  endfacet
  facet normal 0.000000 0.000000 -1.000000
    outer loop
      vertex 5.250000 103.968911 2.000000
      vertex 6.200000 105.614359 2.000000
      vertex 6.387707 105.521793 2.000000
    endloop
  endfacet
  facet normal -0.321439 -0.946930 0.000000
    outer loop
      vertex 5.660608 103.766422 2.000000
      vertex 6.094133 103.619260 2.000000
      vertex 6.094133 103.619260 8.000000
    endloop
  endfacet
  facet normal -0.321439 -0.946930 0.000000
    outer loop
      vertex 5.660608 103.766422 2.000000
      vertex 6.094133 103.619260 8.000000
      vertex 5.660608 103.766422 8.000000
    endloop
  endfacet
  facet normal 0.321439 0.946930 0.000000
    outer loop
      vertex 6.387707 105.521793 2.000000
      vertex 6.585890 105.454519 8.000000
      vertex 6.585890 105.454519 2.000000
    endloop
  endfacet
  facet normal 0.321439 0.946930 -0.000000
    outer loop
      vertex 6.387707 105.521793 2.000000
      vertex 6.387707 105.521793 8.000000
      vertex 6.585890 105.454519 8.000000
    endloop
  endfacet
  facet normal -0.000000 0.000000 1.000000
    outer loop
      vertex 5.660608 103.766422 8.000000
      vertex 6.094133 103.619260 8.000000
      vertex 6.585890 105.454519 8.000000
    endloop
  endfacet
  facet normal 0.000000 0.000000 1.000000
    outer loop
      vertex 5.660608 103.766422 8.000000
      vertex 6.585890 105.454519 8.000000
      vertex 6.387707 105.521793 8.000000
    endloop
  endfacet
  facet normal 0.000000 0.000000 -1.000000
    outer loop
      vertex 5.660608 103.766422 2.000000
      vertex 6.585890 105.454519 2.000000
      vertex 6.094133 103.619260 2.000000
    endloop
  endfacet
  facet normal 0.000000 0.000000 -1.000000
    outer loop
      vertex 5.660608 103.766422 2.000000
      vertex 6.387707 105.521793 2.000000
      vertex 6.585890 105.454519 2.000000
    endloop
  endfacet
  facet normal -0.195090 -0.980785 0.000000
    outer loop
      vertex 6.094133 103.619260 2.000000
      vertex 6.543158 103.529943 2.000000
      vertex 6.543158 103.529943 8.000000
    endloop
  endfacet
  facet normal -0.195090 -0.980785 0.000000
    outer loop
      vertex 6.094133 103.619260 2.000000
      vertex 6.543158 103.529943 8.000000
      vertex 6.094133 103.619260 8.000000
    endloop
  endfacet
  facet normal 0.195090 0.980785 0.000000
    outer loop
      vertex 6.585890 105.454519 2.000000
      vertex 6.791158 105.413688 8.000000
      vertex 6.791158 105.413688 2.000000
    endloop
  endfacet
  facet normal 0.195090 0.980785 -0.000000
    outer loop
      vertex 6.585890 105.454519 2.000000
      vertex 6.585890 105.454519 8.000000
      vertex 6.791158 105.413688 8.000000
    endloop
  endfacet
  facet normal -0.000000 0.000000 1.000000
    outer loop
      vertex 6.094133 103.619260 8.000000
      vertex 6.543158 103.529943 8.000000
      vertex 6.791158 105.413688 8.000000
    endloop
  endfacet
  facet normal 0.000000 0.000000 1.000000
    outer loop
      vertex 6.094133 103.619260 8.000000
      vertex 6.791158 105.413688 8.000000
      vertex 6.585890 105.454519 8.000000
    endloop
  endfacet
  facet normal 0.000000 0.000000 -1.000000
    outer loop
      vertex 6.094133 103.619260 2.000000
      vertex 6.791158 105.413688 2.000000
      vertex 6.543158 103.529943 2.000000
    endloop
  endfacet
  facet normal 0.000000 0.000000 -1.000000
    outer loop
      vertex 6.094133 103.619260 2.000000
      vertex 6.585890 105.454519 2.000000
      vertex 6.791158 105.413688 2.000000
    endloop
  endfacet
  facet normal -0.065403 -0.997859 0.000000
    outer loop
      vertex 6.543158 103.529943 2.000000
      vertex 7.000000 103.500000 2.000000
      vertex 7.000000 103.500000 8.000000
    endloop
  endfacet
  facet normal -0.065403 -0.997859 0.000000
    outer loop
      vertex 6.543158 103.529943 2.000000
      vertex 7.000000 103.500000 8.000000
      vertex 6.543158 103.529943 8.000000
    endloop
  endfacet
  facet normal 0.065403 0.997859 0.000000
    outer loop
      vertex 6.791158 105.413688 2.000000
      vertex 7.000000 105.400000 8.000000
      vertex 7.000000 105.400000 2.000000
    endloop
  endfacet
  facet normal 0.065403 0.997859 -0.000000
    outer loop
      vertex 6.791158 105.413688 2.000000
      vertex 6.791158 105.413688 8.000000
      vertex 7.000000 105.400000 8.000000
    endloop
  endfacet
  facet normal -0.000000 0.000000 1.000000
    outer loop
      vertex 6.543158 103.529943 8.000000
      vertex 7.000000 103.500000 8.000000
      vertex 7.000000 105.400000 8.000000
    endloop
  endfacet
  facet normal 0.000000 0.000000 1.000000
    outer loop
      vertex 6.543158 103.529943 8.000000
      vertex 7.000000 105.400000 8.000000
      vertex 6.791158 105.413688 8.000000
    endloop
  endfacet
  facet normal 0.000000 0.000000 -1.000000
    outer loop
      vertex 6.543158 103.529943 2.000000
      vertex 7.000000 105.400000 2.000000
      vertex 7.000000 103.500000 2.000000
    endloop
  endfacet
  facet normal 0.000000 0.000000 -1.000000
    outer loop
      vertex 6.543158 103.529943 2.000000
      vertex 6.791158 105.413688 2.000000
      vertex 7.000000 105.400000 2.000000
    endloop
  endfacet
  facet normal 0.065403 -0.997859 0.000000
    outer loop
      vertex 7.000000 103.500000 2.000000
      vertex 7.456842 103.529943 2.000000
      vertex 7.456842 103.529943 8.000000
    endloop
  endfacet
  facet normal 0.065403 -0.997859 0.000000
    outer loop
      vertex 7.000000 103.500000 2.000000
      vertex 7.456842 103.529943 8.000000
      vertex 7.000000 103.500000 8.000000
    endloop
  endfacet
  facet normal -0.065403 0.997859 0.000000
    outer loop
      vertex 7.000000 105.400000 2.000000
      vertex 7.208842 105.413688 8.000000
      vertex 7.208842 105.413688 2.000000
    endloop
  endfacet
  facet normal -0.065403 0.997859 0.000000
    outer loop
      vertex 7.000000 105.400000 2.000000
      vertex 7.000000 105.400000 8.000000
      vertex 7.208842 105.413688 8.000000
    endloop
  endfacet
  facet normal 0.000000 0.000000 1.000000
    outer loop
      vertex 7.000000 103.500000 8.000000
      vertex 7.456842 103.529943 8.000000
      vertex 7.208842 105.413688 8.000000
    endloop
  endfacet
  facet normal 0.000000 0.000000 1.000000
    outer loop
      vertex 7.000000 103.500000 8.000000
      vertex 7.208842 105.413688 8.000000
      vertex 7.000000 105.400000 8.000000
    endloop
  endfacet
  facet normal 0.000000 0.000000 -1.000000
    outer loop
      vertex 7.000000 103.500000 2.000000
      vertex 7.208842 105.413688 2.000000
      vertex 7.456842 103.529943 2.000000
    endloop
  endfacet
  facet normal 0.000000 0.000000 -1.000000
    outer loop
      vertex 7.000000 103.500000 2.000000
      vertex 7.000000 105.400000 2.000000
      vertex 7.208842 105.413688 2.000000
    endloop
  endfacet
  facet normal 0.195090 -0.980785 0.000000
    outer loop
      vertex 7.456842 103.529943 2.000000
      vertex 7.905867 103.619260 2.000000
      vertex 7.905867 103.619260 8.000000
    endloop
  endfacet
  facet normal 0.195090 -0.980785 0.000000
    outer loop
      vertex 7.456842 103.529943 2.000000
      vertex 7.905867 103.619260 8.000000
      vertex 7.456842 103.529943 8.000000
    endloop
  endfacet
  facet normal -0.195090 0.980785 0.000000
    outer loop
      vertex 7.208842 105.413688 2.000000
      vertex 7.414110 105.454519 8.000000
      vertex 7.414110 105.454519 2.000000
    endloop
  endfacet
  facet normal -0.195090 0.980785 0.000000
    outer loop
      vertex 7.208842 105.413688 2.000000
      vertex 7.208842 105.413688 8.000000
      vertex 7.414110 105.454519 8.000000
    endloop
  endfacet
  facet normal 0.000000 -0.000000 1.000000
    outer loop
      vertex 7.456842 103.529943 8.000000
      vertex 7.905867 103.619260 8.000000
      vertex 7.414110 105.454519 8.000000
    endloop
  endfacet
  facet normal 0.000000 0.000000 1.000000
    outer loop
      vertex 7.456842 103.529943 8.000000
      vertex 7.414110 105.454519 8.000000
      vertex 7.208842 105.413688 8.000000
    endloop
  endfacet
  facet normal 0.000000 0.000000 -1.000000
    outer loop
      vertex 7.456842 103.529943 2.000000
      vertex 7.414110 105.454519 2.000000
      vertex 7.905867 103.619260 2.000000
    endloop
  endfacet
  facet normal 0.000000 0.000000 -1.000000
    outer loop
      vertex 7.456842 103.529943 2.000000
      vertex 7.208842 105.413688 2.000000
      vertex 7.414110 105.454519 2.000000
    endloop
  endfacet
  facet normal 0.321439 -0.946930 0.000000
    outer loop
      vertex 7.905867 103.619260 2.000000
      vertex 8.339392 103.766422 2.000000
      vertex 8.339392 103.766422 8.000000
    endloop
  endfacet
  facet normal 0.321439 -0.946930 0.000000
    outer loop
      vertex 7.905867 103.619260 2.000000
      vertex 8.339392 103.766422 8.000000
      vertex 7.905867 103.619260 8.000000
    endloop
  endfacet
  facet normal -0.321439 0.946930 0.000000
    outer loop
      vertex 7.414110 105.454519 2.000000
      vertex 7.612293 105.521793 8.000000
      vertex 7.612293 105.521793 2.000000
    endloop
  endfacet
  facet normal -0.321439 0.946930 0.000000
    outer loop
      vertex 7.414110 105.454519 2.000000
      vertex 7.414110 105.454519 8.000000
      vertex 7.612293 105.521793 8.000000
    endloop
  endfacet
  facet normal 0.000000 -0.000000 1.000000
    outer loop
      vertex 7.905867 103.619260 8.000000
      vertex 8.339392 103.766422 8.000000
      vertex 7.612293 105.521793 8.000000
    endloop
  endfacet
  facet normal 0.000000 0.000000 1.000000
    outer loop
      vertex 7.905867 103.619260 8.000000
      vertex 7.612293 105.521793 8.000000
      vertex 7.414110 105.454519 8.000000
    endloop
  endfacet
  facet normal 0.000000 0.000000 -1.000000
    outer loop
      vertex 7.905867 103.619260 2.000000
      vertex 7.612293 105.521793 2.000000
      vertex 8.339392 103.766422 2.000000
    endloop
  endfacet
  facet normal 0.000000 0.000000 -1.000000
    outer loop
      vertex 7.905867 103.619260 2.000000
      vertex 7.414110 105.454519 2.000000
      vertex 7.612293 105.521793 2.000000
    endloop
  endfacet
  facet normal 0.442289 -0.896873 0.000000
    outer loop
      vertex 8.339392 103.766422 2.000000
      vertex 8.750000 103.968911 2.000000
      vertex 8.750000 103.968911 8.000000
    endloop
  endfacet
  facet normal 0.442289 -0.896873 0.000000
    outer loop
      vertex 8.339392 103.766422 2.000000
      vertex 8.750000 103.968911 8.000000
      vertex 8.339392 103.766422 8.000000
    endloop
  endfacet
  facet normal -0.442289 0.896873 0.000000
    outer loop
      vertex 7.612293 105.521793 2.000000
      vertex 7.800000 105.614359 8.000000
      vertex 7.800000 105.614359 2.000000
    endloop
  endfacet
  facet normal -0.442289 0.896873 0.000000
    outer loop
      vertex 7.612293 105.521793 2.000000
      vertex 7.612293 105.521793 8.000000
      vertex 7.800000 105.614359 8.000000
    endloop
  endfacet
  facet normal 0.000000 -0.000000 1.000000
    outer loop
      vertex 8.339392 103.766422 8.000000
      vertex 8.750000 103.968911 8.000000
      vertex 7.800000 105.614359 8.000000
    endloop
  endfacet
  facet normal 0.000000 0.000000 1.000000
    outer loop
      vertex 8.339392 103.766422 8.000000
      vertex 7.800000 105.614359 8.000000
      vertex 7.612293 105.521793 8.000000
    endloop
  endfacet
  facet normal 0.000000 0.000000 -1.000000
    outer loop
      vertex 8.339392 103.766422 2.000000
      vertex 7.800000 105.614359 2.000000
      vertex 8.750000 103.968911 2.000000
    endloop
  endfacet
  facet normal 0.000000 0.000000 -1.000000
    outer loop
      vertex 8.339392 103.766422 2.000000
      vertex 7.612293 105.521793 2.000000
      vertex 7.800000 105.614359 2.000000
    endloop
  endfacet
  facet normal 0.555570 -0.831470 0.000000
    outer loop
      vertex 8.750000 103.968911 2.000000
      vertex 9.130665 104.223263 2.000000
      vertex 9.130665 104.223263 8.000000
    endloop
  endfacet
  facet normal 0.555570 -0.831470 0.000000
    outer loop
      vertex 8.750000 103.968911 2.000000
      vertex 9.130665 104.223263 8.000000
      vertex 8.750000 103.968911 8.000000
    endloop
  endfacet
  facet normal -0.555570 0.831470 0.000000
    outer loop
      vertex 7.800000 105.614359 2.000000
      vertex 7.974018 105.730635 8.000000
      vertex 7.974018 105.730635 2.000000
    endloop
  endfacet
  facet normal -0.555570 0.831470 0.000000
    outer loop
      vertex 7.800000 105.614359 2.000000
      vertex 7.800000 105.614359 8.000000
      vertex 7.974018 105.730635 8.000000
    endloop
  endfacet
  facet normal 0.000000 -0.000000 1.000000
    outer loop
      vertex 8.750000 103.968911 8.000000
      vertex 9.130665 104.223263 8.000000
      vertex 7.974018 105.730635 8.000000
    endloop
  endfacet
  facet normal 0.000000 0.000000 1.000000
    outer loop
      vertex 8.750000 103.968911 8.000000
      vertex 7.974018 105.730635 8.000000
      vertex 7.800000 105.614359 8.000000
    endloop
  endfacet
  facet normal 0.000000 0.000000 -1.000000
    outer loop
      vertex 8.750000 103.968911 2.000000
      vertex 7.974018 105.730635 2.000000
      vertex 9.130665 104.223263 2.000000
    endloop
  endfacet
  facet normal 0.000000 0.000000 -1.000000
    outer loop
      vertex 8.750000 103.968911 2.000000
      vertex 7.800000 105.614359 2.000000
      vertex 7.974018 105.730635 2.000000
    endloop
  endfacet
  facet normal 0.659346 -0.751840 0.000000
    outer loop
      vertex 9.130665 104.223263 2.000000
      vertex 9.474874 104.525126 2.000000
      vertex 9.474874 104.525126 8.000000
    endloop
  endfacet
  facet normal 0.659346 -0.751840 0.000000
    outer loop
      vertex 9.130665 104.223263 2.000000
      vertex 9.474874 104.525126 8.000000
      vertex 9.130665 104.223263 8.000000
    endloop
  endfacet
  facet normal -0.659346 0.751840 0.000000
    outer loop
      vertex 7.974018 105.730635 2.000000
      vertex 8.131371 105.868629 8.000000
      vertex 8.131371 105.868629 2.000000
    endloop
  endfacet
  facet normal -0.659346 0.751840 0.000000
    outer loop
      vertex 7.974018 105.730635 2.000000
      vertex 7.974018 105.730635 8.000000
      vertex 8.131371 105.868629 8.000000
    endloop
  endfacet
  facet normal 0.000000 -0.000000 1.000000
    outer loop
      vertex 9.130665 104.223263 8.000000
      vertex 9.474874 104.525126 8.000000
      vertex 8.131371 105.868629 8.000000
    endloop
  endfacet
  facet normal 0.000000 0.000000 1.000000
    outer loop
      vertex 9.130665 104.223263 8.000000
      vertex 8.131371 105.868629 8.000000
      vertex 7.974018 105.730635 8.000000
    endloop
  endfacet
  facet normal 0.000000 0.000000 -1.000000
    outer loop
      vertex 9.130665 104.223263 2.000000
      vertex 8.131371 105.868629 2.000000
      vertex 9.474874 104.525126 2.000000
    endloop
  endfacet
  facet normal 0.000000 0.000000 -1.000000
    outer loop
      vertex 9.130665 104.223263 2.000000
      vertex 7.974018 105.730635 2.000000
      vertex 8.131371 105.868629 2.000000
    endloop
  endfacet
  facet normal 0.751840 -0.659346 0.000000
    outer loop
      vertex 9.474874 104.525126 2.000000
      vertex 9.776737 104.869335 2.000000
      vertex 9.776737 104.869335 8.000000
    endloop
  endfacet
  facet normal 0.751840 -0.659346 0.000000
    outer loop
      vertex 9.474874 104.525126 2.000000
      vertex 9.776737 104.869335 8.000000
      vertex 9.474874 104.525126 8.000000
    endloop
  endfacet
  facet normal -0.751840 0.659346 0.000000
    outer loop
      vertex 8.131371 105.868629 2.000000
      vertex 8.269365 106.025982 8.000000
      vertex 8.269365 106.025982 2.000000
    endloop
  endfacet
  facet normal -0.751840 0.659346 0.000000
    outer loop
      vertex 8.131371 105.868629 2.000000
      vertex 8.131371 105.868629 8.000000
      vertex 8.269365 106.025982 8.000000
    endloop
  endfacet
  facet normal 0.000000 -0.000000 1.000000
    outer loop
      vertex 9.474874 104.525126 8.000000
      vertex 9.776737 104.869335 8.000000
      vertex 8.269365 106.025982 8.000000
    endloop
  endfacet
  facet normal 0.000000 0.000000 1.000000
    outer loop
      vertex 9.474874 104.525126 8.000000
      vertex 8.269365 106.025982 8.000000
      vertex 8.131371 105.868629 8.000000
    endloop
  endfacet
  facet normal 0.000000 0.000000 -1.000000
    outer loop
      vertex 9.474874 104.525126 2.000000
      vertex 8.269365 106.025982 2.000000
      vertex 9.776737 104.869335 2.000000
    endloop
  endfacet
  facet normal 0.000000 0.000000 -1.000000
    outer loop
      vertex 9.474874 104.525126 2.000000
      vertex 8.131371 105.868629 2.000000
      vertex 8.269365 106.025982 2.000000
    endloop
  endfacet
  facet normal 0.831470 -0.555570 0.000000
    outer loop
      vertex 9.776737 104.869335 2.000000
      vertex 10.031089 105.250000 2.000000
      vertex 10.031089 105.250000 8.000000
    endloop
  endfacet
  facet normal 0.831470 -0.555570 0.000000
    outer loop
      vertex 9.776737 104.869335 2.000000
      vertex 10.031089 105.250000 8.000000
      vertex 9.776737 104.869335 8.000000
    endloop
  endfacet
  facet normal -0.831470 0.555570 0.000000
    outer loop
      vertex 8.269365 106.025982 2.000000
      vertex 8.385641 106.200000 8.000000
      vertex 8.385641 106.200000 2.000000
    endloop
  endfacet
  facet normal -0.831470 0.555570 0.000000
    outer loop
      vertex 8.269365 106.025982 2.000000
      vertex 8.269365 106.025982 8.000000
      vertex 8.385641 106.200000 8.000000
    endloop
  endfacet
  facet normal 0.000000 -0.000000 1.000000
    outer loop
      vertex 9.776737 104.869335 8.000000
      vertex 10.031089 105.250000 8.000000
      vertex 8.385641 106.200000 8.000000
    endloop
  endfacet
  facet normal 0.000000 0.000000 1.000000
    outer loop
      vertex 9.776737 104.869335 8.000000
      vertex 8.385641 106.200000 8.000000
      vertex 8.269365 106.025982 8.000000
    endloop
  endfacet
  facet normal 0.000000 0.000000 -1.000000
    outer loop
      vertex 9.776737 104.869335 2.000000
      vertex 8.385641 106.200000 2.000000
      vertex 10.031089 105.250000 2.000000
    endloop
  endfacet
  facet normal 0.000000 0.000000 -1.000000
    outer loop
      vertex 9.776737 104.869335 2.000000
      vertex 8.269365 106.025982 2.000000
      vertex 8.385641 106.200000 2.000000
    endloop
  endfacet
  facet normal 0.896873 -0.442289 0.000000
    outer loop
      vertex 10.031089 105.250000 2.000000
      vertex 10.233578 105.660608 2.000000
      vertex 10.233578 105.660608 8.000000
    endloop
  endfacet
  facet normal 0.896873 -0.442289 0.000000
    outer loop
      vertex 10.031089 105.250000 2.000000
      vertex 10.233578 105.660608 8.000000
      vertex 10.031089 105.250000 8.000000
    endloop
  endfacet
  facet normal -0.896873 0.442289 0.000000
    outer loop
      vertex 8.385641 106.200000 2.000000
      vertex 8.478207 106.387707 8.000000
      vertex 8.478207 106.387707 2.000000
    endloop
  endfacet
  facet normal -0.896873 0.442289 0.000000
    outer loop
      vertex 8.385641 106.200000 2.000000
      vertex 8.385641 106.200000 8.000000
      vertex 8.478207 106.387707 8.000000
    endloop
  endfacet
  facet normal 0.000000 -0.000000 1.000000
    outer loop
      vertex 10.031089 105.250000 8.000000
      vertex 10.233578 105.660608 8.000000
      vertex 8.478207 106.387707 8.000000
    endloop
  endfacet
  facet normal 0.000000 0.000000 1.000000
    outer loop
      vertex 10.031089 105.250000 8.000000
      vertex 8.478207 106.387707 8.000000
      vertex 8.385641 106.200000 8.000000
    endloop
  endfacet
  facet normal 0.000000 0.000000 -1.000000
    outer loop
      vertex 10.031089 105.250000 2.000000
      vertex 8.478207 106.387707 2.000000
      vertex 10.233578 105.660608 2.000000
    endloop
  endfacet
  facet normal 0.000000 0.000000 -1.000000
    outer loop
      vertex 10.031089 105.250000 2.000000
      vertex 8.385641 106.200000 2.000000
      vertex 8.478207 106.387707 2.000000
    endloop
  endfacet
  facet normal 0.946930 -0.321439 0.000000
    outer loop
      vertex 10.233578 105.660608 2.000000
      vertex 10.380740 106.094133 2.000000
      vertex 10.380740 106.094133 8.000000
    endloop
  endfacet
  facet normal 0.946930 -0.321439 0.000000
    outer loop
      vertex 10.233578 105.660608 2.000000
      vertex 10.380740 106.094133 8.000000
      vertex 10.233578 105.660608 8.000000
    endloop
  endfacet
  facet normal -0.946930 0.321439 0.000000
    outer loop
      vertex 8.478207 106.387707 2.000000
      vertex 8.545481 106.585890 8.000000
      vertex 8.545481 106.585890 2.000000
    endloop
  endfacet
  facet normal -0.946930 0.321439 0.000000
    outer loop
      vertex 8.478207 106.387707 2.000000
      vertex 8.478207 106.387707 8.000000
      vertex 8.545481 106.585890 8.000000
    endloop
  endfacet
  facet normal 0.000000 -0.000000 1.000000
    outer loop
      vertex 10.233578 105.660608 8.000000
      vertex 10.380740 106.094133 8.000000
      vertex 8.545481 106.585890 8.000000
    endloop
  endfacet
  facet normal 0.000000 0.000000 1.000000
    outer loop
      vertex 10.233578 105.660608 8.000000
      vertex 8.545481 106.585890 8.000000
      vertex 8.478207 106.387707 8.000000
    endloop
  endfacet
  facet normal 0.000000 0.000000 -1.000000
    outer loop
      vertex 10.233578 105.660608 2.000000
      vertex 8.545481 106.585890 2.000000
      vertex 10.380740 106.094133 2.000000
    endloop
  endfacet
  facet normal 0.000000 0.000000 -1.000000
    outer loop
      vertex 10.233578 105.660608 2.000000
      vertex 8.478207 106.387707 2.000000
      vertex 8.545481 106.585890 2.000000
    endloop
  endfacet
  facet normal 0.980785 -0.195090 0.000000
    outer loop
      vertex 10.380740 106.094133 2.000000
      vertex 10.470057 106.543158 2.000000
      vertex 10.470057 106.543158 8.000000
    endloop
  endfacet
  facet normal 0.980785 -0.195090 0.000000
    outer loop
      vertex 10.380740 106.094133 2.000000
      vertex 10.470057 106.543158 8.000000
      vertex 10.380740 106.094133 8.000000
    endloop
  endfacet
  facet normal -0.980785 0.195090 0.000000
    outer loop
      vertex 8.545481 106.585890 2.000000
      vertex 8.586312 106.791158 8.000000
      vertex 8.586312 106.791158 2.000000
    endloop
  endfacet
  facet normal -0.980785 0.195090 0.000000
    outer loop
      vertex 8.545481 106.585890 2.000000
      vertex 8.545481 106.585890 8.000000
      vertex 8.586312 106.791158 8.000000
    endloop
  endfacet
  facet normal 0.000000 -0.000000 1.000000
    outer loop
      vertex 10.380740 106.094133 8.000000
      vertex 10.470057 106.543158 8.000000
      vertex 8.586312 106.791158 8.000000
    endloop
  endfacet
  facet normal 0.000000 0.000000 1.000000
    outer loop
      vertex 10.380740 106.094133 8.000000
      vertex 8.586312 106.791158 8.000000
      vertex 8.545481 106.585890 8.000000
    endloop
  endfacet
  facet normal 0.000000 0.000000 -1.000000
    outer loop
      vertex 10.380740 106.094133 2.000000
      vertex 8.586312 106.791158 2.000000
      vertex 10.470057 106.543158 2.000000
    endloop
  endfacet
  facet normal 0.000000 0.000000 -1.000000
    outer loop
      vertex 10.380740 106.094133 2.000000
      vertex 8.545481 106.585890 2.000000
      vertex 8.586312 106.791158 2.000000
    endloop
  endfacet
  facet normal 0.997859 -0.065403 0.000000
    outer loop
      vertex 10.470057 106.543158 2.000000
      vertex 10.500000 107.000000 2.000000
      vertex 10.500000 107.000000 8.000000
    endloop
  endfacet
  facet normal 0.997859 -0.065403 0.000000
    outer loop
      vertex 10.470057 106.543158 2.000000
      vertex 10.500000 107.000000 8.000000
      vertex 10.470057 106.543158 8.000000
    endloop
  endfacet
  facet normal -0.997859 0.065403 0.000000
    outer loop
      vertex 8.586312 106.791158 2.000000
      vertex 8.600000 107.000000 8.000000
      vertex 8.600000 107.000000 2.000000
    endloop
  endfacet
  facet normal -0.997859 0.065403 0.000000
    outer loop
      vertex 8.586312 106.791158 2.000000
      vertex 8.586312 106.791158 8.000000
      vertex 8.600000 107.000000 8.000000
    endloop
  endfacet
  facet normal 0.000000 -0.000000 1.000000
    outer loop
      vertex 10.470057 106.543158 8.000000
      vertex 10.500000 107.000000 8.000000
      vertex 8.600000 107.000000 8.000000
    endloop
  endfacet
  facet normal 0.000000 0.000000 1.000000
    outer loop
      vertex 10.470057 106.543158 8.000000
      vertex 8.600000 107.000000 8.000000
      vertex 8.586312 106.791158 8.000000
    endloop
  endfacet
  facet normal 0.000000 0.000000 -1.000000
    outer loop
      vertex 10.470057 106.543158 2.000000
      vertex 8.600000 107.000000 2.000000
      vertex 10.500000 107.000000 2.000000
    endloop
  endfacet
  facet normal 0.000000 0.000000 -1.000000
    outer loop
      vertex 10.470057 106.543158 2.000000
      vertex 8.586312 106.791158 2.000000
      vertex 8.600000 107.000000 2.000000
    endloop
  endfacet
  facet normal 0.997859 0.065403 0.000000
    outer loop
      vertex 54.500000 107.000000 2.000000
      vertex 54.470057 107.456842 2.000000
      vertex 54.470057 107.456842 8.000000
    endloop
  endfacet
  facet normal 0.997859 0.065403 -0.000000
    outer loop
      vertex 54.500000 107.000000 2.000000
      vertex 54.470057 107.456842 8.000000
      vertex 54.500000 107.000000 8.000000
    endloop
  endfacet
  facet normal -0.997859 -0.065403 0.000000
    outer loop
      vertex 52.600000 107.000000 2.000000
      vertex 52.586312 107.208842 8.000000
      vertex 52.586312 107.208842 2.000000
    endloop
  endfacet
  facet normal -0.997859 -0.065403 0.000000
    outer loop
      vertex 52.600000 107.000000 2.000000
      vertex 52.600000 107.000000 8.000000
      vertex 52.586312 107.208842 8.000000
    endloop
  endfacet
  facet normal 0.000000 0.000000 1.000000
    outer loop
      vertex 54.500000 107.000000 8.000000
      vertex 54.470057 107.456842 8.000000
      vertex 52.586312 107.208842 8.000000
    endloop
  endfacet
  facet normal 0.000000 0.000000 1.000000
    outer loop
      vertex 54.500000 107.000000 8.000000
      vertex 52.586312 107.208842 8.000000
      vertex 52.600000 107.000000 8.000000
    endloop
  endfacet
  facet normal 0.000000 0.000000 -1.000000
    outer loop
      vertex 54.500000 107.000000 2.000000
      vertex 52.586312 107.208842 2.000000
      vertex 54.470057 107.456842 2.000000
    endloop
  endfacet
  facet normal 0.000000 0.000000 -1.000000
    outer loop
      vertex 54.500000 107.000000 2.000000
      vertex 52.600000 107.000000 2.000000
      vertex 52.586312 107.208842 2.000000
    endloop
  endfacet
  facet normal 0.980785 0.195090 0.000000
    outer loop
      vertex 54.470057 107.456842 2.000000
      vertex 54.380740 107.905867 2.000000
      vertex 54.380740 107.905867 8.000000
    endloop
  endfacet
  facet normal 0.980785 0.195090 -0.000000
    outer loop
      vertex 54.470057 107.456842 2.000000
      vertex 54.380740 107.905867 8.000000
      vertex 54.470057 107.456842 8.000000
    endloop
  endfacet
  facet normal -0.980785 -0.195090 0.000000
    outer loop
      vertex 52.586312 107.208842 2.000000
      vertex 52.545481 107.414110 8.000000
      vertex 52.545481 107.414110 2.000000
    endloop
  endfacet
  facet normal -0.980785 -0.195090 0.000000
    outer loop
      vertex 52.586312 107.208842 2.000000
      vertex 52.586312 107.208842 8.000000
      vertex 52.545481 107.414110 8.000000
    endloop
  endfacet
  facet normal 0.000000 0.000000 1.000000
    outer loop
      vertex 54.470057 107.456842 8.000000
      vertex 54.380740 107.905867 8.000000
      vertex 52.545481 107.414110 8.000000
    endloop
  endfacet
  facet normal 0.000000 0.000000 1.000000
    outer loop
      vertex 54.470057 107.456842 8.000000
      vertex 52.545481 107.414110 8.000000
      vertex 52.586312 107.208842 8.000000
    endloop
  endfacet
  facet normal -0.000000 0.000000 -1.000000
    outer loop
      vertex 54.470057 107.456842 2.000000
      vertex 52.545481 107.414110 2.000000
      vertex 54.380740 107.905867 2.000000
    endloop
  endfacet
  facet normal 0.000000 0.000000 -1.000000
    outer loop
      vertex 54.470057 107.456842 2.000000
      vertex 52.586312 107.208842 2.000000
      vertex 52.545481 107.414110 2.000000
    endloop
  endfacet
  facet normal 0.946930 0.321439 0.000000
    outer loop
      vertex 54.380740 107.905867 2.000000
      vertex 54.233578 108.339392 2.000000
      vertex 54.233578 108.339392 8.000000
    endloop
  endfacet
  facet normal 0.946930 0.321439 -0.000000
    outer loop
      vertex 54.380740 107.905867 2.000000
      vertex 54.233578 108.339392 8.000000
      vertex 54.380740 107.905867 8.000000
    endloop
  endfacet
  facet normal -0.946930 -0.321439 0.000000
    outer loop
      vertex 52.545481 107.414110 2.000000
      vertex 52.478207 107.612293 8.000000
      vertex 52.478207 107.612293 2.000000
    endloop
  endfacet
  facet normal -0.946930 -0.321439 0.000000
    outer loop
      vertex 52.545481 107.414110 2.000000
      vertex 52.545481 107.414110 8.000000
      vertex 52.478207 107.612293 8.000000
    endloop
  endfacet
  facet normal 0.000000 0.000000 1.000000
    outer loop
      vertex 54.380740 107.905867 8.000000
      vertex 54.233578 108.339392 8.000000
      vertex 52.478207 107.612293 8.000000
    endloop
  endfacet
  facet normal 0.000000 0.000000 1.000000
    outer loop
      vertex 54.380740 107.905867 8.000000
      vertex 52.478207 107.612293 8.000000
      vertex 52.545481 107.414110 8.000000
    endloop
  endfacet
  facet normal -0.000000 0.000000 -1.000000
    outer loop
      vertex 54.380740 107.905867 2.000000
      vertex 52.478207 107.612293 2.000000
      vertex 54.233578 108.339392 2.000000
    endloop
  endfacet
  facet normal 0.000000 0.000000 -1.000000
    outer loop
      vertex 54.380740 107.905867 2.000000
      vertex 52.545481 107.414110 2.000000
      vertex 52.478207 107.612293 2.000000
    endloop
  endfacet
  facet normal 0.896873 0.442289 0.000000
    outer loop
      vertex 54.233578 108.339392 2.000000
      vertex 54.031089 108.750000 2.000000
      vertex 54.031089 108.750000 8.000000
    endloop
  endfacet
  facet normal 0.896873 0.442289 -0.000000
    outer loop
      vertex 54.233578 108.339392 2.000000
      vertex 54.031089 108.750000 8.000000
      vertex 54.233578 108.339392 8.000000
    endloop
  endfacet
  facet normal -0.896873 -0.442289 0.000000
    outer loop
      vertex 52.478207 107.612293 2.000000
      vertex 52.385641 107.800000 8.000000
      vertex 52.385641 107.800000 2.000000
    endloop
  endfacet
  facet normal -0.896873 -0.442289 0.000000
    outer loop
      vertex 52.478207 107.612293 2.000000
      vertex 52.478207 107.612293 8.000000
      vertex 52.385641 107.800000 8.000000
    endloop
  endfacet
  facet normal 0.000000 0.000000 1.000000
    outer loop
      vertex 54.233578 108.339392 8.000000
      vertex 54.031089 108.750000 8.000000
      vertex 52.385641 107.800000 8.000000
    endloop
  endfacet
  facet normal 0.000000 0.000000 1.000000
    outer loop
      vertex 54.233578 108.339392 8.000000
      vertex 52.385641 107.800000 8.000000
      vertex 52.478207 107.612293 8.000000
    endloop
  endfacet
  facet normal -0.000000 0.000000 -1.000000
    outer loop
      vertex 54.233578 108.339392 2.000000
      vertex 52.385641 107.800000 2.000000
      vertex 54.031089 108.750000 2.000000
    endloop
  endfacet
  facet normal 0.000000 0.000000 -1.000000
    outer loop
      vertex 54.233578 108.339392 2.000000
      vertex 52.478207 107.612293 2.000000
      vertex 52.385641 107.800000 2.000000
    endloop
  endfacet
  facet normal 0.831470 0.555570 0.000000
    outer loop
      vertex 54.031089 108.750000 2.000000
      vertex 53.776737 109.130665 2.000000
      vertex 53.776737 109.130665 8.000000
    endloop
  endfacet
  facet normal 0.831470 0.555570 -0.000000
    outer loop
      vertex 54.031089 108.750000 2.000000
      vertex 53.776737 109.130665 8.000000
      vertex 54.031089 108.750000 8.000000
    endloop
  endfacet
  facet normal -0.831470 -0.555570 0.000000
    outer loop
      vertex 52.385641 107.800000 2.000000
      vertex 52.269365 107.974018 8.000000
      vertex 52.269365 107.974018 2.000000
    endloop
  endfacet
  facet normal -0.831470 -0.555570 0.000000
    outer loop
      vertex 52.385641 107.800000 2.000000
      vertex 52.385641 107.800000 8.000000
      vertex 52.269365 107.974018 8.000000
    endloop
  endfacet
  facet normal 0.000000 0.000000 1.000000
    outer loop
      vertex 54.031089 108.750000 8.000000
      vertex 53.776737 109.130665 8.000000
      vertex 52.269365 107.974018 8.000000
    endloop
  endfacet
  facet normal 0.000000 0.000000 1.000000
    outer loop
      vertex 54.031089 108.750000 8.000000
      vertex 52.269365 107.974018 8.000000
      vertex 52.385641 107.800000 8.000000
    endloop
  endfacet
  facet normal -0.000000 0.000000 -1.000000
    outer loop
      vertex 54.031089 108.750000 2.000000
      vertex 52.269365 107.974018 2.000000
      vertex 53.776737 109.130665 2.000000
    endloop
  endfacet
  facet normal 0.000000 0.000000 -1.000000
    outer loop
      vertex 54.031089 108.750000 2.000000
      vertex 52.385641 107.800000 2.000000
      vertex 52.269365 107.974018 2.000000
    endloop
  endfacet
  facet normal 0.751840 0.659346 0.000000
    outer loop
      vertex 53.776737 109.130665 2.000000
      vertex 53.474874 109.474874 2.000000
      vertex 53.474874 109.474874 8.000000
    endloop
  endfacet
  facet normal 0.751840 0.659346 -0.000000
    outer loop
      vertex 53.776737 109.130665 2.000000
      vertex 53.474874 109.474874 8.000000
      vertex 53.776737 109.130665 8.000000
    endloop
  endfacet
  facet normal -0.751840 -0.659346 0.000000
    outer loop
      vertex 52.269365 107.974018 2.000000
      vertex 52.131371 108.131371 8.000000
      vertex 52.131371 108.131371 2.000000
    endloop
  endfacet
  facet normal -0.751840 -0.659346 0.000000
    outer loop
      vertex 52.269365 107.974018 2.000000
      vertex 52.269365 107.974018 8.000000
      vertex 52.131371 108.131371 8.000000
    endloop
  endfacet
  facet normal 0.000000 0.000000 1.000000
    outer loop
      vertex 53.776737 109.130665 8.000000
      vertex 53.474874 109.474874 8.000000
      vertex 52.131371 108.131371 8.000000
    endloop
  endfacet
  facet normal 0.000000 0.000000 1.000000
    outer loop
      vertex 53.776737 109.130665 8.000000
      vertex 52.131371 108.131371 8.000000
      vertex 52.269365 107.974018 8.000000
    endloop
  endfacet
  facet normal -0.000000 0.000000 -1.000000
    outer loop
      vertex 53.776737 109.130665 2.000000
      vertex 52.131371 108.131371 2.000000
      vertex 53.474874 109.474874 2.000000
    endloop
  endfacet
  facet normal 0.000000 0.000000 -1.000000
    outer loop
      vertex 53.776737 109.130665 2.000000
      vertex 52.269365 107.974018 2.000000
      vertex 52.131371 108.131371 2.000000
    endloop
  endfacet
  facet normal 0.659346 0.751840 0.000000
    outer loop
      vertex 53.474874 109.474874 2.000000
      vertex 53.130665 109.776737 2.000000
      vertex 53.130665 109.776737 8.000000
    endloop
  endfacet
  facet normal 0.659346 0.751840 -0.000000
    outer loop
      vertex 53.474874 109.474874 2.000000
      vertex 53.130665 109.776737 8.000000
      vertex 53.474874 109.474874 8.000000
    endloop
  endfacet
  facet normal -0.659346 -0.751840 0.000000
    outer loop
      vertex 52.131371 108.131371 2.000000
      vertex 51.974018 108.269365 8.000000
      vertex 51.974018 108.269365 2.000000
    endloop
  endfacet
  facet normal -0.659346 -0.751840 0.000000
    outer loop
      vertex 52.131371 108.131371 2.000000
      vertex 52.131371 108.131371 8.000000
      vertex 51.974018 108.269365 8.000000
    endloop
  endfacet
  facet normal 0.000000 0.000000 1.000000
    outer loop
      vertex 53.474874 109.474874 8.000000
      vertex 53.130665 109.776737 8.000000
      vertex 51.974018 108.269365 8.000000
    endloop
  endfacet
  facet normal 0.000000 0.000000 1.000000
    outer loop
      vertex 53.474874 109.474874 8.000000
      vertex 51.974018 108.269365 8.000000
      vertex 52.131371 108.131371 8.000000
    endloop
  endfacet
  facet normal -0.000000 0.000000 -1.000000
    outer loop
      vertex 53.474874 109.474874 2.000000
      vertex 51.974018 108.269365 2.000000
      vertex 53.130665 109.776737 2.000000
    endloop
  endfacet
  facet normal 0.000000 0.000000 -1.000000
    outer loop
      vertex 53.474874 109.474874 2.000000
      vertex 52.131371 108.131371 2.000000
      vertex 51.974018 108.269365 2.000000
    endloop
  endfacet
  facet normal 0.555570 0.831470 0.000000
    outer loop
      vertex 53.130665 109.776737 2.000000
      vertex 52.750000 110.031089 2.000000
      vertex 52.750000 110.031089 8.000000
    endloop
  endfacet
  facet normal 0.555570 0.831470 -0.000000
    outer loop
      vertex 53.130665 109.776737 2.000000
      vertex 52.750000 110.031089 8.000000
      vertex 53.130665 109.776737 8.000000
    endloop
  endfacet
  facet normal -0.555570 -0.831470 0.000000
    outer loop
      vertex 51.974018 108.269365 2.000000
      vertex 51.800000 108.385641 8.000000
      vertex 51.800000 108.385641 2.000000
    endloop
  endfacet
  facet normal -0.555570 -0.831470 0.000000
    outer loop
      vertex 51.974018 108.269365 2.000000
      vertex 51.974018 108.269365 8.000000
      vertex 51.800000 108.385641 8.000000
    endloop
  endfacet
  facet normal 0.000000 0.000000 1.000000
    outer loop
      vertex 53.130665 109.776737 8.000000
      vertex 52.750000 110.031089 8.000000
      vertex 51.800000 108.385641 8.000000
    endloop
  endfacet
  facet normal 0.000000 0.000000 1.000000
    outer loop
      vertex 53.130665 109.776737 8.000000
      vertex 51.800000 108.385641 8.000000
      vertex 51.974018 108.269365 8.000000
    endloop
  endfacet
  facet normal -0.000000 0.000000 -1.000000
    outer loop
      vertex 53.130665 109.776737 2.000000
      vertex 51.800000 108.385641 2.000000
      vertex 52.750000 110.031089 2.000000
    endloop
  endfacet
  facet normal 0.000000 0.000000 -1.000000
    outer loop
      vertex 53.130665 109.776737 2.000000
      vertex 51.974018 108.269365 2.000000
      vertex 51.800000 108.385641 2.000000
    endloop
  endfacet
  facet normal 0.442289 0.896873 0.000000
    outer loop
      vertex 52.750000 110.031089 2.000000
      vertex 52.339392 110.233578 2.000000
      vertex 52.339392 110.233578 8.000000
    endloop
  endfacet
  facet normal 0.442289 0.896873 -0.000000
    outer loop
      vertex 52.750000 110.031089 2.000000
      vertex 52.339392 110.233578 8.000000
      vertex 52.750000 110.031089 8.000000
    endloop
  endfacet
  facet normal -0.442289 -0.896873 0.000000
    outer loop
      vertex 51.800000 108.385641 2.000000
      vertex 51.612293 108.478207 8.000000
      vertex 51.612293 108.478207 2.000000
    endloop
  endfacet
  facet normal -0.442289 -0.896873 0.000000
    outer loop
      vertex 51.800000 108.385641 2.000000
      vertex 51.800000 108.385641 8.000000
      vertex 51.612293 108.478207 8.000000
    endloop
  endfacet
  facet normal 0.000000 0.000000 1.000000
    outer loop
      vertex 52.750000 110.031089 8.000000
      vertex 52.339392 110.233578 8.000000
      vertex 51.612293 108.478207 8.000000
    endloop
  endfacet
  facet normal 0.000000 0.000000 1.000000
    outer loop
      vertex 52.750000 110.031089 8.000000
      vertex 51.612293 108.478207 8.000000
      vertex 51.800000 108.385641 8.000000
    endloop
  endfacet
  facet normal -0.000000 0.000000 -1.000000
    outer loop
      vertex 52.750000 110.031089 2.000000
      vertex 51.612293 108.478207 2.000000
      vertex 52.339392 110.233578 2.000000
    endloop
  endfacet
  facet normal 0.000000 0.000000 -1.000000
    outer loop
      vertex 52.750000 110.031089 2.000000
      vertex 51.800000 108.385641 2.000000
      vertex 51.612293 108.478207 2.000000
    endloop
  endfacet
  facet normal 0.321439 0.946930 0.000000
    outer loop
      vertex 52.339392 110.233578 2.000000
      vertex 51.905867 110.380740 2.000000
      vertex 51.905867 110.380740 8.000000
    endloop
  endfacet
  facet normal 0.321439 0.946930 -0.000000
    outer loop
      vertex 52.339392 110.233578 2.000000
      vertex 51.905867 110.380740 8.000000
      vertex 52.339392 110.233578 8.000000
    endloop
  endfacet
  facet normal -0.321439 -0.946930 0.000000
    outer loop
      vertex 51.612293 108.478207 2.000000
      vertex 51.414110 108.545481 8.000000
      vertex 51.414110 108.545481 2.000000
    endloop
  endfacet
  facet normal -0.321439 -0.946930 0.000000
    outer loop
      vertex 51.612293 108.478207 2.000000
      vertex 51.612293 108.478207 8.000000
      vertex 51.414110 108.545481 8.000000
    endloop
  endfacet
  facet normal 0.000000 0.000000 1.000000
    outer loop
      vertex 52.339392 110.233578 8.000000
      vertex 51.905867 110.380740 8.000000
      vertex 51.414110 108.545481 8.000000
    endloop
  endfacet
  facet normal 0.000000 0.000000 1.000000
    outer loop
      vertex 52.339392 110.233578 8.000000
      vertex 51.414110 108.545481 8.000000
      vertex 51.612293 108.478207 8.000000
    endloop
  endfacet
  facet normal -0.000000 0.000000 -1.000000
    outer loop
      vertex 52.339392 110.233578 2.000000
      vertex 51.414110 108.545481 2.000000
      vertex 51.905867 110.380740 2.000000
    endloop
  endfacet
  facet normal 0.000000 0.000000 -1.000000
    outer loop
      vertex 52.339392 110.233578 2.000000
      vertex 51.612293 108.478207 2.000000
      vertex 51.414110 108.545481 2.000000
    endloop
  endfacet
  facet normal 0.195090 0.980785 0.000000
    outer loop
      vertex 51.905867 110.380740 2.000000
      vertex 51.456842 110.470057 2.000000
      vertex 51.456842 110.470057 8.000000
    endloop
  endfacet
  facet normal 0.195090 0.980785 -0.000000
    outer loop
      vertex 51.905867 110.380740 2.000000
      vertex 51.456842 110.470057 8.000000
      vertex 51.905867 110.380740 8.000000
    endloop
  endfacet
  facet normal -0.195090 -0.980785 0.000000
    outer loop
      vertex 51.414110 108.545481 2.000000
      vertex 51.208842 108.586312 8.000000
      vertex 51.208842 108.586312 2.000000
    endloop
  endfacet
  facet normal -0.195090 -0.980785 0.000000
    outer loop
      vertex 51.414110 108.545481 2.000000
      vertex 51.414110 108.545481 8.000000
      vertex 51.208842 108.586312 8.000000
    endloop
  endfacet
  facet normal 0.000000 0.000000 1.000000
    outer loop
      vertex 51.905867 110.380740 8.000000
      vertex 51.456842 110.470057 8.000000
      vertex 51.208842 108.586312 8.000000
    endloop
  endfacet
  facet normal 0.000000 0.000000 1.000000
    outer loop
      vertex 51.905867 110.380740 8.000000
      vertex 51.208842 108.586312 8.000000
      vertex 51.414110 108.545481 8.000000
    endloop
  endfacet
  facet normal -0.000000 0.000000 -1.000000
    outer loop
      vertex 51.905867 110.380740 2.000000
      vertex 51.208842 108.586312 2.000000
      vertex 51.456842 110.470057 2.000000
    endloop
  endfacet
  facet normal 0.000000 0.000000 -1.000000
    outer loop
      vertex 51.905867 110.380740 2.000000
      vertex 51.414110 108.545481 2.000000
      vertex 51.208842 108.586312 2.000000
    endloop
  endfacet
  facet normal 0.065403 0.997859 0.000000
    outer loop
      vertex 51.456842 110.470057 2.000000
      vertex 51.000000 110.500000 2.000000
      vertex 51.000000 110.500000 8.000000
    endloop
  endfacet
  facet normal 0.065403 0.997859 -0.000000
    outer loop
      vertex 51.456842 110.470057 2.000000
      vertex 51.000000 110.500000 8.000000
      vertex 51.456842 110.470057 8.000000
    endloop
  endfacet
  facet normal -0.065403 -0.997859 0.000000
    outer loop
      vertex 51.208842 108.586312 2.000000
      vertex 51.000000 108.600000 8.000000
      vertex 51.000000 108.600000 2.000000
    endloop
  endfacet
  facet normal -0.065403 -0.997859 0.000000
    outer loop
      vertex 51.208842 108.586312 2.000000
      vertex 51.208842 108.586312 8.000000
      vertex 51.000000 108.600000 8.000000
    endloop
  endfacet
  facet normal 0.000000 0.000000 1.000000
    outer loop
      vertex 51.456842 110.470057 8.000000
      vertex 51.000000 110.500000 8.000000
      vertex 51.000000 108.600000 8.000000
    endloop
  endfacet
  facet normal 0.000000 0.000000 1.000000
    outer loop
      vertex 51.456842 110.470057 8.000000
      vertex 51.000000 108.600000 8.000000
      vertex 51.208842 108.586312 8.000000
    endloop
  endfacet
  facet normal -0.000000 0.000000 -1.000000
    outer loop
      vertex 51.456842 110.470057 2.000000
      vertex 51.000000 108.600000 2.000000
      vertex 51.000000 110.500000 2.000000
    endloop
  endfacet
  facet normal 0.000000 0.000000 -1.000000
    outer loop
      vertex 51.456842 110.470057 2.000000
      vertex 51.208842 108.586312 2.000000
      vertex 51.000000 108.600000 2.000000
    endloop
  endfacet
  facet normal -0.065403 0.997859 0.000000
    outer loop
      vertex 51.000000 110.500000 2.000000
      vertex 50.543158 110.470057 2.000000
      vertex 50.543158 110.470057 8.000000
    endloop
  endfacet
  facet normal -0.065403 0.997859 0.000000
    outer loop
      vertex 51.000000 110.500000 2.000000
      vertex 50.543158 110.470057 8.000000
      vertex 51.000000 110.500000 8.000000
    endloop
  endfacet
  facet normal 0.065403 -0.997859 0.000000
    outer loop
      vertex 51.000000 108.600000 2.000000
      vertex 50.791158 108.586312 8.000000
      vertex 50.791158 108.586312 2.000000
    endloop
  endfacet
  facet normal 0.065403 -0.997859 0.000000
    outer loop
      vertex 51.000000 108.600000 2.000000
      vertex 51.000000 108.600000 8.000000
      vertex 50.791158 108.586312 8.000000
    endloop
  endfacet
  facet normal 0.000000 0.000000 1.000000
    outer loop
      vertex 51.000000 110.500000 8.000000
      vertex 50.543158 110.470057 8.000000
      vertex 50.791158 108.586312 8.000000
    endloop
  endfacet
  facet normal 0.000000 0.000000 1.000000
    outer loop
      vertex 51.000000 110.500000 8.000000
      vertex 50.791158 108.586312 8.000000
      vertex 51.000000 108.600000 8.000000
    endloop
  endfacet
  facet normal 0.000000 0.000000 -1.000000
    outer loop
      vertex 51.000000 110.500000 2.000000
      vertex 50.791158 108.586312 2.000000
      vertex 50.543158 110.470057 2.000000
    endloop
  endfacet
  facet normal 0.000000 -0.000000 -1.000000
    outer loop
      vertex 51.000000 110.500000 2.000000
      vertex 51.000000 108.600000 2.000000
      vertex 50.791158 108.586312 2.000000
    endloop
  endfacet
  facet normal -0.195090 0.980785 0.000000
    outer loop
      vertex 50.543158 110.470057 2.000000
      vertex 50.094133 110.380740 2.000000
      vertex 50.094133 110.380740 8.000000
    endloop
  endfacet
  facet normal -0.195090 0.980785 0.000000
    outer loop
      vertex 50.543158 110.470057 2.000000
      vertex 50.094133 110.380740 8.000000
      vertex 50.543158 110.470057 8.000000
    endloop
  endfacet
  facet normal 0.195090 -0.980785 0.000000
    outer loop
      vertex 50.791158 108.586312 2.000000
      vertex 50.585890 108.545481 8.000000
      vertex 50.585890 108.545481 2.000000
    endloop
  endfacet
  facet normal 0.195090 -0.980785 0.000000
    outer loop
      vertex 50.791158 108.586312 2.000000
      vertex 50.791158 108.586312 8.000000
      vertex 50.585890 108.545481 8.000000
    endloop
  endfacet
  facet normal 0.000000 0.000000 1.000000
    outer loop
      vertex 50.543158 110.470057 8.000000
      vertex 50.094133 110.380740 8.000000
      vertex 50.585890 108.545481 8.000000
    endloop
  endfacet
  facet normal 0.000000 0.000000 1.000000
    outer loop
      vertex 50.543158 110.470057 8.000000
      vertex 50.585890 108.545481 8.000000
      vertex 50.791158 108.586312 8.000000
    endloop
  endfacet
  facet normal 0.000000 -0.000000 -1.000000
    outer loop
      vertex 50.543158 110.470057 2.000000
      vertex 50.585890 108.545481 2.000000
      vertex 50.094133 110.380740 2.000000
    endloop
  endfacet
  facet normal 0.000000 0.000000 -1.000000
    outer loop
      vertex 50.543158 110.470057 2.000000
      vertex 50.791158 108.586312 2.000000
      vertex 50.585890 108.545481 2.000000
    endloop
  endfacet
  facet normal -0.321439 0.946930 0.000000
    outer loop
      vertex 50.094133 110.380740 2.000000
      vertex 49.660608 110.233578 2.000000
      vertex 49.660608 110.233578 8.000000
    endloop
  endfacet
  facet normal -0.321439 0.946930 0.000000
    outer loop
      vertex 50.094133 110.380740 2.000000
      vertex 49.660608 110.233578 8.000000
      vertex 50.094133 110.380740 8.000000
    endloop
  endfacet
  facet normal 0.321439 -0.946930 0.000000
    outer loop
      vertex 50.585890 108.545481 2.000000
      vertex 50.387707 108.478207 8.000000
      vertex 50.387707 108.478207 2.000000
    endloop
  endfacet
  facet normal 0.321439 -0.946930 0.000000
    outer loop
      vertex 50.585890 108.545481 2.000000
      vertex 50.585890 108.545481 8.000000
      vertex 50.387707 108.478207 8.000000
    endloop
  endfacet
  facet normal 0.000000 0.000000 1.000000
    outer loop
      vertex 50.094133 110.380740 8.000000
      vertex 49.660608 110.233578 8.000000
      vertex 50.387707 108.478207 8.000000
    endloop
  endfacet
  facet normal 0.000000 0.000000 1.000000
    outer loop
      vertex 50.094133 110.380740 8.000000
      vertex 50.387707 108.478207 8.000000
      vertex 50.585890 108.545481 8.000000
    endloop
  endfacet
  facet normal 0.000000 -0.000000 -1.000000
    outer loop
      vertex 50.094133 110.380740 2.000000
      vertex 50.387707 108.478207 2.000000
      vertex 49.660608 110.233578 2.000000
    endloop
  endfacet
  facet normal 0.000000 0.000000 -1.000000
    outer loop
      vertex 50.094133 110.380740 2.000000
      vertex 50.585890 108.545481 2.000000
      vertex 50.387707 108.478207 2.000000
    endloop
  endfacet
  facet normal -0.442289 0.896873 0.000000
    outer loop
      vertex 49.660608 110.233578 2.000000
      vertex 49.250000 110.031089 2.000000
      vertex 49.250000 110.031089 8.000000
    endloop
  endfacet
  facet normal -0.442289 0.896873 0.000000
    outer loop
      vertex 49.660608 110.233578 2.000000
      vertex 49.250000 110.031089 8.000000
      vertex 49.660608 110.233578 8.000000
    endloop
  endfacet
  facet normal 0.442289 -0.896873 0.000000
    outer loop
      vertex 50.387707 108.478207 2.000000
      vertex 50.200000 108.385641 8.000000
      vertex 50.200000 108.385641 2.000000
    endloop
  endfacet
  facet normal 0.442289 -0.896873 0.000000
    outer loop
      vertex 50.387707 108.478207 2.000000
      vertex 50.387707 108.478207 8.000000
      vertex 50.200000 108.385641 8.000000
    endloop
  endfacet
  facet normal 0.000000 0.000000 1.000000
    outer loop
      vertex 49.660608 110.233578 8.000000
      vertex 49.250000 110.031089 8.000000
      vertex 50.200000 108.385641 8.000000
    endloop
  endfacet
  facet normal 0.000000 0.000000 1.000000
    outer loop
      vertex 49.660608 110.233578 8.000000
      vertex 50.200000 108.385641 8.000000
      vertex 50.387707 108.478207 8.000000
    endloop
  endfacet
  facet normal 0.000000 -0.000000 -1.000000
    outer loop
      vertex 49.660608 110.233578 2.000000
      vertex 50.200000 108.385641 2.000000
      vertex 49.250000 110.031089 2.000000
    endloop
  endfacet
  facet normal 0.000000 0.000000 -1.000000
    outer loop
      vertex 49.660608 110.233578 2.000000
      vertex 50.387707 108.478207 2.000000
      vertex 50.200000 108.385641 2.000000
    endloop
  endfacet
  facet normal -0.555570 0.831470 0.000000
    outer loop
      vertex 49.250000 110.031089 2.000000
      vertex 48.869335 109.776737 2.000000
      vertex 48.869335 109.776737 8.000000
    endloop
  endfacet
  facet normal -0.555570 0.831470 0.000000
    outer loop
      vertex 49.250000 110.031089 2.000000
      vertex 48.869335 109.776737 8.000000
      vertex 49.250000 110.031089 8.000000
    endloop
  endfacet
  facet normal 0.555570 -0.831470 0.000000
    outer loop
      vertex 50.200000 108.385641 2.000000
      vertex 50.025982 108.269365 8.000000
      vertex 50.025982 108.269365 2.000000
    endloop
  endfacet
  facet normal 0.555570 -0.831470 0.000000
    outer loop
      vertex 50.200000 108.385641 2.000000
      vertex 50.200000 108.385641 8.000000
      vertex 50.025982 108.269365 8.000000
    endloop
  endfacet
  facet normal 0.000000 0.000000 1.000000
    outer loop
      vertex 49.250000 110.031089 8.000000
      vertex 48.869335 109.776737 8.000000
      vertex 50.025982 108.269365 8.000000
    endloop
  endfacet
  facet normal 0.000000 0.000000 1.000000
    outer loop
      vertex 49.250000 110.031089 8.000000
      vertex 50.025982 108.269365 8.000000
      vertex 50.200000 108.385641 8.000000
    endloop
  endfacet
  facet normal 0.000000 -0.000000 -1.000000
    outer loop
      vertex 49.250000 110.031089 2.000000
      vertex 50.025982 108.269365 2.000000
      vertex 48.869335 109.776737 2.000000
    endloop
  endfacet
  facet normal 0.000000 0.000000 -1.000000
    outer loop
      vertex 49.250000 110.031089 2.000000
      vertex 50.200000 108.385641 2.000000
      vertex 50.025982 108.269365 2.000000
    endloop
  endfacet
  facet normal -0.659346 0.751840 0.000000
    outer loop
      vertex 48.869335 109.776737 2.000000
      vertex 48.525126 109.474874 2.000000
      vertex 48.525126 109.474874 8.000000
    endloop
  endfacet
  facet normal -0.659346 0.751840 0.000000
    outer loop
      vertex 48.869335 109.776737 2.000000
      vertex 48.525126 109.474874 8.000000
      vertex 48.869335 109.776737 8.000000
    endloop
  endfacet
  facet normal 0.659346 -0.751840 0.000000
    outer loop
      vertex 50.025982 108.269365 2.000000
      vertex 49.868629 108.131371 8.000000
      vertex 49.868629 108.131371 2.000000
    endloop
  endfacet
  facet normal 0.659346 -0.751840 0.000000
    outer loop
      vertex 50.025982 108.269365 2.000000
      vertex 50.025982 108.269365 8.000000
      vertex 49.868629 108.131371 8.000000
    endloop
  endfacet
  facet normal 0.000000 0.000000 1.000000
    outer loop
      vertex 48.869335 109.776737 8.000000
      vertex 48.525126 109.474874 8.000000
      vertex 49.868629 108.131371 8.000000
    endloop
  endfacet
  facet normal 0.000000 0.000000 1.000000
    outer loop
      vertex 48.869335 109.776737 8.000000
      vertex 49.868629 108.131371 8.000000
      vertex 50.025982 108.269365 8.000000
    endloop
  endfacet
  facet normal 0.000000 -0.000000 -1.000000
    outer loop
      vertex 48.869335 109.776737 2.000000
      vertex 49.868629 108.131371 2.000000
      vertex 48.525126 109.474874 2.000000
    endloop
  endfacet
  facet normal 0.000000 0.000000 -1.000000
    outer loop
      vertex 48.869335 109.776737 2.000000
      vertex 50.025982 108.269365 2.000000
      vertex 49.868629 108.131371 2.000000
    endloop
  endfacet
  facet normal -0.751840 0.659346 0.000000
    outer loop
      vertex 48.525126 109.474874 2.000000
      vertex 48.223263 109.130665 2.000000
      vertex 48.223263 109.130665 8.000000
    endloop
  endfacet
  facet normal -0.751840 0.659346 0.000000
    outer loop
      vertex 48.525126 109.474874 2.000000
      vertex 48.223263 109.130665 8.000000
      vertex 48.525126 109.474874 8.000000
    endloop
  endfacet
  facet normal 0.751840 -0.659346 0.000000
    outer loop
      vertex 49.868629 108.131371 2.000000
      vertex 49.730635 107.974018 8.000000
      vertex 49.730635 107.974018 2.000000
    endloop
  endfacet
  facet normal 0.751840 -0.659346 0.000000
    outer loop
      vertex 49.868629 108.131371 2.000000
      vertex 49.868629 108.131371 8.000000
      vertex 49.730635 107.974018 8.000000
    endloop
  endfacet
  facet normal 0.000000 0.000000 1.000000
    outer loop
      vertex 48.525126 109.474874 8.000000
      vertex 48.223263 109.130665 8.000000
      vertex 49.730635 107.974018 8.000000
    endloop
  endfacet
  facet normal 0.000000 0.000000 1.000000
    outer loop
      vertex 48.525126 109.474874 8.000000
      vertex 49.730635 107.974018 8.000000
      vertex 49.868629 108.131371 8.000000
    endloop
  endfacet
  facet normal 0.000000 -0.000000 -1.000000
    outer loop
      vertex 48.525126 109.474874 2.000000
      vertex 49.730635 107.974018 2.000000
      vertex 48.223263 109.130665 2.000000
    endloop
  endfacet
  facet normal 0.000000 0.000000 -1.000000
    outer loop
      vertex 48.525126 109.474874 2.000000
      vertex 49.868629 108.131371 2.000000
      vertex 49.730635 107.974018 2.000000
    endloop
  endfacet
  facet normal -0.831470 0.555570 0.000000
    outer loop
      vertex 48.223263 109.130665 2.000000
      vertex 47.968911 108.750000 2.000000
      vertex 47.968911 108.750000 8.000000
    endloop
  endfacet
  facet normal -0.831470 0.555570 0.000000
    outer loop
      vertex 48.223263 109.130665 2.000000
      vertex 47.968911 108.750000 8.000000
      vertex 48.223263 109.130665 8.000000
    endloop
  endfacet
  facet normal 0.831470 -0.555570 0.000000
    outer loop
      vertex 49.730635 107.974018 2.000000
      vertex 49.614359 107.800000 8.000000
      vertex 49.614359 107.800000 2.000000
    endloop
  endfacet
  facet normal 0.831470 -0.555570 0.000000
    outer loop
      vertex 49.730635 107.974018 2.000000
      vertex 49.730635 107.974018 8.000000
      vertex 49.614359 107.800000 8.000000
    endloop
  endfacet
  facet normal 0.000000 0.000000 1.000000
    outer loop
      vertex 48.223263 109.130665 8.000000
      vertex 47.968911 108.750000 8.000000
      vertex 49.614359 107.800000 8.000000
    endloop
  endfacet
  facet normal 0.000000 0.000000 1.000000
    outer loop
      vertex 48.223263 109.130665 8.000000
      vertex 49.614359 107.800000 8.000000
      vertex 49.730635 107.974018 8.000000
    endloop
  endfacet
  facet normal 0.000000 -0.000000 -1.000000
    outer loop
      vertex 48.223263 109.130665 2.000000
      vertex 49.614359 107.800000 2.000000
      vertex 47.968911 108.750000 2.000000
    endloop
  endfacet
  facet normal 0.000000 0.000000 -1.000000
    outer loop
      vertex 48.223263 109.130665 2.000000
      vertex 49.730635 107.974018 2.000000
      vertex 49.614359 107.800000 2.000000
    endloop
  endfacet
  facet normal -0.896873 0.442289 0.000000
    outer loop
      vertex 47.968911 108.750000 2.000000
      vertex 47.766422 108.339392 2.000000
      vertex 47.766422 108.339392 8.000000
    endloop
  endfacet
  facet normal -0.896873 0.442289 0.000000
    outer loop
      vertex 47.968911 108.750000 2.000000
      vertex 47.766422 108.339392 8.000000
      vertex 47.968911 108.750000 8.000000
    endloop
  endfacet
  facet normal 0.896873 -0.442289 0.000000
    outer loop
      vertex 49.614359 107.800000 2.000000
      vertex 49.521793 107.612293 8.000000
      vertex 49.521793 107.612293 2.000000
    endloop
  endfacet
  facet normal 0.896873 -0.442289 0.000000
    outer loop
      vertex 49.614359 107.800000 2.000000
      vertex 49.614359 107.800000 8.000000
      vertex 49.521793 107.612293 8.000000
    endloop
  endfacet
  facet normal 0.000000 0.000000 1.000000
    outer loop
      vertex 47.968911 108.750000 8.000000
      vertex 47.766422 108.339392 8.000000
      vertex 49.521793 107.612293 8.000000
    endloop
  endfacet
  facet normal 0.000000 0.000000 1.000000
    outer loop
      vertex 47.968911 108.750000 8.000000
      vertex 49.521793 107.612293 8.000000
      vertex 49.614359 107.800000 8.000000
    endloop
  endfacet
  facet normal 0.000000 -0.000000 -1.000000
    outer loop
      vertex 47.968911 108.750000 2.000000
      vertex 49.521793 107.612293 2.000000
      vertex 47.766422 108.339392 2.000000
    endloop
  endfacet
  facet normal 0.000000 0.000000 -1.000000
    outer loop
      vertex 47.968911 108.750000 2.000000
      vertex 49.614359 107.800000 2.000000
      vertex 49.521793 107.612293 2.000000
    endloop
  endfacet
  facet normal -0.946930 0.321439 0.000000
    outer loop
      vertex 47.766422 108.339392 2.000000
      vertex 47.619260 107.905867 2.000000
      vertex 47.619260 107.905867 8.000000
    endloop
  endfacet
  facet normal -0.946930 0.321439 0.000000
    outer loop
      vertex 47.766422 108.339392 2.000000
      vertex 47.619260 107.905867 8.000000
      vertex 47.766422 108.339392 8.000000
    endloop
  endfacet
  facet normal 0.946930 -0.321439 0.000000
    outer loop
      vertex 49.521793 107.612293 2.000000
      vertex 49.454519 107.414110 8.000000
      vertex 49.454519 107.414110 2.000000
    endloop
  endfacet
  facet normal 0.946930 -0.321439 0.000000
    outer loop
      vertex 49.521793 107.612293 2.000000
      vertex 49.521793 107.612293 8.000000
      vertex 49.454519 107.414110 8.000000
    endloop
  endfacet
  facet normal 0.000000 0.000000 1.000000
    outer loop
      vertex 47.766422 108.339392 8.000000
      vertex 47.619260 107.905867 8.000000
      vertex 49.454519 107.414110 8.000000
    endloop
  endfacet
  facet normal 0.000000 0.000000 1.000000
    outer loop
      vertex 47.766422 108.339392 8.000000
      vertex 49.454519 107.414110 8.000000
      vertex 49.521793 107.612293 8.000000
    endloop
  endfacet
  facet normal 0.000000 -0.000000 -1.000000
    outer loop
      vertex 47.766422 108.339392 2.000000
      vertex 49.454519 107.414110 2.000000
      vertex 47.619260 107.905867 2.000000
    endloop
  endfacet
  facet normal 0.000000 0.000000 -1.000000
    outer loop
      vertex 47.766422 108.339392 2.000000
      vertex 49.521793 107.612293 2.000000
      vertex 49.454519 107.414110 2.000000
    endloop
  endfacet
  facet normal -0.980785 0.195090 0.000000
    outer loop
      vertex 47.619260 107.905867 2.000000
      vertex 47.529943 107.456842 2.000000
      vertex 47.529943 107.456842 8.000000
    endloop
  endfacet
  facet normal -0.980785 0.195090 0.000000
    outer loop
      vertex 47.619260 107.905867 2.000000
      vertex 47.529943 107.456842 8.000000
      vertex 47.619260 107.905867 8.000000
    endloop
  endfacet
  facet normal 0.980785 -0.195090 0.000000
    outer loop
      vertex 49.454519 107.414110 2.000000
      vertex 49.413688 107.208842 8.000000
      vertex 49.413688 107.208842 2.000000
    endloop
  endfacet
  facet normal 0.980785 -0.195090 0.000000
    outer loop
      vertex 49.454519 107.414110 2.000000
      vertex 49.454519 107.414110 8.000000
      vertex 49.413688 107.208842 8.000000
    endloop
  endfacet
  facet normal 0.000000 0.000000 1.000000
    outer loop
      vertex 47.619260 107.905867 8.000000
      vertex 47.529943 107.456842 8.000000
      vertex 49.413688 107.208842 8.000000
    endloop
  endfacet
  facet normal 0.000000 0.000000 1.000000
    outer loop
      vertex 47.619260 107.905867 8.000000
      vertex 49.413688 107.208842 8.000000
      vertex 49.454519 107.414110 8.000000
    endloop
  endfacet
  facet normal 0.000000 -0.000000 -1.000000
    outer loop
      vertex 47.619260 107.905867 2.000000
      vertex 49.413688 107.208842 2.000000
      vertex 47.529943 107.456842 2.000000
    endloop
  endfacet
  facet normal 0.000000 0.000000 -1.000000
    outer loop
      vertex 47.619260 107.905867 2.000000
      vertex 49.454519 107.414110 2.000000
      vertex 49.413688 107.208842 2.000000
    endloop
  endfacet
  facet normal -0.997859 0.065403 0.000000
    outer loop
      vertex 47.529943 107.456842 2.000000
      vertex 47.500000 107.000000 2.000000
      vertex 47.500000 107.000000 8.000000
    endloop
  endfacet
  facet normal -0.997859 0.065403 0.000000
    outer loop
      vertex 47.529943 107.456842 2.000000
      vertex 47.500000 107.000000 8.000000
      vertex 47.529943 107.456842 8.000000
    endloop
  endfacet
  facet normal 0.997859 -0.065403 0.000000
    outer loop
      vertex 49.413688 107.208842 2.000000
      vertex 49.400000 107.000000 8.000000
      vertex 49.400000 107.000000 2.000000
    endloop
  endfacet
  facet normal 0.997859 -0.065403 0.000000
    outer loop
      vertex 49.413688 107.208842 2.000000
      vertex 49.413688 107.208842 8.000000
      vertex 49.400000 107.000000 8.000000
    endloop
  endfacet
  facet normal 0.000000 0.000000 1.000000
    outer loop
      vertex 47.529943 107.456842 8.000000
      vertex 47.500000 107.000000 8.000000
      vertex 49.400000 107.000000 8.000000
    endloop
  endfacet
  facet normal 0.000000 0.000000 1.000000
    outer loop
      vertex 47.529943 107.456842 8.000000
      vertex 49.400000 107.000000 8.000000
      vertex 49.413688 107.208842 8.000000
    endloop
  endfacet
  facet normal 0.000000 -0.000000 -1.000000
    outer loop
      vertex 47.529943 107.456842 2.000000
      vertex 49.400000 107.000000 2.000000
      vertex 47.500000 107.000000 2.000000
    endloop
  endfacet
  facet normal 0.000000 0.000000 -1.000000
    outer loop
      vertex 47.529943 107.456842 2.000000
      vertex 49.413688 107.208842 2.000000
      vertex 49.400000 107.000000 2.000000
    endloop
  endfacet
  facet normal -0.997859 -0.065403 0.000000
    outer loop
      vertex 47.500000 107.000000 2.000000
      vertex 47.529943 106.543158 2.000000
      vertex 47.529943 106.543158 8.000000
    endloop
  endfacet
  facet normal -0.997859 -0.065403 0.000000
    outer loop
      vertex 47.500000 107.000000 2.000000
      vertex 47.529943 106.543158 8.000000
      vertex 47.500000 107.000000 8.000000
    endloop
  endfacet
  facet normal 0.997859 0.065403 0.000000
    outer loop
      vertex 49.400000 107.000000 2.000000
      vertex 49.413688 106.791158 8.000000
      vertex 49.413688 106.791158 2.000000
    endloop
  endfacet
  facet normal 0.997859 0.065403 -0.000000
    outer loop
      vertex 49.400000 107.000000 2.000000
      vertex 49.400000 107.000000 8.000000
      vertex 49.413688 106.791158 8.000000
    endloop
  endfacet
  facet normal 0.000000 0.000000 1.000000
    outer loop
      vertex 47.500000 107.000000 8.000000
      vertex 47.529943 106.543158 8.000000
      vertex 49.413688 106.791158 8.000000
    endloop
  endfacet
  facet normal -0.000000 0.000000 1.000000
    outer loop
      vertex 47.500000 107.000000 8.000000
      vertex 49.413688 106.791158 8.000000
      vertex 49.400000 107.000000 8.000000
    endloop
  endfacet
  facet normal 0.000000 0.000000 -1.000000
    outer loop
      vertex 47.500000 107.000000 2.000000
      vertex 49.413688 106.791158 2.000000
      vertex 47.529943 106.543158 2.000000
    endloop
  endfacet
  facet normal 0.000000 0.000000 -1.000000
    outer loop
      vertex 47.500000 107.000000 2.000000
      vertex 49.400000 107.000000 2.000000
      vertex 49.413688 106.791158 2.000000
    endloop
  endfacet
  facet normal -0.980785 -0.195090 0.000000
    outer loop
      vertex 47.529943 106.543158 2.000000
      vertex 47.619260 106.094133 2.000000
      vertex 47.619260 106.094133 8.000000
    endloop
  endfacet
  facet normal -0.980785 -0.195090 0.000000
    outer loop
      vertex 47.529943 106.543158 2.000000
      vertex 47.619260 106.094133 8.000000
      vertex 47.529943 106.543158 8.000000
    endloop
  endfacet
  facet normal 0.980785 0.195090 0.000000
    outer loop
      vertex 49.413688 106.791158 2.000000
      vertex 49.454519 106.585890 8.000000
      vertex 49.454519 106.585890 2.000000
    endloop
  endfacet
  facet normal 0.980785 0.195090 -0.000000
    outer loop
      vertex 49.413688 106.791158 2.000000
      vertex 49.413688 106.791158 8.000000
      vertex 49.454519 106.585890 8.000000
    endloop
  endfacet
  facet normal -0.000000 0.000000 1.000000
    outer loop
      vertex 47.529943 106.543158 8.000000
      vertex 47.619260 106.094133 8.000000
      vertex 49.454519 106.585890 8.000000
    endloop
  endfacet
  facet normal 0.000000 0.000000 1.000000
    outer loop
      vertex 47.529943 106.543158 8.000000
      vertex 49.454519 106.585890 8.000000
      vertex 49.413688 106.791158 8.000000
    endloop
  endfacet
  facet normal 0.000000 0.000000 -1.000000
    outer loop
      vertex 47.529943 106.543158 2.000000
      vertex 49.454519 106.585890 2.000000
      vertex 47.619260 106.094133 2.000000
    endloop
  endfacet
  facet normal 0.000000 0.000000 -1.000000
    outer loop
      vertex 47.529943 106.543158 2.000000
      vertex 49.413688 106.791158 2.000000
      vertex 49.454519 106.585890 2.000000
    endloop
  endfacet
  facet normal -0.946930 -0.321439 0.000000
    outer loop
      vertex 47.619260 106.094133 2.000000
      vertex 47.766422 105.660608 2.000000
      vertex 47.766422 105.660608 8.000000
    endloop
  endfacet
  facet normal -0.946930 -0.321439 0.000000
    outer loop
      vertex 47.619260 106.094133 2.000000
      vertex 47.766422 105.660608 8.000000
      vertex 47.619260 106.094133 8.000000
    endloop
  endfacet
  facet normal 0.946930 0.321439 0.000000
    outer loop
      vertex 49.454519 106.585890 2.000000
      vertex 49.521793 106.387707 8.000000
      vertex 49.521793 106.387707 2.000000
    endloop
  endfacet
  facet normal 0.946930 0.321439 -0.000000
    outer loop
      vertex 49.454519 106.585890 2.000000
      vertex 49.454519 106.585890 8.000000
      vertex 49.521793 106.387707 8.000000
    endloop
  endfacet
  facet normal -0.000000 0.000000 1.000000
    outer loop
      vertex 47.619260 106.094133 8.000000
      vertex 47.766422 105.660608 8.000000
      vertex 49.521793 106.387707 8.000000
    endloop
  endfacet
  facet normal 0.000000 0.000000 1.000000
    outer loop
      vertex 47.619260 106.094133 8.000000
      vertex 49.521793 106.387707 8.000000
      vertex 49.454519 106.585890 8.000000
    endloop
  endfacet
  facet normal 0.000000 0.000000 -1.000000
    outer loop
      vertex 47.619260 106.094133 2.000000
      vertex 49.521793 106.387707 2.000000
      vertex 47.766422 105.660608 2.000000
    endloop
  endfacet
  facet normal 0.000000 0.000000 -1.000000
    outer loop
      vertex 47.619260 106.094133 2.000000
      vertex 49.454519 106.585890 2.000000
      vertex 49.521793 106.387707 2.000000
    endloop
  endfacet
  facet normal -0.896873 -0.442289 0.000000
    outer loop
      vertex 47.766422 105.660608 2.000000
      vertex 47.968911 105.250000 2.000000
      vertex 47.968911 105.250000 8.000000
    endloop
  endfacet
  facet normal -0.896873 -0.442289 0.000000
    outer loop
      vertex 47.766422 105.660608 2.000000
      vertex 47.968911 105.250000 8.000000
      vertex 47.766422 105.660608 8.000000
    endloop
  endfacet
  facet normal 0.896873 0.442289 0.000000
    outer loop
      vertex 49.521793 106.387707 2.000000
      vertex 49.614359 106.200000 8.000000
      vertex 49.614359 106.200000 2.000000
    endloop
  endfacet
  facet normal 0.896873 0.442289 -0.000000
    outer loop
      vertex 49.521793 106.387707 2.000000
      vertex 49.521793 106.387707 8.000000
      vertex 49.614359 106.200000 8.000000
    endloop
  endfacet
  facet normal -0.000000 0.000000 1.000000
    outer loop
      vertex 47.766422 105.660608 8.000000
      vertex 47.968911 105.250000 8.000000
      vertex 49.614359 106.200000 8.000000
    endloop
  endfacet
  facet normal 0.000000 0.000000 1.000000
    outer loop
      vertex 47.766422 105.660608 8.000000
      vertex 49.614359 106.200000 8.000000
      vertex 49.521793 106.387707 8.000000
    endloop
  endfacet
  facet normal 0.000000 0.000000 -1.000000
    outer loop
      vertex 47.766422 105.660608 2.000000
      vertex 49.614359 106.200000 2.000000
      vertex 47.968911 105.250000 2.000000
    endloop
  endfacet
  facet normal 0.000000 0.000000 -1.000000
    outer loop
      vertex 47.766422 105.660608 2.000000
      vertex 49.521793 106.387707 2.000000
      vertex 49.614359 106.200000 2.000000
    endloop
  endfacet
  facet normal -0.831470 -0.555570 0.000000
    outer loop
      vertex 47.968911 105.250000 2.000000
      vertex 48.223263 104.869335 2.000000
      vertex 48.223263 104.869335 8.000000
    endloop
  endfacet
  facet normal -0.831470 -0.555570 0.000000
    outer loop
      vertex 47.968911 105.250000 2.000000
      vertex 48.223263 104.869335 8.000000
      vertex 47.968911 105.250000 8.000000
    endloop
  endfacet
  facet normal 0.831470 0.555570 0.000000
    outer loop
      vertex 49.614359 106.200000 2.000000
      vertex 49.730635 106.025982 8.000000
      vertex 49.730635 106.025982 2.000000
    endloop
  endfacet
  facet normal 0.831470 0.555570 -0.000000
    outer loop
      vertex 49.614359 106.200000 2.000000
      vertex 49.614359 106.200000 8.000000
      vertex 49.730635 106.025982 8.000000
    endloop
  endfacet
  facet normal -0.000000 0.000000 1.000000
    outer loop
      vertex 47.968911 105.250000 8.000000
      vertex 48.223263 104.869335 8.000000
      vertex 49.730635 106.025982 8.000000
    endloop
  endfacet
  facet normal 0.000000 0.000000 1.000000
    outer loop
      vertex 47.968911 105.250000 8.000000
      vertex 49.730635 106.025982 8.000000
      vertex 49.614359 106.200000 8.000000
    endloop
  endfacet
  facet normal 0.000000 0.000000 -1.000000
    outer loop
      vertex 47.968911 105.250000 2.000000
      vertex 49.730635 106.025982 2.000000
      vertex 48.223263 104.869335 2.000000
    endloop
  endfacet
  facet normal 0.000000 0.000000 -1.000000
    outer loop
      vertex 47.968911 105.250000 2.000000
      vertex 49.614359 106.200000 2.000000
      vertex 49.730635 106.025982 2.000000
    endloop
  endfacet
  facet normal -0.751840 -0.659346 0.000000
    outer loop
      vertex 48.223263 104.869335 2.000000
      vertex 48.525126 104.525126 2.000000
      vertex 48.525126 104.525126 8.000000
    endloop
  endfacet
  facet normal -0.751840 -0.659346 0.000000
    outer loop
      vertex 48.223263 104.869335 2.000000
      vertex 48.525126 104.525126 8.000000
      vertex 48.223263 104.869335 8.000000
    endloop
  endfacet
  facet normal 0.751840 0.659346 0.000000
    outer loop
      vertex 49.730635 106.025982 2.000000
      vertex 49.868629 105.868629 8.000000
      vertex 49.868629 105.868629 2.000000
    endloop
  endfacet
  facet normal 0.751840 0.659346 -0.000000
    outer loop
      vertex 49.730635 106.025982 2.000000
      vertex 49.730635 106.025982 8.000000
      vertex 49.868629 105.868629 8.000000
    endloop
  endfacet
  facet normal -0.000000 0.000000 1.000000
    outer loop
      vertex 48.223263 104.869335 8.000000
      vertex 48.525126 104.525126 8.000000
      vertex 49.868629 105.868629 8.000000
    endloop
  endfacet
  facet normal 0.000000 0.000000 1.000000
    outer loop
      vertex 48.223263 104.869335 8.000000
      vertex 49.868629 105.868629 8.000000
      vertex 49.730635 106.025982 8.000000
    endloop
  endfacet
  facet normal 0.000000 0.000000 -1.000000
    outer loop
      vertex 48.223263 104.869335 2.000000
      vertex 49.868629 105.868629 2.000000
      vertex 48.525126 104.525126 2.000000
    endloop
  endfacet
  facet normal 0.000000 0.000000 -1.000000
    outer loop
      vertex 48.223263 104.869335 2.000000
      vertex 49.730635 106.025982 2.000000
      vertex 49.868629 105.868629 2.000000
    endloop
  endfacet
  facet normal -0.659346 -0.751840 0.000000
    outer loop
      vertex 48.525126 104.525126 2.000000
      vertex 48.869335 104.223263 2.000000
      vertex 48.869335 104.223263 8.000000
    endloop
  endfacet
  facet normal -0.659346 -0.751840 0.000000
    outer loop
      vertex 48.525126 104.525126 2.000000
      vertex 48.869335 104.223263 8.000000
      vertex 48.525126 104.525126 8.000000
    endloop
  endfacet
  facet normal 0.659346 0.751840 0.000000
    outer loop
      vertex 49.868629 105.868629 2.000000
      vertex 50.025982 105.730635 8.000000
      vertex 50.025982 105.730635 2.000000
    endloop
  endfacet
  facet normal 0.659346 0.751840 -0.000000
    outer loop
      vertex 49.868629 105.868629 2.000000
      vertex 49.868629 105.868629 8.000000
      vertex 50.025982 105.730635 8.000000
    endloop
  endfacet
  facet normal -0.000000 0.000000 1.000000
    outer loop
      vertex 48.525126 104.525126 8.000000
      vertex 48.869335 104.223263 8.000000
      vertex 50.025982 105.730635 8.000000
    endloop
  endfacet
  facet normal 0.000000 0.000000 1.000000
    outer loop
      vertex 48.525126 104.525126 8.000000
      vertex 50.025982 105.730635 8.000000
      vertex 49.868629 105.868629 8.000000
    endloop
  endfacet
  facet normal 0.000000 0.000000 -1.000000
    outer loop
      vertex 48.525126 104.525126 2.000000
      vertex 50.025982 105.730635 2.000000
      vertex 48.869335 104.223263 2.000000
    endloop
  endfacet
  facet normal 0.000000 0.000000 -1.000000
    outer loop
      vertex 48.525126 104.525126 2.000000
      vertex 49.868629 105.868629 2.000000
      vertex 50.025982 105.730635 2.000000
    endloop
  endfacet
  facet normal -0.555570 -0.831470 0.000000
    outer loop
      vertex 48.869335 104.223263 2.000000
      vertex 49.250000 103.968911 2.000000
      vertex 49.250000 103.968911 8.000000
    endloop
  endfacet
  facet normal -0.555570 -0.831470 0.000000
    outer loop
      vertex 48.869335 104.223263 2.000000
      vertex 49.250000 103.968911 8.000000
      vertex 48.869335 104.223263 8.000000
    endloop
  endfacet
  facet normal 0.555570 0.831470 0.000000
    outer loop
      vertex 50.025982 105.730635 2.000000
      vertex 50.200000 105.614359 8.000000
      vertex 50.200000 105.614359 2.000000
    endloop
  endfacet
  facet normal 0.555570 0.831470 -0.000000
    outer loop
      vertex 50.025982 105.730635 2.000000
      vertex 50.025982 105.730635 8.000000
      vertex 50.200000 105.614359 8.000000
    endloop
  endfacet
  facet normal -0.000000 0.000000 1.000000
    outer loop
      vertex 48.869335 104.223263 8.000000
      vertex 49.250000 103.968911 8.000000
      vertex 50.200000 105.614359 8.000000
    endloop
  endfacet
  facet normal 0.000000 0.000000 1.000000
    outer loop
      vertex 48.869335 104.223263 8.000000
      vertex 50.200000 105.614359 8.000000
      vertex 50.025982 105.730635 8.000000
    endloop
  endfacet
  facet normal 0.000000 0.000000 -1.000000
    outer loop
      vertex 48.869335 104.223263 2.000000
      vertex 50.200000 105.614359 2.000000
      vertex 49.250000 103.968911 2.000000
    endloop
  endfacet
  facet normal 0.000000 0.000000 -1.000000
    outer loop
      vertex 48.869335 104.223263 2.000000
      vertex 50.025982 105.730635 2.000000
      vertex 50.200000 105.614359 2.000000
    endloop
  endfacet
  facet normal -0.442289 -0.896873 0.000000
    outer loop
      vertex 49.250000 103.968911 2.000000
      vertex 49.660608 103.766422 2.000000
      vertex 49.660608 103.766422 8.000000
    endloop
  endfacet
  facet normal -0.442289 -0.896873 0.000000
    outer loop
      vertex 49.250000 103.968911 2.000000
      vertex 49.660608 103.766422 8.000000
      vertex 49.250000 103.968911 8.000000
    endloop
  endfacet
  facet normal 0.442289 0.896873 0.000000
    outer loop
      vertex 50.200000 105.614359 2.000000
      vertex 50.387707 105.521793 8.000000
      vertex 50.387707 105.521793 2.000000
    endloop
  endfacet
  facet normal 0.442289 0.896873 -0.000000
    outer loop
      vertex 50.200000 105.614359 2.000000
      vertex 50.200000 105.614359 8.000000
      vertex 50.387707 105.521793 8.000000
    endloop
  endfacet
  facet normal -0.000000 0.000000 1.000000
    outer loop
      vertex 49.250000 103.968911 8.000000
      vertex 49.660608 103.766422 8.000000
      vertex 50.387707 105.521793 8.000000
    endloop
  endfacet
  facet normal 0.000000 0.000000 1.000000
    outer loop
      vertex 49.250000 103.968911 8.000000
      vertex 50.387707 105.521793 8.000000
      vertex 50.200000 105.614359 8.000000
    endloop
  endfacet
  facet normal 0.000000 0.000000 -1.000000
    outer loop
      vertex 49.250000 103.968911 2.000000
      vertex 50.387707 105.521793 2.000000
      vertex 49.660608 103.766422 2.000000
    endloop
  endfacet
  facet normal 0.000000 0.000000 -1.000000
    outer loop
      vertex 49.250000 103.968911 2.000000
      vertex 50.200000 105.614359 2.000000
      vertex 50.387707 105.521793 2.000000
    endloop
  endfacet
  facet normal -0.321439 -0.946930 0.000000
    outer loop
      vertex 49.660608 103.766422 2.000000
      vertex 50.094133 103.619260 2.000000
      vertex 50.094133 103.619260 8.000000
    endloop
  endfacet
  facet normal -0.321439 -0.946930 0.000000
    outer loop
      vertex 49.660608 103.766422 2.000000
      vertex 50.094133 103.619260 8.000000
      vertex 49.660608 103.766422 8.000000
    endloop
  endfacet
  facet normal 0.321439 0.946930 0.000000
    outer loop
      vertex 50.387707 105.521793 2.000000
      vertex 50.585890 105.454519 8.000000
      vertex 50.585890 105.454519 2.000000
    endloop
  endfacet
  facet normal 0.321439 0.946930 -0.000000
    outer loop
      vertex 50.387707 105.521793 2.000000
      vertex 50.387707 105.521793 8.000000
      vertex 50.585890 105.454519 8.000000
    endloop
  endfacet
  facet normal -0.000000 0.000000 1.000000
    outer loop
      vertex 49.660608 103.766422 8.000000
      vertex 50.094133 103.619260 8.000000
      vertex 50.585890 105.454519 8.000000
    endloop
  endfacet
  facet normal 0.000000 0.000000 1.000000
    outer loop
      vertex 49.660608 103.766422 8.000000
      vertex 50.585890 105.454519 8.000000
      vertex 50.387707 105.521793 8.000000
    endloop
  endfacet
  facet normal 0.000000 0.000000 -1.000000
    outer loop
      vertex 49.660608 103.766422 2.000000
      vertex 50.585890 105.454519 2.000000
      vertex 50.094133 103.619260 2.000000
    endloop
  endfacet
  facet normal 0.000000 0.000000 -1.000000
    outer loop
      vertex 49.660608 103.766422 2.000000
      vertex 50.387707 105.521793 2.000000
      vertex 50.585890 105.454519 2.000000
    endloop
  endfacet
  facet normal -0.195090 -0.980785 0.000000
    outer loop
      vertex 50.094133 103.619260 2.000000
      vertex 50.543158 103.529943 2.000000
      vertex 50.543158 103.529943 8.000000
    endloop
  endfacet
  facet normal -0.195090 -0.980785 0.000000
    outer loop
      vertex 50.094133 103.619260 2.000000
      vertex 50.543158 103.529943 8.000000
      vertex 50.094133 103.619260 8.000000
    endloop
  endfacet
  facet normal 0.195090 0.980785 0.000000
    outer loop
      vertex 50.585890 105.454519 2.000000
      vertex 50.791158 105.413688 8.000000
      vertex 50.791158 105.413688 2.000000
    endloop
  endfacet
  facet normal 0.195090 0.980785 -0.000000
    outer loop
      vertex 50.585890 105.454519 2.000000
      vertex 50.585890 105.454519 8.000000
      vertex 50.791158 105.413688 8.000000
    endloop
  endfacet
  facet normal -0.000000 0.000000 1.000000
    outer loop
      vertex 50.094133 103.619260 8.000000
      vertex 50.543158 103.529943 8.000000
      vertex 50.791158 105.413688 8.000000
    endloop
  endfacet
  facet normal 0.000000 0.000000 1.000000
    outer loop
      vertex 50.094133 103.619260 8.000000
      vertex 50.791158 105.413688 8.000000
      vertex 50.585890 105.454519 8.000000
    endloop
  endfacet
  facet normal 0.000000 0.000000 -1.000000
    outer loop
      vertex 50.094133 103.619260 2.000000
      vertex 50.791158 105.413688 2.000000
      vertex 50.543158 103.529943 2.000000
    endloop
  endfacet
  facet normal 0.000000 0.000000 -1.000000
    outer loop
      vertex 50.094133 103.619260 2.000000
      vertex 50.585890 105.454519 2.000000
      vertex 50.791158 105.413688 2.000000
    endloop
  endfacet
  facet normal -0.065403 -0.997859 0.000000
    outer loop
      vertex 50.543158 103.529943 2.000000
      vertex 51.000000 103.500000 2.000000
      vertex 51.000000 103.500000 8.000000
    endloop
  endfacet
  facet normal -0.065403 -0.997859 0.000000
    outer loop
      vertex 50.543158 103.529943 2.000000
      vertex 51.000000 103.500000 8.000000
      vertex 50.543158 103.529943 8.000000
    endloop
  endfacet
  facet normal 0.065403 0.997859 0.000000
    outer loop
      vertex 50.791158 105.413688 2.000000
      vertex 51.000000 105.400000 8.000000
      vertex 51.000000 105.400000 2.000000
    endloop
  endfacet
  facet normal 0.065403 0.997859 -0.000000
    outer loop
      vertex 50.791158 105.413688 2.000000
      vertex 50.791158 105.413688 8.000000
      vertex 51.000000 105.400000 8.000000
    endloop
  endfacet
  facet normal -0.000000 0.000000 1.000000
    outer loop
      vertex 50.543158 103.529943 8.000000
      vertex 51.000000 103.500000 8.000000
      vertex 51.000000 105.400000 8.000000
    endloop
  endfacet
  facet normal 0.000000 0.000000 1.000000
    outer loop
      vertex 50.543158 103.529943 8.000000
      vertex 51.000000 105.400000 8.000000
      vertex 50.791158 105.413688 8.000000
    endloop
  endfacet
  facet normal 0.000000 0.000000 -1.000000
    outer loop
      vertex 50.543158 103.529943 2.000000
      vertex 51.000000 105.400000 2.000000
      vertex 51.000000 103.500000 2.000000
    endloop
  endfacet
  facet normal 0.000000 0.000000 -1.000000
    outer loop
      vertex 50.543158 103.529943 2.000000
      vertex 50.791158 105.413688 2.000000
      vertex 51.000000 105.400000 2.000000
    endloop
  endfacet
  facet normal 0.065403 -0.997859 0.000000
    outer loop
      vertex 51.000000 103.500000 2.000000
      vertex 51.456842 103.529943 2.000000
      vertex 51.456842 103.529943 8.000000
    endloop
  endfacet
  facet normal 0.065403 -0.997859 0.000000
    outer loop
      vertex 51.000000 103.500000 2.000000
      vertex 51.456842 103.529943 8.000000
      vertex 51.000000 103.500000 8.000000
    endloop
  endfacet
  facet normal -0.065403 0.997859 0.000000
    outer loop
      vertex 51.000000 105.400000 2.000000
      vertex 51.208842 105.413688 8.000000
      vertex 51.208842 105.413688 2.000000
    endloop
  endfacet
  facet normal -0.065403 0.997859 0.000000
    outer loop
      vertex 51.000000 105.400000 2.000000
      vertex 51.000000 105.400000 8.000000
      vertex 51.208842 105.413688 8.000000
    endloop
  endfacet
  facet normal 0.000000 0.000000 1.000000
    outer loop
      vertex 51.000000 103.500000 8.000000
      vertex 51.456842 103.529943 8.000000
      vertex 51.208842 105.413688 8.000000
    endloop
  endfacet
  facet normal 0.000000 0.000000 1.000000
    outer loop
      vertex 51.000000 103.500000 8.000000
      vertex 51.208842 105.413688 8.000000
      vertex 51.000000 105.400000 8.000000
    endloop
  endfacet
  facet normal 0.000000 0.000000 -1.000000
    outer loop
      vertex 51.000000 103.500000 2.000000
      vertex 51.208842 105.413688 2.000000
      vertex 51.456842 103.529943 2.000000
    endloop
  endfacet
  facet normal 0.000000 0.000000 -1.000000
    outer loop
      vertex 51.000000 103.500000 2.000000
      vertex 51.000000 105.400000 2.000000
      vertex 51.208842 105.413688 2.000000
    endloop
  endfacet
  facet normal 0.195090 -0.980785 0.000000
    outer loop
      vertex 51.456842 103.529943 2.000000
      vertex 51.905867 103.619260 2.000000
      vertex 51.905867 103.619260 8.000000
    endloop
  endfacet
  facet normal 0.195090 -0.980785 0.000000
    outer loop
      vertex 51.456842 103.529943 2.000000
      vertex 51.905867 103.619260 8.000000
      vertex 51.456842 103.529943 8.000000
    endloop
  endfacet
  facet normal -0.195090 0.980785 0.000000
    outer loop
      vertex 51.208842 105.413688 2.000000
      vertex 51.414110 105.454519 8.000000
      vertex 51.414110 105.454519 2.000000
    endloop
  endfacet
  facet normal -0.195090 0.980785 0.000000
    outer loop
      vertex 51.208842 105.413688 2.000000
      vertex 51.208842 105.413688 8.000000
      vertex 51.414110 105.454519 8.000000
    endloop
  endfacet
  facet normal 0.000000 -0.000000 1.000000
    outer loop
      vertex 51.456842 103.529943 8.000000
      vertex 51.905867 103.619260 8.000000
      vertex 51.414110 105.454519 8.000000
    endloop
  endfacet
  facet normal 0.000000 0.000000 1.000000
    outer loop
      vertex 51.456842 103.529943 8.000000
      vertex 51.414110 105.454519 8.000000
      vertex 51.208842 105.413688 8.000000
    endloop
  endfacet
  facet normal 0.000000 0.000000 -1.000000
    outer loop
      vertex 51.456842 103.529943 2.000000
      vertex 51.414110 105.454519 2.000000
      vertex 51.905867 103.619260 2.000000
    endloop
  endfacet
  facet normal 0.000000 0.000000 -1.000000
    outer loop
      vertex 51.456842 103.529943 2.000000
      vertex 51.208842 105.413688 2.000000
      vertex 51.414110 105.454519 2.000000
    endloop
  endfacet
  facet normal 0.321439 -0.946930 0.000000
    outer loop
      vertex 51.905867 103.619260 2.000000
      vertex 52.339392 103.766422 2.000000
      vertex 52.339392 103.766422 8.000000
    endloop
  endfacet
  facet normal 0.321439 -0.946930 0.000000
    outer loop
      vertex 51.905867 103.619260 2.000000
      vertex 52.339392 103.766422 8.000000
      vertex 51.905867 103.619260 8.000000
    endloop
  endfacet
  facet normal -0.321439 0.946930 0.000000
    outer loop
      vertex 51.414110 105.454519 2.000000
      vertex 51.612293 105.521793 8.000000
      vertex 51.612293 105.521793 2.000000
    endloop
  endfacet
  facet normal -0.321439 0.946930 0.000000
    outer loop
      vertex 51.414110 105.454519 2.000000
      vertex 51.414110 105.454519 8.000000
      vertex 51.612293 105.521793 8.000000
    endloop
  endfacet
  facet normal 0.000000 -0.000000 1.000000
    outer loop
      vertex 51.905867 103.619260 8.000000
      vertex 52.339392 103.766422 8.000000
      vertex 51.612293 105.521793 8.000000
    endloop
  endfacet
  facet normal 0.000000 0.000000 1.000000
    outer loop
      vertex 51.905867 103.619260 8.000000
      vertex 51.612293 105.521793 8.000000
      vertex 51.414110 105.454519 8.000000
    endloop
  endfacet
  facet normal 0.000000 0.000000 -1.000000
    outer loop
      vertex 51.905867 103.619260 2.000000
      vertex 51.612293 105.521793 2.000000
      vertex 52.339392 103.766422 2.000000
    endloop
  endfacet
  facet normal 0.000000 0.000000 -1.000000
    outer loop
      vertex 51.905867 103.619260 2.000000
      vertex 51.414110 105.454519 2.000000
      vertex 51.612293 105.521793 2.000000
    endloop
  endfacet
  facet normal 0.442289 -0.896873 0.000000
    outer loop
      vertex 52.339392 103.766422 2.000000
      vertex 52.750000 103.968911 2.000000
      vertex 52.750000 103.968911 8.000000
    endloop
  endfacet
  facet normal 0.442289 -0.896873 0.000000
    outer loop
      vertex 52.339392 103.766422 2.000000
      vertex 52.750000 103.968911 8.000000
      vertex 52.339392 103.766422 8.000000
    endloop
  endfacet
  facet normal -0.442289 0.896873 0.000000
    outer loop
      vertex 51.612293 105.521793 2.000000
      vertex 51.800000 105.614359 8.000000
      vertex 51.800000 105.614359 2.000000
    endloop
  endfacet
  facet normal -0.442289 0.896873 0.000000
    outer loop
      vertex 51.612293 105.521793 2.000000
      vertex 51.612293 105.521793 8.000000
      vertex 51.800000 105.614359 8.000000
    endloop
  endfacet
  facet normal 0.000000 -0.000000 1.000000
    outer loop
      vertex 52.339392 103.766422 8.000000
      vertex 52.750000 103.968911 8.000000
      vertex 51.800000 105.614359 8.000000
    endloop
  endfacet
  facet normal 0.000000 0.000000 1.000000
    outer loop
      vertex 52.339392 103.766422 8.000000
      vertex 51.800000 105.614359 8.000000
      vertex 51.612293 105.521793 8.000000
    endloop
  endfacet
  facet normal 0.000000 0.000000 -1.000000
    outer loop
      vertex 52.339392 103.766422 2.000000
      vertex 51.800000 105.614359 2.000000
      vertex 52.750000 103.968911 2.000000
    endloop
  endfacet
  facet normal 0.000000 0.000000 -1.000000
    outer loop
      vertex 52.339392 103.766422 2.000000
      vertex 51.612293 105.521793 2.000000
      vertex 51.800000 105.614359 2.000000
    endloop
  endfacet
  facet normal 0.555570 -0.831470 0.000000
    outer loop
      vertex 52.750000 103.968911 2.000000
      vertex 53.130665 104.223263 2.000000
      vertex 53.130665 104.223263 8.000000
    endloop
  endfacet
  facet normal 0.555570 -0.831470 0.000000
    outer loop
      vertex 52.750000 103.968911 2.000000
      vertex 53.130665 104.223263 8.000000
      vertex 52.750000 103.968911 8.000000
    endloop
  endfacet
  facet normal -0.555570 0.831470 0.000000
    outer loop
      vertex 51.800000 105.614359 2.000000
      vertex 51.974018 105.730635 8.000000
      vertex 51.974018 105.730635 2.000000
    endloop
  endfacet
  facet normal -0.555570 0.831470 0.000000
    outer loop
      vertex 51.800000 105.614359 2.000000
      vertex 51.800000 105.614359 8.000000
      vertex 51.974018 105.730635 8.000000
    endloop
  endfacet
  facet normal 0.000000 -0.000000 1.000000
    outer loop
      vertex 52.750000 103.968911 8.000000
      vertex 53.130665 104.223263 8.000000
      vertex 51.974018 105.730635 8.000000
    endloop
  endfacet
  facet normal 0.000000 0.000000 1.000000
    outer loop
      vertex 52.750000 103.968911 8.000000
      vertex 51.974018 105.730635 8.000000
      vertex 51.800000 105.614359 8.000000
    endloop
  endfacet
  facet normal 0.000000 0.000000 -1.000000
    outer loop
      vertex 52.750000 103.968911 2.000000
      vertex 51.974018 105.730635 2.000000
      vertex 53.130665 104.223263 2.000000
    endloop
  endfacet
  facet normal 0.000000 0.000000 -1.000000
    outer loop
      vertex 52.750000 103.968911 2.000000
      vertex 51.800000 105.614359 2.000000
      vertex 51.974018 105.730635 2.000000
    endloop
  endfacet
  facet normal 0.659346 -0.751840 0.000000
    outer loop
      vertex 53.130665 104.223263 2.000000
      vertex 53.474874 104.525126 2.000000
      vertex 53.474874 104.525126 8.000000
    endloop
  endfacet
  facet normal 0.659346 -0.751840 0.000000
    outer loop
      vertex 53.130665 104.223263 2.000000
      vertex 53.474874 104.525126 8.000000
      vertex 53.130665 104.223263 8.000000
    endloop
  endfacet
  facet normal -0.659346 0.751840 0.000000
    outer loop
      vertex 51.974018 105.730635 2.000000
      vertex 52.131371 105.868629 8.000000
      vertex 52.131371 105.868629 2.000000
    endloop
  endfacet
  facet normal -0.659346 0.751840 0.000000
    outer loop
      vertex 51.974018 105.730635 2.000000
      vertex 51.974018 105.730635 8.000000
      vertex 52.131371 105.868629 8.000000
    endloop
  endfacet
  facet normal 0.000000 -0.000000 1.000000
    outer loop
      vertex 53.130665 104.223263 8.000000
      vertex 53.474874 104.525126 8.000000
      vertex 52.131371 105.868629 8.000000
    endloop
  endfacet
  facet normal 0.000000 0.000000 1.000000
    outer loop
      vertex 53.130665 104.223263 8.000000
      vertex 52.131371 105.868629 8.000000
      vertex 51.974018 105.730635 8.000000
    endloop
  endfacet
  facet normal 0.000000 0.000000 -1.000000
    outer loop
      vertex 53.130665 104.223263 2.000000
      vertex 52.131371 105.868629 2.000000
      vertex 53.474874 104.525126 2.000000
    endloop
  endfacet
  facet normal 0.000000 0.000000 -1.000000
    outer loop
      vertex 53.130665 104.223263 2.000000
      vertex 51.974018 105.730635 2.000000
      vertex 52.131371 105.868629 2.000000
    endloop
  endfacet
  facet normal 0.751840 -0.659346 0.000000
    outer loop
      vertex 53.474874 104.525126 2.000000
      vertex 53.776737 104.869335 2.000000
      vertex 53.776737 104.869335 8.000000
    endloop
  endfacet
  facet normal 0.751840 -0.659346 0.000000
    outer loop
      vertex 53.474874 104.525126 2.000000
      vertex 53.776737 104.869335 8.000000
      vertex 53.474874 104.525126 8.000000
    endloop
  endfacet
  facet normal -0.751840 0.659346 0.000000
    outer loop
      vertex 52.131371 105.868629 2.000000
      vertex 52.269365 106.025982 8.000000
      vertex 52.269365 106.025982 2.000000
    endloop
  endfacet
  facet normal -0.751840 0.659346 0.000000
    outer loop
      vertex 52.131371 105.868629 2.000000
      vertex 52.131371 105.868629 8.000000
      vertex 52.269365 106.025982 8.000000
    endloop
  endfacet
  facet normal 0.000000 -0.000000 1.000000
    outer loop
      vertex 53.474874 104.525126 8.000000
      vertex 53.776737 104.869335 8.000000
      vertex 52.269365 106.025982 8.000000
    endloop
  endfacet
  facet normal 0.000000 0.000000 1.000000
    outer loop
      vertex 53.474874 104.525126 8.000000
      vertex 52.269365 106.025982 8.000000
      vertex 52.131371 105.868629 8.000000
    endloop
  endfacet
  facet normal 0.000000 0.000000 -1.000000
    outer loop
      vertex 53.474874 104.525126 2.000000
      vertex 52.269365 106.025982 2.000000
      vertex 53.776737 104.869335 2.000000
    endloop
  endfacet
  facet normal 0.000000 0.000000 -1.000000
    outer loop
      vertex 53.474874 104.525126 2.000000
      vertex 52.131371 105.868629 2.000000
      vertex 52.269365 106.025982 2.000000
    endloop
  endfacet
  facet normal 0.831470 -0.555570 0.000000
    outer loop
      vertex 53.776737 104.869335 2.000000
      vertex 54.031089 105.250000 2.000000
      vertex 54.031089 105.250000 8.000000
    endloop
  endfacet
  facet normal 0.831470 -0.555570 0.000000
    outer loop
      vertex 53.776737 104.869335 2.000000
      vertex 54.031089 105.250000 8.000000
      vertex 53.776737 104.869335 8.000000
    endloop
  endfacet
  facet normal -0.831470 0.555570 0.000000
    outer loop
      vertex 52.269365 106.025982 2.000000
      vertex 52.385641 106.200000 8.000000
      vertex 52.385641 106.200000 2.000000
    endloop
  endfacet
  facet normal -0.831470 0.555570 0.000000
    outer loop
      vertex 52.269365 106.025982 2.000000
      vertex 52.269365 106.025982 8.000000
      vertex 52.385641 106.200000 8.000000
    endloop
  endfacet
  facet normal 0.000000 -0.000000 1.000000
    outer loop
      vertex 53.776737 104.869335 8.000000
      vertex 54.031089 105.250000 8.000000
      vertex 52.385641 106.200000 8.000000
    endloop
  endfacet
  facet normal 0.000000 0.000000 1.000000
    outer loop
      vertex 53.776737 104.869335 8.000000
      vertex 52.385641 106.200000 8.000000
      vertex 52.269365 106.025982 8.000000
    endloop
  endfacet
  facet normal 0.000000 0.000000 -1.000000
    outer loop
      vertex 53.776737 104.869335 2.000000
      vertex 52.385641 106.200000 2.000000
      vertex 54.031089 105.250000 2.000000
    endloop
  endfacet
  facet normal 0.000000 0.000000 -1.000000
    outer loop
      vertex 53.776737 104.869335 2.000000
      vertex 52.269365 106.025982 2.000000
      vertex 52.385641 106.200000 2.000000
    endloop
  endfacet
  facet normal 0.896873 -0.442289 0.000000
    outer loop
      vertex 54.031089 105.250000 2.000000
      vertex 54.233578 105.660608 2.000000
      vertex 54.233578 105.660608 8.000000
    endloop
  endfacet
  facet normal 0.896873 -0.442289 0.000000
    outer loop
      vertex 54.031089 105.250000 2.000000
      vertex 54.233578 105.660608 8.000000
      vertex 54.031089 105.250000 8.000000
    endloop
  endfacet
  facet normal -0.896873 0.442289 0.000000
    outer loop
      vertex 52.385641 106.200000 2.000000
      vertex 52.478207 106.387707 8.000000
      vertex 52.478207 106.387707 2.000000
    endloop
  endfacet
  facet normal -0.896873 0.442289 0.000000
    outer loop
      vertex 52.385641 106.200000 2.000000
      vertex 52.385641 106.200000 8.000000
      vertex 52.478207 106.387707 8.000000
    endloop
  endfacet
  facet normal 0.000000 -0.000000 1.000000
    outer loop
      vertex 54.031089 105.250000 8.000000
      vertex 54.233578 105.660608 8.000000
      vertex 52.478207 106.387707 8.000000
    endloop
  endfacet
  facet normal 0.000000 0.000000 1.000000
    outer loop
      vertex 54.031089 105.250000 8.000000
      vertex 52.478207 106.387707 8.000000
      vertex 52.385641 106.200000 8.000000
    endloop
  endfacet
  facet normal 0.000000 0.000000 -1.000000
    outer loop
      vertex 54.031089 105.250000 2.000000
      vertex 52.478207 106.387707 2.000000
      vertex 54.233578 105.660608 2.000000
    endloop
  endfacet
  facet normal 0.000000 0.000000 -1.000000
    outer loop
      vertex 54.031089 105.250000 2.000000
      vertex 52.385641 106.200000 2.000000
      vertex 52.478207 106.387707 2.000000
    endloop
  endfacet
  facet normal 0.946930 -0.321439 0.000000
    outer loop
      vertex 54.233578 105.660608 2.000000
      vertex 54.380740 106.094133 2.000000
      vertex 54.380740 106.094133 8.000000
    endloop
  endfacet
  facet normal 0.946930 -0.321439 0.000000
    outer loop
      vertex 54.233578 105.660608 2.000000
      vertex 54.380740 106.094133 8.000000
      vertex 54.233578 105.660608 8.000000
    endloop
  endfacet
  facet normal -0.946930 0.321439 0.000000
    outer loop
      vertex 52.478207 106.387707 2.000000
      vertex 52.545481 106.585890 8.000000
      vertex 52.545481 106.585890 2.000000
    endloop
  endfacet
  facet normal -0.946930 0.321439 0.000000
    outer loop
      vertex 52.478207 106.387707 2.000000
      vertex 52.478207 106.387707 8.000000
      vertex 52.545481 106.585890 8.000000
    endloop
  endfacet
  facet normal 0.000000 -0.000000 1.000000
    outer loop
      vertex 54.233578 105.660608 8.000000
      vertex 54.380740 106.094133 8.000000
      vertex 52.545481 106.585890 8.000000
    endloop
  endfacet
  facet normal 0.000000 0.000000 1.000000
    outer loop
      vertex 54.233578 105.660608 8.000000
      vertex 52.545481 106.585890 8.000000
      vertex 52.478207 106.387707 8.000000
    endloop
  endfacet
  facet normal 0.000000 0.000000 -1.000000
    outer loop
      vertex 54.233578 105.660608 2.000000
      vertex 52.545481 106.585890 2.000000
      vertex 54.380740 106.094133 2.000000
    endloop
  endfacet
  facet normal 0.000000 0.000000 -1.000000
    outer loop
      vertex 54.233578 105.660608 2.000000
      vertex 52.478207 106.387707 2.000000
      vertex 52.545481 106.585890 2.000000
    endloop
  endfacet
  facet normal 0.980785 -0.195090 0.000000
    outer loop
      vertex 54.380740 106.094133 2.000000
      vertex 54.470057 106.543158 2.000000
      vertex 54.470057 106.543158 8.000000
    endloop
  endfacet
  facet normal 0.980785 -0.195090 0.000000
    outer loop
      vertex 54.380740 106.094133 2.000000
      vertex 54.470057 106.543158 8.000000
      vertex 54.380740 106.094133 8.000000
    endloop
  endfacet
  facet normal -0.980785 0.195090 0.000000
    outer loop
      vertex 52.545481 106.585890 2.000000
      vertex 52.586312 106.791158 8.000000
      vertex 52.586312 106.791158 2.000000
    endloop
  endfacet
  facet normal -0.980785 0.195090 0.000000
    outer loop
      vertex 52.545481 106.585890 2.000000
      vertex 52.545481 106.585890 8.000000
      vertex 52.586312 106.791158 8.000000
    endloop
  endfacet
  facet normal 0.000000 -0.000000 1.000000
    outer loop
      vertex 54.380740 106.094133 8.000000
      vertex 54.470057 106.543158 8.000000
      vertex 52.586312 106.791158 8.000000
    endloop
  endfacet
  facet normal 0.000000 0.000000 1.000000
    outer loop
      vertex 54.380740 106.094133 8.000000
      vertex 52.586312 106.791158 8.000000
      vertex 52.545481 106.585890 8.000000
    endloop
  endfacet
  facet normal 0.000000 0.000000 -1.000000
    outer loop
      vertex 54.380740 106.094133 2.000000
      vertex 52.586312 106.791158 2.000000
      vertex 54.470057 106.543158 2.000000
    endloop
  endfacet
  facet normal 0.000000 0.000000 -1.000000
    outer loop
      vertex 54.380740 106.094133 2.000000
      vertex 52.545481 106.585890 2.000000
      vertex 52.586312 106.791158 2.000000
    endloop
  endfacet
  facet normal 0.997859 -0.065403 0.000000
    outer loop
      vertex 54.470057 106.543158 2.000000
      vertex 54.500000 107.000000 2.000000
      vertex 54.500000 107.000000 8.000000
    endloop
  endfacet
  facet normal 0.997859 -0.065403 0.000000
    outer loop
      vertex 54.470057 106.543158 2.000000
      vertex 54.500000 107.000000 8.000000
      vertex 54.470057 106.543158 8.000000
    endloop
  endfacet
  facet normal -0.997859 0.065403 0.000000
    outer loop
      vertex 52.586312 106.791158 2.000000
      vertex 52.600000 107.000000 8.000000
      vertex 52.600000 107.000000 2.000000
    endloop
  endfacet
  facet normal -0.997859 0.065403 0.000000
    outer loop
      vertex 52.586312 106.791158 2.000000
      vertex 52.586312 106.791158 8.000000
      vertex 52.600000 107.000000 8.000000
    endloop
  endfacet
  facet normal 0.000000 -0.000000 1.000000
    outer loop
      vertex 54.470057 106.543158 8.000000
      vertex 54.500000 107.000000 8.000000
      vertex 52.600000 107.000000 8.000000
    endloop
  endfacet
  facet normal 0.000000 0.000000 1.000000
    outer loop
      vertex 54.470057 106.543158 8.000000
      vertex 52.600000 107.000000 8.000000
      vertex 52.586312 106.791158 8.000000
    endloop
  endfacet
  facet normal 0.000000 0.000000 -1.000000
    outer loop
      vertex 54.470057 106.543158 2.000000
      vertex 52.600000 107.000000 2.000000
      vertex 54.500000 107.000000 2.000000
    endloop
  endfacet
  facet normal 0.000000 0.000000 -1.000000
    outer loop
      vertex 54.470057 106.543158 2.000000
      vertex 52.586312 106.791158 2.000000
      vertex 52.600000 107.000000 2.000000
    endloop
  endfacet
  facet normal 0.000000 0.000000 -1.000000
    outer loop
      vertex 4.000000 4.000000 13.600000
      vertex 52.500000 5.400000 13.600000
      vertex 52.500000 4.000000 13.600000
    endloop
  endfacet
  facet normal 0.000000 0.000000 -1.000000
    outer loop
      vertex 4.000000 4.000000 13.600000
      vertex 4.000000 5.400000 13.600000
      vertex 52.500000 5.400000 13.600000
    endloop
  endfacet
  facet normal 0.000000 0.000000 1.000000
    outer loop
      vertex 4.000000 4.000000 15.400000
      vertex 52.500000 4.000000 15.400000
      vertex 52.500000 5.400000 15.400000
    endloop
  endfacet
  facet normal 0.000000 0.000000 1.000000
    outer loop
      vertex 4.000000 4.000000 15.400000
      vertex 52.500000 5.400000 15.400000
      vertex 4.000000 5.400000 15.400000
    endloop
  endfacet
  facet normal 0.000000 -1.000000 0.000000
    outer loop
      vertex 4.000000 4.000000 13.600000
      vertex 52.500000 4.000000 13.600000
      vertex 52.500000 4.000000 15.400000
    endloop
  endfacet
  facet normal 0.000000 -1.000000 0.000000
    outer loop
      vertex 4.000000 4.000000 13.600000
      vertex 52.500000 4.000000 15.400000
      vertex 4.000000 4.000000 15.400000
    endloop
  endfacet
  facet normal 1.000000 0.000000 0.000000
    outer loop
      vertex 52.500000 4.000000 13.600000
      vertex 52.500000 5.400000 13.600000
      vertex 52.500000 5.400000 15.400000
    endloop
  endfacet
  facet normal 1.000000 0.000000 0.000000
    outer loop
      vertex 52.500000 4.000000 13.600000
      vertex 52.500000 5.400000 15.400000
      vertex 52.500000 4.000000 15.400000
    endloop
  endfacet
  facet normal 0.000000 1.000000 0.000000
    outer loop
      vertex 52.500000 5.400000 13.600000
      vertex 4.000000 5.400000 13.600000
      vertex 4.000000 5.400000 15.400000
    endloop
  endfacet
  facet normal 0.000000 1.000000 -0.000000
    outer loop
      vertex 52.500000 5.400000 13.600000
      vertex 4.000000 5.400000 15.400000
      vertex 52.500000 5.400000 15.400000
    endloop
  endfacet
  facet normal -1.000000 0.000000 0.000000
    outer loop
      vertex 4.000000 5.400000 13.600000
      vertex 4.000000 4.000000 13.600000
      vertex 4.000000 4.000000 15.400000
    endloop
  endfacet
  facet normal -1.000000 0.000000 0.000000
    outer loop
      vertex 4.000000 5.400000 13.600000
      vertex 4.000000 4.000000 15.400000
      vertex 4.000000 5.400000 15.400000
    endloop
  endfacet
  facet normal 0.000000 0.000000 -1.000000
    outer loop
      vertex 4.000000 76.600000 13.600000
      vertex 52.500000 78.000000 13.600000
      vertex 52.500000 76.600000 13.600000
    endloop
  endfacet
  facet normal 0.000000 0.000000 -1.000000
    outer loop
      vertex 4.000000 76.600000 13.600000
      vertex 4.000000 78.000000 13.600000
      vertex 52.500000 78.000000 13.600000
    endloop
  endfacet
  facet normal 0.000000 0.000000 1.000000
    outer loop
      vertex 4.000000 76.600000 15.400000
      vertex 52.500000 76.600000 15.400000
      vertex 52.500000 78.000000 15.400000
    endloop
  endfacet
  facet normal 0.000000 0.000000 1.000000
    outer loop
      vertex 4.000000 76.600000 15.400000
      vertex 52.500000 78.000000 15.400000
      vertex 4.000000 78.000000 15.400000
    endloop
  endfacet
  facet normal 0.000000 -1.000000 0.000000
    outer loop
      vertex 4.000000 76.600000 13.600000
      vertex 52.500000 76.600000 13.600000
      vertex 52.500000 76.600000 15.400000
    endloop
  endfacet
  facet normal 0.000000 -1.000000 0.000000
    outer loop
      vertex 4.000000 76.600000 13.600000
      vertex 52.500000 76.600000 15.400000
      vertex 4.000000 76.600000 15.400000
    endloop
  endfacet
  facet normal 1.000000 0.000000 0.000000
    outer loop
      vertex 52.500000 76.600000 13.600000
      vertex 52.500000 78.000000 13.600000
      vertex 52.500000 78.000000 15.400000
    endloop
  endfacet
  facet normal 1.000000 0.000000 0.000000
    outer loop
      vertex 52.500000 76.600000 13.600000
      vertex 52.500000 78.000000 15.400000
      vertex 52.500000 76.600000 15.400000
    endloop
  endfacet
  facet normal 0.000000 1.000000 0.000000
    outer loop
      vertex 52.500000 78.000000 13.600000
      vertex 4.000000 78.000000 13.600000
      vertex 4.000000 78.000000 15.400000
    endloop
  endfacet
  facet normal 0.000000 1.000000 -0.000000
    outer loop
      vertex 52.500000 78.000000 13.600000
      vertex 4.000000 78.000000 15.400000
      vertex 52.500000 78.000000 15.400000
    endloop
  endfacet
  facet normal -1.000000 0.000000 0.000000
    outer loop
      vertex 4.000000 78.000000 13.600000
      vertex 4.000000 76.600000 13.600000
      vertex 4.000000 76.600000 15.400000
    endloop
  endfacet
  facet normal -1.000000 0.000000 0.000000
    outer loop
      vertex 4.000000 78.000000 13.600000
      vertex 4.000000 76.600000 15.400000
      vertex 4.000000 78.000000 15.400000
    endloop
  endfacet
  facet normal 0.000000 0.000000 -1.000000
    outer loop
      vertex 4.000000 4.000000 15.050000
      vertex 52.500000 5.400000 15.050000
      vertex 52.500000 4.000000 15.050000
    endloop
  endfacet
  facet normal 0.000000 0.000000 -1.000000
    outer loop
      vertex 4.000000 4.000000 15.050000
      vertex 4.000000 5.400000 15.050000
      vertex 52.500000 5.400000 15.050000
    endloop
  endfacet
  facet normal 0.000000 0.000000 1.000000
    outer loop
      vertex 4.000000 4.000000 16.050000
      vertex 52.500000 4.000000 16.050000
      vertex 52.500000 5.400000 16.050000
    endloop
  endfacet
  facet normal 0.000000 0.000000 1.000000
    outer loop
      vertex 4.000000 4.000000 16.050000
      vertex 52.500000 5.400000 16.050000
      vertex 4.000000 5.400000 16.050000
    endloop
  endfacet
  facet normal 0.000000 -1.000000 0.000000
    outer loop
      vertex 4.000000 4.000000 15.050000
      vertex 52.500000 4.000000 15.050000
      vertex 52.500000 4.000000 16.050000
    endloop
  endfacet
  facet normal 0.000000 -1.000000 0.000000
    outer loop
      vertex 4.000000 4.000000 15.050000
      vertex 52.500000 4.000000 16.050000
      vertex 4.000000 4.000000 16.050000
    endloop
  endfacet
  facet normal 1.000000 0.000000 0.000000
    outer loop
      vertex 52.500000 4.000000 15.050000
      vertex 52.500000 5.400000 15.050000
      vertex 52.500000 5.400000 16.050000
    endloop
  endfacet
  facet normal 1.000000 0.000000 0.000000
    outer loop
      vertex 52.500000 4.000000 15.050000
      vertex 52.500000 5.400000 16.050000
      vertex 52.500000 4.000000 16.050000
    endloop
  endfacet
  facet normal 0.000000 1.000000 0.000000
    outer loop
      vertex 52.500000 5.400000 15.050000
      vertex 4.000000 5.400000 15.050000
      vertex 4.000000 5.400000 16.050000
    endloop
  endfacet
  facet normal 0.000000 1.000000 -0.000000
    outer loop
      vertex 52.500000 5.400000 15.050000
      vertex 4.000000 5.400000 16.050000
      vertex 52.500000 5.400000 16.050000
    endloop
  endfacet
  facet normal -1.000000 0.000000 0.000000
    outer loop
      vertex 4.000000 5.400000 15.050000
      vertex 4.000000 4.000000 15.050000
      vertex 4.000000 4.000000 16.050000
    endloop
  endfacet
  facet normal -1.000000 0.000000 0.000000
    outer loop
      vertex 4.000000 5.400000 15.050000
      vertex 4.000000 4.000000 16.050000
      vertex 4.000000 5.400000 16.050000
    endloop
  endfacet
  facet normal 0.000000 0.000000 -1.000000
    outer loop
      vertex 4.000000 76.600000 15.050000
      vertex 52.500000 78.000000 15.050000
      vertex 52.500000 76.600000 15.050000
    endloop
  endfacet
  facet normal 0.000000 0.000000 -1.000000
    outer loop
      vertex 4.000000 76.600000 15.050000
      vertex 4.000000 78.000000 15.050000
      vertex 52.500000 78.000000 15.050000
    endloop
  endfacet
  facet normal 0.000000 0.000000 1.000000
    outer loop
      vertex 4.000000 76.600000 16.050000
      vertex 52.500000 76.600000 16.050000
      vertex 52.500000 78.000000 16.050000
    endloop
  endfacet
  facet normal 0.000000 0.000000 1.000000
    outer loop
      vertex 4.000000 76.600000 16.050000
      vertex 52.500000 78.000000 16.050000
      vertex 4.000000 78.000000 16.050000
    endloop
  endfacet
  facet normal 0.000000 -1.000000 0.000000
    outer loop
      vertex 4.000000 76.600000 15.050000
      vertex 52.500000 76.600000 15.050000
      vertex 52.500000 76.600000 16.050000
    endloop
  endfacet
  facet normal 0.000000 -1.000000 0.000000
    outer loop
      vertex 4.000000 76.600000 15.050000
      vertex 52.500000 76.600000 16.050000
      vertex 4.000000 76.600000 16.050000
    endloop
  endfacet
  facet normal 1.000000 0.000000 0.000000
    outer loop
      vertex 52.500000 76.600000 15.050000
      vertex 52.500000 78.000000 15.050000
      vertex 52.500000 78.000000 16.050000
    endloop
  endfacet
  facet normal 1.000000 0.000000 0.000000
    outer loop
      vertex 52.500000 76.600000 15.050000
      vertex 52.500000 78.000000 16.050000
      vertex 52.500000 76.600000 16.050000
    endloop
  endfacet
  facet normal 0.000000 1.000000 0.000000
    outer loop
      vertex 52.500000 78.000000 15.050000
      vertex 4.000000 78.000000 15.050000
      vertex 4.000000 78.000000 16.050000
    endloop
  endfacet
  facet normal 0.000000 1.000000 -0.000000
    outer loop
      vertex 52.500000 78.000000 15.050000
      vertex 4.000000 78.000000 16.050000
      vertex 52.500000 78.000000 16.050000
    endloop
  endfacet
  facet normal -1.000000 0.000000 0.000000
    outer loop
      vertex 4.000000 78.000000 15.050000
      vertex 4.000000 76.600000 15.050000
      vertex 4.000000 76.600000 16.050000
    endloop
  endfacet
  facet normal -1.000000 0.000000 0.000000
    outer loop
      vertex 4.000000 78.000000 15.050000
      vertex 4.000000 76.600000 16.050000
      vertex 4.000000 78.000000 16.050000
    endloop
  endfacet
  facet normal 0.998795 0.049068 0.000000
    outer loop
      vertex 36.200000 16.000000 2.000000
      vertex 36.165330 16.705723 2.000000
      vertex 36.165330 16.705723 6.000000
    endloop
  endfacet
  facet normal 0.998795 0.049068 -0.000000
    outer loop
      vertex 36.200000 16.000000 2.000000
      vertex 36.165330 16.705723 6.000000
      vertex 36.200000 16.000000 6.000000
    endloop
  endfacet
  facet normal -0.998795 -0.049068 0.000000
    outer loop
      vertex 33.900000 16.000000 2.000000
      vertex 33.876405 16.480284 6.000000
      vertex 33.876405 16.480284 2.000000
    endloop
  endfacet
  facet normal -0.998795 -0.049068 0.000000
    outer loop
      vertex 33.900000 16.000000 2.000000
      vertex 33.900000 16.000000 6.000000
      vertex 33.876405 16.480284 6.000000
    endloop
  endfacet
  facet normal 0.000000 0.000000 1.000000
    outer loop
      vertex 36.200000 16.000000 6.000000
      vertex 36.165330 16.705723 6.000000
      vertex 33.876405 16.480284 6.000000
    endloop
  endfacet
  facet normal 0.000000 0.000000 1.000000
    outer loop
      vertex 36.200000 16.000000 6.000000
      vertex 33.876405 16.480284 6.000000
      vertex 33.900000 16.000000 6.000000
    endloop
  endfacet
  facet normal 0.000000 0.000000 -1.000000
    outer loop
      vertex 36.200000 16.000000 2.000000
      vertex 33.876405 16.480284 2.000000
      vertex 36.165330 16.705723 2.000000
    endloop
  endfacet
  facet normal 0.000000 0.000000 -1.000000
    outer loop
      vertex 36.200000 16.000000 2.000000
      vertex 33.900000 16.000000 2.000000
      vertex 33.876405 16.480284 2.000000
    endloop
  endfacet
  facet normal 0.989177 0.146730 0.000000
    outer loop
      vertex 36.165330 16.705723 2.000000
      vertex 36.061654 17.404650 2.000000
      vertex 36.061654 17.404650 6.000000
    endloop
  endfacet
  facet normal 0.989177 0.146730 -0.000000
    outer loop
      vertex 36.165330 16.705723 2.000000
      vertex 36.061654 17.404650 6.000000
      vertex 36.165330 16.705723 6.000000
    endloop
  endfacet
  facet normal -0.989177 -0.146730 0.000000
    outer loop
      vertex 33.876405 16.480284 2.000000
      vertex 33.805848 16.955943 6.000000
      vertex 33.805848 16.955943 2.000000
    endloop
  endfacet
  facet normal -0.989177 -0.146730 0.000000
    outer loop
      vertex 33.876405 16.480284 2.000000
      vertex 33.876405 16.480284 6.000000
      vertex 33.805848 16.955943 6.000000
    endloop
  endfacet
  facet normal 0.000000 0.000000 1.000000
    outer loop
      vertex 36.165330 16.705723 6.000000
      vertex 36.061654 17.404650 6.000000
      vertex 33.805848 16.955943 6.000000
    endloop
  endfacet
  facet normal 0.000000 0.000000 1.000000
    outer loop
      vertex 36.165330 16.705723 6.000000
      vertex 33.805848 16.955943 6.000000
      vertex 33.876405 16.480284 6.000000
    endloop
  endfacet
  facet normal 0.000000 0.000000 -1.000000
    outer loop
      vertex 36.165330 16.705723 2.000000
      vertex 33.805848 16.955943 2.000000
      vertex 36.061654 17.404650 2.000000
    endloop
  endfacet
  facet normal -0.000000 0.000000 -1.000000
    outer loop
      vertex 36.165330 16.705723 2.000000
      vertex 33.876405 16.480284 2.000000
      vertex 33.805848 16.955943 2.000000
    endloop
  endfacet
  facet normal 0.970031 0.242980 0.000000
    outer loop
      vertex 36.061654 17.404650 2.000000
      vertex 35.889970 18.090050 2.000000
      vertex 35.889970 18.090050 6.000000
    endloop
  endfacet
  facet normal 0.970031 0.242980 -0.000000
    outer loop
      vertex 36.061654 17.404650 2.000000
      vertex 35.889970 18.090050 6.000000
      vertex 36.061654 17.404650 6.000000
    endloop
  endfacet
  facet normal -0.970031 -0.242980 0.000000
    outer loop
      vertex 33.805848 16.955943 2.000000
      vertex 33.689008 17.422395 6.000000
      vertex 33.689008 17.422395 2.000000
    endloop
  endfacet
  facet normal -0.970031 -0.242980 0.000000
    outer loop
      vertex 33.805848 16.955943 2.000000
      vertex 33.805848 16.955943 6.000000
      vertex 33.689008 17.422395 6.000000
    endloop
  endfacet
  facet normal 0.000000 0.000000 1.000000
    outer loop
      vertex 36.061654 17.404650 6.000000
      vertex 35.889970 18.090050 6.000000
      vertex 33.689008 17.422395 6.000000
    endloop
  endfacet
  facet normal 0.000000 0.000000 1.000000
    outer loop
      vertex 36.061654 17.404650 6.000000
      vertex 33.689008 17.422395 6.000000
      vertex 33.805848 16.955943 6.000000
    endloop
  endfacet
  facet normal 0.000000 0.000000 -1.000000
    outer loop
      vertex 36.061654 17.404650 2.000000
      vertex 33.689008 17.422395 2.000000
      vertex 35.889970 18.090050 2.000000
    endloop
  endfacet
  facet normal -0.000000 0.000000 -1.000000
    outer loop
      vertex 36.061654 17.404650 2.000000
      vertex 33.805848 16.955943 2.000000
      vertex 33.689008 17.422395 2.000000
    endloop
  endfacet
  facet normal 0.941544 0.336890 0.000000
    outer loop
      vertex 35.889970 18.090050 2.000000
      vertex 35.651933 18.755321 2.000000
      vertex 35.651933 18.755321 6.000000
    endloop
  endfacet
  facet normal 0.941544 0.336890 -0.000000
    outer loop
      vertex 35.889970 18.090050 2.000000
      vertex 35.651933 18.755321 6.000000
      vertex 35.889970 18.090050 6.000000
    endloop
  endfacet
  facet normal -0.941544 -0.336890 0.000000
    outer loop
      vertex 33.689008 17.422395 2.000000
      vertex 33.527010 17.875149 6.000000
      vertex 33.527010 17.875149 2.000000
    endloop
  endfacet
  facet normal -0.941544 -0.336890 0.000000
    outer loop
      vertex 33.689008 17.422395 2.000000
      vertex 33.689008 17.422395 6.000000
      vertex 33.527010 17.875149 6.000000
    endloop
  endfacet
  facet normal 0.000000 0.000000 1.000000
    outer loop
      vertex 35.889970 18.090050 6.000000
      vertex 35.651933 18.755321 6.000000
      vertex 33.527010 17.875149 6.000000
    endloop
  endfacet
  facet normal 0.000000 0.000000 1.000000
    outer loop
      vertex 35.889970 18.090050 6.000000
      vertex 33.527010 17.875149 6.000000
      vertex 33.689008 17.422395 6.000000
    endloop
  endfacet
  facet normal -0.000000 0.000000 -1.000000
    outer loop
      vertex 35.889970 18.090050 2.000000
      vertex 33.527010 17.875149 2.000000
      vertex 35.651933 18.755321 2.000000
    endloop
  endfacet
  facet normal 0.000000 0.000000 -1.000000
    outer loop
      vertex 35.889970 18.090050 2.000000
      vertex 33.689008 17.422395 2.000000
      vertex 33.527010 17.875149 2.000000
    endloop
  endfacet
  facet normal 0.903989 0.427555 0.000000
    outer loop
      vertex 35.651933 18.755321 2.000000
      vertex 35.349833 19.394057 2.000000
      vertex 35.349833 19.394057 6.000000
    endloop
  endfacet
  facet normal 0.903989 0.427555 -0.000000
    outer loop
      vertex 35.651933 18.755321 2.000000
      vertex 35.349833 19.394057 6.000000
      vertex 35.651933 18.755321 6.000000
    endloop
  endfacet
  facet normal -0.903989 -0.427555 0.000000
    outer loop
      vertex 33.527010 17.875149 2.000000
      vertex 33.321414 18.309844 6.000000
      vertex 33.321414 18.309844 2.000000
    endloop
  endfacet
  facet normal -0.903989 -0.427555 0.000000
    outer loop
      vertex 33.527010 17.875149 2.000000
      vertex 33.527010 17.875149 6.000000
      vertex 33.321414 18.309844 6.000000
    endloop
  endfacet
  facet normal 0.000000 0.000000 1.000000
    outer loop
      vertex 35.651933 18.755321 6.000000
      vertex 35.349833 19.394057 6.000000
      vertex 33.321414 18.309844 6.000000
    endloop
  endfacet
  facet normal 0.000000 0.000000 1.000000
    outer loop
      vertex 35.651933 18.755321 6.000000
      vertex 33.321414 18.309844 6.000000
      vertex 33.527010 17.875149 6.000000
    endloop
  endfacet
  facet normal -0.000000 0.000000 -1.000000
    outer loop
      vertex 35.651933 18.755321 2.000000
      vertex 33.321414 18.309844 2.000000
      vertex 35.349833 19.394057 2.000000
    endloop
  endfacet
  facet normal 0.000000 0.000000 -1.000000
    outer loop
      vertex 35.651933 18.755321 2.000000
      vertex 33.527010 17.875149 2.000000
      vertex 33.321414 18.309844 2.000000
    endloop
  endfacet
  facet normal 0.857729 0.514103 0.000000
    outer loop
      vertex 35.349833 19.394057 2.000000
      vertex 34.986581 20.000106 2.000000
      vertex 34.986581 20.000106 6.000000
    endloop
  endfacet
  facet normal 0.857729 0.514103 -0.000000
    outer loop
      vertex 35.349833 19.394057 2.000000
      vertex 34.986581 20.000106 6.000000
      vertex 35.349833 19.394057 6.000000
    endloop
  endfacet
  facet normal -0.857729 -0.514103 0.000000
    outer loop
      vertex 33.321414 18.309844 2.000000
      vertex 33.074201 18.722294 6.000000
      vertex 33.074201 18.722294 2.000000
    endloop
  endfacet
  facet normal -0.857729 -0.514103 0.000000
    outer loop
      vertex 33.321414 18.309844 2.000000
      vertex 33.321414 18.309844 6.000000
      vertex 33.074201 18.722294 6.000000
    endloop
  endfacet
  facet normal 0.000000 0.000000 1.000000
    outer loop
      vertex 35.349833 19.394057 6.000000
      vertex 34.986581 20.000106 6.000000
      vertex 33.074201 18.722294 6.000000
    endloop
  endfacet
  facet normal 0.000000 0.000000 1.000000
    outer loop
      vertex 35.349833 19.394057 6.000000
      vertex 33.074201 18.722294 6.000000
      vertex 33.321414 18.309844 6.000000
    endloop
  endfacet
  facet normal -0.000000 0.000000 -1.000000
    outer loop
      vertex 35.349833 19.394057 2.000000
      vertex 33.074201 18.722294 2.000000
      vertex 34.986581 20.000106 2.000000
    endloop
  endfacet
  facet normal 0.000000 0.000000 -1.000000
    outer loop
      vertex 35.349833 19.394057 2.000000
      vertex 33.321414 18.309844 2.000000
      vertex 33.074201 18.722294 2.000000
    endloop
  endfacet
  facet normal 0.803208 0.595699 0.000000
    outer loop
      vertex 34.986581 20.000106 2.000000
      vertex 34.565675 20.567632 2.000000
      vertex 34.565675 20.567632 6.000000
    endloop
  endfacet
  facet normal 0.803208 0.595699 -0.000000
    outer loop
      vertex 34.986581 20.000106 2.000000
      vertex 34.565675 20.567632 6.000000
      vertex 34.986581 20.000106 6.000000
    endloop
  endfacet
  facet normal -0.803208 -0.595699 0.000000
    outer loop
      vertex 33.074201 18.722294 2.000000
      vertex 32.787751 19.108527 6.000000
      vertex 32.787751 19.108527 2.000000
    endloop
  endfacet
  facet normal -0.803208 -0.595699 0.000000
    outer loop
      vertex 33.074201 18.722294 2.000000
      vertex 33.074201 18.722294 6.000000
      vertex 32.787751 19.108527 6.000000
    endloop
  endfacet
  facet normal 0.000000 0.000000 1.000000
    outer loop
      vertex 34.986581 20.000106 6.000000
      vertex 34.565675 20.567632 6.000000
      vertex 32.787751 19.108527 6.000000
    endloop
  endfacet
  facet normal 0.000000 0.000000 1.000000
    outer loop
      vertex 34.986581 20.000106 6.000000
      vertex 32.787751 19.108527 6.000000
      vertex 33.074201 18.722294 6.000000
    endloop
  endfacet
  facet normal -0.000000 0.000000 -1.000000
    outer loop
      vertex 34.986581 20.000106 2.000000
      vertex 32.787751 19.108527 2.000000
      vertex 34.565675 20.567632 2.000000
    endloop
  endfacet
  facet normal 0.000000 0.000000 -1.000000
    outer loop
      vertex 34.986581 20.000106 2.000000
      vertex 33.074201 18.722294 2.000000
      vertex 32.787751 19.108527 2.000000
    endloop
  endfacet
  facet normal 0.740951 0.671559 0.000000
    outer loop
      vertex 34.565675 20.567632 2.000000
      vertex 34.091169 21.091169 2.000000
      vertex 34.091169 21.091169 6.000000
    endloop
  endfacet
  facet normal 0.740951 0.671559 -0.000000
    outer loop
      vertex 34.565675 20.567632 2.000000
      vertex 34.091169 21.091169 6.000000
      vertex 34.565675 20.567632 6.000000
    endloop
  endfacet
  facet normal -0.740951 -0.671559 0.000000
    outer loop
      vertex 32.787751 19.108527 2.000000
      vertex 32.464823 19.464823 6.000000
      vertex 32.464823 19.464823 2.000000
    endloop
  endfacet
  facet normal -0.740951 -0.671559 0.000000
    outer loop
      vertex 32.787751 19.108527 2.000000
      vertex 32.787751 19.108527 6.000000
      vertex 32.464823 19.464823 6.000000
    endloop
  endfacet
  facet normal 0.000000 0.000000 1.000000
    outer loop
      vertex 34.565675 20.567632 6.000000
      vertex 34.091169 21.091169 6.000000
      vertex 32.464823 19.464823 6.000000
    endloop
  endfacet
  facet normal 0.000000 0.000000 1.000000
    outer loop
      vertex 34.565675 20.567632 6.000000
      vertex 32.464823 19.464823 6.000000
      vertex 32.787751 19.108527 6.000000
    endloop
  endfacet
  facet normal -0.000000 0.000000 -1.000000
    outer loop
      vertex 34.565675 20.567632 2.000000
      vertex 32.464823 19.464823 2.000000
      vertex 34.091169 21.091169 2.000000
    endloop
  endfacet
  facet normal 0.000000 0.000000 -1.000000
    outer loop
      vertex 34.565675 20.567632 2.000000
      vertex 32.787751 19.108527 2.000000
      vertex 32.464823 19.464823 2.000000
    endloop
  endfacet
  facet normal 0.671559 0.740951 0.000000
    outer loop
      vertex 34.091169 21.091169 2.000000
      vertex 33.567632 21.565675 2.000000
      vertex 33.567632 21.565675 6.000000
    endloop
  endfacet
  facet normal 0.671559 0.740951 -0.000000
    outer loop
      vertex 34.091169 21.091169 2.000000
      vertex 33.567632 21.565675 6.000000
      vertex 34.091169 21.091169 6.000000
    endloop
  endfacet
  facet normal -0.671559 -0.740951 0.000000
    outer loop
      vertex 32.464823 19.464823 2.000000
      vertex 32.108527 19.787751 6.000000
      vertex 32.108527 19.787751 2.000000
    endloop
  endfacet
  facet normal -0.671559 -0.740951 0.000000
    outer loop
      vertex 32.464823 19.464823 2.000000
      vertex 32.464823 19.464823 6.000000
      vertex 32.108527 19.787751 6.000000
    endloop
  endfacet
  facet normal 0.000000 0.000000 1.000000
    outer loop
      vertex 34.091169 21.091169 6.000000
      vertex 33.567632 21.565675 6.000000
      vertex 32.108527 19.787751 6.000000
    endloop
  endfacet
  facet normal 0.000000 0.000000 1.000000
    outer loop
      vertex 34.091169 21.091169 6.000000
      vertex 32.108527 19.787751 6.000000
      vertex 32.464823 19.464823 6.000000
    endloop
  endfacet
  facet normal -0.000000 0.000000 -1.000000
    outer loop
      vertex 34.091169 21.091169 2.000000
      vertex 32.108527 19.787751 2.000000
      vertex 33.567632 21.565675 2.000000
    endloop
  endfacet
  facet normal 0.000000 0.000000 -1.000000
    outer loop
      vertex 34.091169 21.091169 2.000000
      vertex 32.464823 19.464823 2.000000
      vertex 32.108527 19.787751 2.000000
    endloop
  endfacet
  facet normal 0.595699 0.803208 0.000000
    outer loop
      vertex 33.567632 21.565675 2.000000
      vertex 33.000106 21.986581 2.000000
      vertex 33.000106 21.986581 6.000000
    endloop
  endfacet
  facet normal 0.595699 0.803208 -0.000000
    outer loop
      vertex 33.567632 21.565675 2.000000
      vertex 33.000106 21.986581 6.000000
      vertex 33.567632 21.565675 6.000000
    endloop
  endfacet
  facet normal -0.595699 -0.803208 0.000000
    outer loop
      vertex 32.108527 19.787751 2.000000
      vertex 31.722294 20.074201 6.000000
      vertex 31.722294 20.074201 2.000000
    endloop
  endfacet
  facet normal -0.595699 -0.803208 0.000000
    outer loop
      vertex 32.108527 19.787751 2.000000
      vertex 32.108527 19.787751 6.000000
      vertex 31.722294 20.074201 6.000000
    endloop
  endfacet
  facet normal 0.000000 0.000000 1.000000
    outer loop
      vertex 33.567632 21.565675 6.000000
      vertex 33.000106 21.986581 6.000000
      vertex 31.722294 20.074201 6.000000
    endloop
  endfacet
  facet normal 0.000000 0.000000 1.000000
    outer loop
      vertex 33.567632 21.565675 6.000000
      vertex 31.722294 20.074201 6.000000
      vertex 32.108527 19.787751 6.000000
    endloop
  endfacet
  facet normal -0.000000 0.000000 -1.000000
    outer loop
      vertex 33.567632 21.565675 2.000000
      vertex 31.722294 20.074201 2.000000
      vertex 33.000106 21.986581 2.000000
    endloop
  endfacet
  facet normal 0.000000 0.000000 -1.000000
    outer loop
      vertex 33.567632 21.565675 2.000000
      vertex 32.108527 19.787751 2.000000
      vertex 31.722294 20.074201 2.000000
    endloop
  endfacet
  facet normal 0.514103 0.857729 0.000000
    outer loop
      vertex 33.000106 21.986581 2.000000
      vertex 32.394057 22.349833 2.000000
      vertex 32.394057 22.349833 6.000000
    endloop
  endfacet
  facet normal 0.514103 0.857729 -0.000000
    outer loop
      vertex 33.000106 21.986581 2.000000
      vertex 32.394057 22.349833 6.000000
      vertex 33.000106 21.986581 6.000000
    endloop
  endfacet
  facet normal -0.514103 -0.857729 0.000000
    outer loop
      vertex 31.722294 20.074201 2.000000
      vertex 31.309844 20.321414 6.000000
      vertex 31.309844 20.321414 2.000000
    endloop
  endfacet
  facet normal -0.514103 -0.857729 0.000000
    outer loop
      vertex 31.722294 20.074201 2.000000
      vertex 31.722294 20.074201 6.000000
      vertex 31.309844 20.321414 6.000000
    endloop
  endfacet
  facet normal 0.000000 0.000000 1.000000
    outer loop
      vertex 33.000106 21.986581 6.000000
      vertex 32.394057 22.349833 6.000000
      vertex 31.309844 20.321414 6.000000
    endloop
  endfacet
  facet normal 0.000000 0.000000 1.000000
    outer loop
      vertex 33.000106 21.986581 6.000000
      vertex 31.309844 20.321414 6.000000
      vertex 31.722294 20.074201 6.000000
    endloop
  endfacet
  facet normal -0.000000 0.000000 -1.000000
    outer loop
      vertex 33.000106 21.986581 2.000000
      vertex 31.309844 20.321414 2.000000
      vertex 32.394057 22.349833 2.000000
    endloop
  endfacet
  facet normal 0.000000 0.000000 -1.000000
    outer loop
      vertex 33.000106 21.986581 2.000000
      vertex 31.722294 20.074201 2.000000
      vertex 31.309844 20.321414 2.000000
    endloop
  endfacet
  facet normal 0.427555 0.903989 0.000000
    outer loop
      vertex 32.394057 22.349833 2.000000
      vertex 31.755321 22.651933 2.000000
      vertex 31.755321 22.651933 6.000000
    endloop
  endfacet
  facet normal 0.427555 0.903989 -0.000000
    outer loop
      vertex 32.394057 22.349833 2.000000
      vertex 31.755321 22.651933 6.000000
      vertex 32.394057 22.349833 6.000000
    endloop
  endfacet
  facet normal -0.427555 -0.903989 0.000000
    outer loop
      vertex 31.309844 20.321414 2.000000
      vertex 30.875149 20.527010 6.000000
      vertex 30.875149 20.527010 2.000000
    endloop
  endfacet
  facet normal -0.427555 -0.903989 0.000000
    outer loop
      vertex 31.309844 20.321414 2.000000
      vertex 31.309844 20.321414 6.000000
      vertex 30.875149 20.527010 6.000000
    endloop
  endfacet
  facet normal 0.000000 0.000000 1.000000
    outer loop
      vertex 32.394057 22.349833 6.000000
      vertex 31.755321 22.651933 6.000000
      vertex 30.875149 20.527010 6.000000
    endloop
  endfacet
  facet normal 0.000000 0.000000 1.000000
    outer loop
      vertex 32.394057 22.349833 6.000000
      vertex 30.875149 20.527010 6.000000
      vertex 31.309844 20.321414 6.000000
    endloop
  endfacet
  facet normal -0.000000 0.000000 -1.000000
    outer loop
      vertex 32.394057 22.349833 2.000000
      vertex 30.875149 20.527010 2.000000
      vertex 31.755321 22.651933 2.000000
    endloop
  endfacet
  facet normal 0.000000 0.000000 -1.000000
    outer loop
      vertex 32.394057 22.349833 2.000000
      vertex 31.309844 20.321414 2.000000
      vertex 30.875149 20.527010 2.000000
    endloop
  endfacet
  facet normal 0.336890 0.941544 0.000000
    outer loop
      vertex 31.755321 22.651933 2.000000
      vertex 31.090050 22.889970 2.000000
      vertex 31.090050 22.889970 6.000000
    endloop
  endfacet
  facet normal 0.336890 0.941544 -0.000000
    outer loop
      vertex 31.755321 22.651933 2.000000
      vertex 31.090050 22.889970 6.000000
      vertex 31.755321 22.651933 6.000000
    endloop
  endfacet
  facet normal -0.336890 -0.941544 0.000000
    outer loop
      vertex 30.875149 20.527010 2.000000
      vertex 30.422395 20.689008 6.000000
      vertex 30.422395 20.689008 2.000000
    endloop
  endfacet
  facet normal -0.336890 -0.941544 0.000000
    outer loop
      vertex 30.875149 20.527010 2.000000
      vertex 30.875149 20.527010 6.000000
      vertex 30.422395 20.689008 6.000000
    endloop
  endfacet
  facet normal 0.000000 0.000000 1.000000
    outer loop
      vertex 31.755321 22.651933 6.000000
      vertex 31.090050 22.889970 6.000000
      vertex 30.422395 20.689008 6.000000
    endloop
  endfacet
  facet normal 0.000000 0.000000 1.000000
    outer loop
      vertex 31.755321 22.651933 6.000000
      vertex 30.422395 20.689008 6.000000
      vertex 30.875149 20.527010 6.000000
    endloop
  endfacet
  facet normal -0.000000 0.000000 -1.000000
    outer loop
      vertex 31.755321 22.651933 2.000000
      vertex 30.422395 20.689008 2.000000
      vertex 31.090050 22.889970 2.000000
    endloop
  endfacet
  facet normal 0.000000 0.000000 -1.000000
    outer loop
      vertex 31.755321 22.651933 2.000000
      vertex 30.875149 20.527010 2.000000
      vertex 30.422395 20.689008 2.000000
    endloop
  endfacet
  facet normal 0.242980 0.970031 0.000000
    outer loop
      vertex 31.090050 22.889970 2.000000
      vertex 30.404650 23.061654 2.000000
      vertex 30.404650 23.061654 6.000000
    endloop
  endfacet
  facet normal 0.242980 0.970031 -0.000000
    outer loop
      vertex 31.090050 22.889970 2.000000
      vertex 30.404650 23.061654 6.000000
      vertex 31.090050 22.889970 6.000000
    endloop
  endfacet
  facet normal -0.242980 -0.970031 0.000000
    outer loop
      vertex 30.422395 20.689008 2.000000
      vertex 29.955943 20.805848 6.000000
      vertex 29.955943 20.805848 2.000000
    endloop
  endfacet
  facet normal -0.242980 -0.970031 0.000000
    outer loop
      vertex 30.422395 20.689008 2.000000
      vertex 30.422395 20.689008 6.000000
      vertex 29.955943 20.805848 6.000000
    endloop
  endfacet
  facet normal 0.000000 0.000000 1.000000
    outer loop
      vertex 31.090050 22.889970 6.000000
      vertex 30.404650 23.061654 6.000000
      vertex 29.955943 20.805848 6.000000
    endloop
  endfacet
  facet normal 0.000000 0.000000 1.000000
    outer loop
      vertex 31.090050 22.889970 6.000000
      vertex 29.955943 20.805848 6.000000
      vertex 30.422395 20.689008 6.000000
    endloop
  endfacet
  facet normal -0.000000 0.000000 -1.000000
    outer loop
      vertex 31.090050 22.889970 2.000000
      vertex 29.955943 20.805848 2.000000
      vertex 30.404650 23.061654 2.000000
    endloop
  endfacet
  facet normal 0.000000 0.000000 -1.000000
    outer loop
      vertex 31.090050 22.889970 2.000000
      vertex 30.422395 20.689008 2.000000
      vertex 29.955943 20.805848 2.000000
    endloop
  endfacet
  facet normal 0.146730 0.989177 0.000000
    outer loop
      vertex 30.404650 23.061654 2.000000
      vertex 29.705723 23.165330 2.000000
      vertex 29.705723 23.165330 6.000000
    endloop
  endfacet
  facet normal 0.146730 0.989177 -0.000000
    outer loop
      vertex 30.404650 23.061654 2.000000
      vertex 29.705723 23.165330 6.000000
      vertex 30.404650 23.061654 6.000000
    endloop
  endfacet
  facet normal -0.146730 -0.989177 0.000000
    outer loop
      vertex 29.955943 20.805848 2.000000
      vertex 29.480284 20.876405 6.000000
      vertex 29.480284 20.876405 2.000000
    endloop
  endfacet
  facet normal -0.146730 -0.989177 0.000000
    outer loop
      vertex 29.955943 20.805848 2.000000
      vertex 29.955943 20.805848 6.000000
      vertex 29.480284 20.876405 6.000000
    endloop
  endfacet
  facet normal 0.000000 0.000000 1.000000
    outer loop
      vertex 30.404650 23.061654 6.000000
      vertex 29.705723 23.165330 6.000000
      vertex 29.480284 20.876405 6.000000
    endloop
  endfacet
  facet normal 0.000000 0.000000 1.000000
    outer loop
      vertex 30.404650 23.061654 6.000000
      vertex 29.480284 20.876405 6.000000
      vertex 29.955943 20.805848 6.000000
    endloop
  endfacet
  facet normal -0.000000 0.000000 -1.000000
    outer loop
      vertex 30.404650 23.061654 2.000000
      vertex 29.480284 20.876405 2.000000
      vertex 29.705723 23.165330 2.000000
    endloop
  endfacet
  facet normal 0.000000 0.000000 -1.000000
    outer loop
      vertex 30.404650 23.061654 2.000000
      vertex 29.955943 20.805848 2.000000
      vertex 29.480284 20.876405 2.000000
    endloop
  endfacet
  facet normal 0.049068 0.998795 0.000000
    outer loop
      vertex 29.705723 23.165330 2.000000
      vertex 29.000000 23.200000 2.000000
      vertex 29.000000 23.200000 6.000000
    endloop
  endfacet
  facet normal 0.049068 0.998795 -0.000000
    outer loop
      vertex 29.705723 23.165330 2.000000
      vertex 29.000000 23.200000 6.000000
      vertex 29.705723 23.165330 6.000000
    endloop
  endfacet
  facet normal -0.049068 -0.998795 0.000000
    outer loop
      vertex 29.480284 20.876405 2.000000
      vertex 29.000000 20.900000 6.000000
      vertex 29.000000 20.900000 2.000000
    endloop
  endfacet
  facet normal -0.049068 -0.998795 0.000000
    outer loop
      vertex 29.480284 20.876405 2.000000
      vertex 29.480284 20.876405 6.000000
      vertex 29.000000 20.900000 6.000000
    endloop
  endfacet
  facet normal 0.000000 0.000000 1.000000
    outer loop
      vertex 29.705723 23.165330 6.000000
      vertex 29.000000 23.200000 6.000000
      vertex 29.000000 20.900000 6.000000
    endloop
  endfacet
  facet normal 0.000000 0.000000 1.000000
    outer loop
      vertex 29.705723 23.165330 6.000000
      vertex 29.000000 20.900000 6.000000
      vertex 29.480284 20.876405 6.000000
    endloop
  endfacet
  facet normal -0.000000 0.000000 -1.000000
    outer loop
      vertex 29.705723 23.165330 2.000000
      vertex 29.000000 20.900000 2.000000
      vertex 29.000000 23.200000 2.000000
    endloop
  endfacet
  facet normal 0.000000 0.000000 -1.000000
    outer loop
      vertex 29.705723 23.165330 2.000000
      vertex 29.480284 20.876405 2.000000
      vertex 29.000000 20.900000 2.000000
    endloop
  endfacet
  facet normal -0.049068 0.998795 0.000000
    outer loop
      vertex 29.000000 23.200000 2.000000
      vertex 28.294277 23.165330 2.000000
      vertex 28.294277 23.165330 6.000000
    endloop
  endfacet
  facet normal -0.049068 0.998795 0.000000
    outer loop
      vertex 29.000000 23.200000 2.000000
      vertex 28.294277 23.165330 6.000000
      vertex 29.000000 23.200000 6.000000
    endloop
  endfacet
  facet normal 0.049068 -0.998795 0.000000
    outer loop
      vertex 29.000000 20.900000 2.000000
      vertex 28.519716 20.876405 6.000000
      vertex 28.519716 20.876405 2.000000
    endloop
  endfacet
  facet normal 0.049068 -0.998795 0.000000
    outer loop
      vertex 29.000000 20.900000 2.000000
      vertex 29.000000 20.900000 6.000000
      vertex 28.519716 20.876405 6.000000
    endloop
  endfacet
  facet normal 0.000000 0.000000 1.000000
    outer loop
      vertex 29.000000 23.200000 6.000000
      vertex 28.294277 23.165330 6.000000
      vertex 28.519716 20.876405 6.000000
    endloop
  endfacet
  facet normal 0.000000 0.000000 1.000000
    outer loop
      vertex 29.000000 23.200000 6.000000
      vertex 28.519716 20.876405 6.000000
      vertex 29.000000 20.900000 6.000000
    endloop
  endfacet
  facet normal 0.000000 0.000000 -1.000000
    outer loop
      vertex 29.000000 23.200000 2.000000
      vertex 28.519716 20.876405 2.000000
      vertex 28.294277 23.165330 2.000000
    endloop
  endfacet
  facet normal 0.000000 -0.000000 -1.000000
    outer loop
      vertex 29.000000 23.200000 2.000000
      vertex 29.000000 20.900000 2.000000
      vertex 28.519716 20.876405 2.000000
    endloop
  endfacet
  facet normal -0.146730 0.989177 0.000000
    outer loop
      vertex 28.294277 23.165330 2.000000
      vertex 27.595350 23.061654 2.000000
      vertex 27.595350 23.061654 6.000000
    endloop
  endfacet
  facet normal -0.146730 0.989177 0.000000
    outer loop
      vertex 28.294277 23.165330 2.000000
      vertex 27.595350 23.061654 6.000000
      vertex 28.294277 23.165330 6.000000
    endloop
  endfacet
  facet normal 0.146730 -0.989177 0.000000
    outer loop
      vertex 28.519716 20.876405 2.000000
      vertex 28.044057 20.805848 6.000000
      vertex 28.044057 20.805848 2.000000
    endloop
  endfacet
  facet normal 0.146730 -0.989177 0.000000
    outer loop
      vertex 28.519716 20.876405 2.000000
      vertex 28.519716 20.876405 6.000000
      vertex 28.044057 20.805848 6.000000
    endloop
  endfacet
  facet normal 0.000000 0.000000 1.000000
    outer loop
      vertex 28.294277 23.165330 6.000000
      vertex 27.595350 23.061654 6.000000
      vertex 28.044057 20.805848 6.000000
    endloop
  endfacet
  facet normal 0.000000 0.000000 1.000000
    outer loop
      vertex 28.294277 23.165330 6.000000
      vertex 28.044057 20.805848 6.000000
      vertex 28.519716 20.876405 6.000000
    endloop
  endfacet
  facet normal 0.000000 0.000000 -1.000000
    outer loop
      vertex 28.294277 23.165330 2.000000
      vertex 28.044057 20.805848 2.000000
      vertex 27.595350 23.061654 2.000000
    endloop
  endfacet
  facet normal 0.000000 -0.000000 -1.000000
    outer loop
      vertex 28.294277 23.165330 2.000000
      vertex 28.519716 20.876405 2.000000
      vertex 28.044057 20.805848 2.000000
    endloop
  endfacet
  facet normal -0.242980 0.970031 0.000000
    outer loop
      vertex 27.595350 23.061654 2.000000
      vertex 26.909950 22.889970 2.000000
      vertex 26.909950 22.889970 6.000000
    endloop
  endfacet
  facet normal -0.242980 0.970031 0.000000
    outer loop
      vertex 27.595350 23.061654 2.000000
      vertex 26.909950 22.889970 6.000000
      vertex 27.595350 23.061654 6.000000
    endloop
  endfacet
  facet normal 0.242980 -0.970031 0.000000
    outer loop
      vertex 28.044057 20.805848 2.000000
      vertex 27.577605 20.689008 6.000000
      vertex 27.577605 20.689008 2.000000
    endloop
  endfacet
  facet normal 0.242980 -0.970031 0.000000
    outer loop
      vertex 28.044057 20.805848 2.000000
      vertex 28.044057 20.805848 6.000000
      vertex 27.577605 20.689008 6.000000
    endloop
  endfacet
  facet normal 0.000000 0.000000 1.000000
    outer loop
      vertex 27.595350 23.061654 6.000000
      vertex 26.909950 22.889970 6.000000
      vertex 27.577605 20.689008 6.000000
    endloop
  endfacet
  facet normal 0.000000 0.000000 1.000000
    outer loop
      vertex 27.595350 23.061654 6.000000
      vertex 27.577605 20.689008 6.000000
      vertex 28.044057 20.805848 6.000000
    endloop
  endfacet
  facet normal 0.000000 0.000000 -1.000000
    outer loop
      vertex 27.595350 23.061654 2.000000
      vertex 27.577605 20.689008 2.000000
      vertex 26.909950 22.889970 2.000000
    endloop
  endfacet
  facet normal 0.000000 -0.000000 -1.000000
    outer loop
      vertex 27.595350 23.061654 2.000000
      vertex 28.044057 20.805848 2.000000
      vertex 27.577605 20.689008 2.000000
    endloop
  endfacet
  facet normal -0.336890 0.941544 0.000000
    outer loop
      vertex 26.909950 22.889970 2.000000
      vertex 26.244679 22.651933 2.000000
      vertex 26.244679 22.651933 6.000000
    endloop
  endfacet
  facet normal -0.336890 0.941544 0.000000
    outer loop
      vertex 26.909950 22.889970 2.000000
      vertex 26.244679 22.651933 6.000000
      vertex 26.909950 22.889970 6.000000
    endloop
  endfacet
  facet normal 0.336890 -0.941544 0.000000
    outer loop
      vertex 27.577605 20.689008 2.000000
      vertex 27.124851 20.527010 6.000000
      vertex 27.124851 20.527010 2.000000
    endloop
  endfacet
  facet normal 0.336890 -0.941544 0.000000
    outer loop
      vertex 27.577605 20.689008 2.000000
      vertex 27.577605 20.689008 6.000000
      vertex 27.124851 20.527010 6.000000
    endloop
  endfacet
  facet normal 0.000000 0.000000 1.000000
    outer loop
      vertex 26.909950 22.889970 6.000000
      vertex 26.244679 22.651933 6.000000
      vertex 27.124851 20.527010 6.000000
    endloop
  endfacet
  facet normal 0.000000 0.000000 1.000000
    outer loop
      vertex 26.909950 22.889970 6.000000
      vertex 27.124851 20.527010 6.000000
      vertex 27.577605 20.689008 6.000000
    endloop
  endfacet
  facet normal 0.000000 -0.000000 -1.000000
    outer loop
      vertex 26.909950 22.889970 2.000000
      vertex 27.124851 20.527010 2.000000
      vertex 26.244679 22.651933 2.000000
    endloop
  endfacet
  facet normal 0.000000 0.000000 -1.000000
    outer loop
      vertex 26.909950 22.889970 2.000000
      vertex 27.577605 20.689008 2.000000
      vertex 27.124851 20.527010 2.000000
    endloop
  endfacet
  facet normal -0.427555 0.903989 0.000000
    outer loop
      vertex 26.244679 22.651933 2.000000
      vertex 25.605943 22.349833 2.000000
      vertex 25.605943 22.349833 6.000000
    endloop
  endfacet
  facet normal -0.427555 0.903989 0.000000
    outer loop
      vertex 26.244679 22.651933 2.000000
      vertex 25.605943 22.349833 6.000000
      vertex 26.244679 22.651933 6.000000
    endloop
  endfacet
  facet normal 0.427555 -0.903989 0.000000
    outer loop
      vertex 27.124851 20.527010 2.000000
      vertex 26.690156 20.321414 6.000000
      vertex 26.690156 20.321414 2.000000
    endloop
  endfacet
  facet normal 0.427555 -0.903989 0.000000
    outer loop
      vertex 27.124851 20.527010 2.000000
      vertex 27.124851 20.527010 6.000000
      vertex 26.690156 20.321414 6.000000
    endloop
  endfacet
  facet normal 0.000000 0.000000 1.000000
    outer loop
      vertex 26.244679 22.651933 6.000000
      vertex 25.605943 22.349833 6.000000
      vertex 26.690156 20.321414 6.000000
    endloop
  endfacet
  facet normal 0.000000 0.000000 1.000000
    outer loop
      vertex 26.244679 22.651933 6.000000
      vertex 26.690156 20.321414 6.000000
      vertex 27.124851 20.527010 6.000000
    endloop
  endfacet
  facet normal 0.000000 -0.000000 -1.000000
    outer loop
      vertex 26.244679 22.651933 2.000000
      vertex 26.690156 20.321414 2.000000
      vertex 25.605943 22.349833 2.000000
    endloop
  endfacet
  facet normal 0.000000 0.000000 -1.000000
    outer loop
      vertex 26.244679 22.651933 2.000000
      vertex 27.124851 20.527010 2.000000
      vertex 26.690156 20.321414 2.000000
    endloop
  endfacet
  facet normal -0.514103 0.857729 0.000000
    outer loop
      vertex 25.605943 22.349833 2.000000
      vertex 24.999894 21.986581 2.000000
      vertex 24.999894 21.986581 6.000000
    endloop
  endfacet
  facet normal -0.514103 0.857729 0.000000
    outer loop
      vertex 25.605943 22.349833 2.000000
      vertex 24.999894 21.986581 6.000000
      vertex 25.605943 22.349833 6.000000
    endloop
  endfacet
  facet normal 0.514103 -0.857729 0.000000
    outer loop
      vertex 26.690156 20.321414 2.000000
      vertex 26.277706 20.074201 6.000000
      vertex 26.277706 20.074201 2.000000
    endloop
  endfacet
  facet normal 0.514103 -0.857729 0.000000
    outer loop
      vertex 26.690156 20.321414 2.000000
      vertex 26.690156 20.321414 6.000000
      vertex 26.277706 20.074201 6.000000
    endloop
  endfacet
  facet normal 0.000000 0.000000 1.000000
    outer loop
      vertex 25.605943 22.349833 6.000000
      vertex 24.999894 21.986581 6.000000
      vertex 26.277706 20.074201 6.000000
    endloop
  endfacet
  facet normal 0.000000 0.000000 1.000000
    outer loop
      vertex 25.605943 22.349833 6.000000
      vertex 26.277706 20.074201 6.000000
      vertex 26.690156 20.321414 6.000000
    endloop
  endfacet
  facet normal 0.000000 -0.000000 -1.000000
    outer loop
      vertex 25.605943 22.349833 2.000000
      vertex 26.277706 20.074201 2.000000
      vertex 24.999894 21.986581 2.000000
    endloop
  endfacet
  facet normal 0.000000 0.000000 -1.000000
    outer loop
      vertex 25.605943 22.349833 2.000000
      vertex 26.690156 20.321414 2.000000
      vertex 26.277706 20.074201 2.000000
    endloop
  endfacet
  facet normal -0.595699 0.803208 0.000000
    outer loop
      vertex 24.999894 21.986581 2.000000
      vertex 24.432368 21.565675 2.000000
      vertex 24.432368 21.565675 6.000000
    endloop
  endfacet
  facet normal -0.595699 0.803208 0.000000
    outer loop
      vertex 24.999894 21.986581 2.000000
      vertex 24.432368 21.565675 6.000000
      vertex 24.999894 21.986581 6.000000
    endloop
  endfacet
  facet normal 0.595699 -0.803208 0.000000
    outer loop
      vertex 26.277706 20.074201 2.000000
      vertex 25.891473 19.787751 6.000000
      vertex 25.891473 19.787751 2.000000
    endloop
  endfacet
  facet normal 0.595699 -0.803208 0.000000
    outer loop
      vertex 26.277706 20.074201 2.000000
      vertex 26.277706 20.074201 6.000000
      vertex 25.891473 19.787751 6.000000
    endloop
  endfacet
  facet normal 0.000000 0.000000 1.000000
    outer loop
      vertex 24.999894 21.986581 6.000000
      vertex 24.432368 21.565675 6.000000
      vertex 25.891473 19.787751 6.000000
    endloop
  endfacet
  facet normal 0.000000 0.000000 1.000000
    outer loop
      vertex 24.999894 21.986581 6.000000
      vertex 25.891473 19.787751 6.000000
      vertex 26.277706 20.074201 6.000000
    endloop
  endfacet
  facet normal 0.000000 -0.000000 -1.000000
    outer loop
      vertex 24.999894 21.986581 2.000000
      vertex 25.891473 19.787751 2.000000
      vertex 24.432368 21.565675 2.000000
    endloop
  endfacet
  facet normal 0.000000 0.000000 -1.000000
    outer loop
      vertex 24.999894 21.986581 2.000000
      vertex 26.277706 20.074201 2.000000
      vertex 25.891473 19.787751 2.000000
    endloop
  endfacet
  facet normal -0.671559 0.740951 0.000000
    outer loop
      vertex 24.432368 21.565675 2.000000
      vertex 23.908831 21.091169 2.000000
      vertex 23.908831 21.091169 6.000000
    endloop
  endfacet
  facet normal -0.671559 0.740951 0.000000
    outer loop
      vertex 24.432368 21.565675 2.000000
      vertex 23.908831 21.091169 6.000000
      vertex 24.432368 21.565675 6.000000
    endloop
  endfacet
  facet normal 0.671559 -0.740951 0.000000
    outer loop
      vertex 25.891473 19.787751 2.000000
      vertex 25.535177 19.464823 6.000000
      vertex 25.535177 19.464823 2.000000
    endloop
  endfacet
  facet normal 0.671559 -0.740951 0.000000
    outer loop
      vertex 25.891473 19.787751 2.000000
      vertex 25.891473 19.787751 6.000000
      vertex 25.535177 19.464823 6.000000
    endloop
  endfacet
  facet normal 0.000000 0.000000 1.000000
    outer loop
      vertex 24.432368 21.565675 6.000000
      vertex 23.908831 21.091169 6.000000
      vertex 25.535177 19.464823 6.000000
    endloop
  endfacet
  facet normal 0.000000 0.000000 1.000000
    outer loop
      vertex 24.432368 21.565675 6.000000
      vertex 25.535177 19.464823 6.000000
      vertex 25.891473 19.787751 6.000000
    endloop
  endfacet
  facet normal 0.000000 -0.000000 -1.000000
    outer loop
      vertex 24.432368 21.565675 2.000000
      vertex 25.535177 19.464823 2.000000
      vertex 23.908831 21.091169 2.000000
    endloop
  endfacet
  facet normal 0.000000 0.000000 -1.000000
    outer loop
      vertex 24.432368 21.565675 2.000000
      vertex 25.891473 19.787751 2.000000
      vertex 25.535177 19.464823 2.000000
    endloop
  endfacet
  facet normal -0.740951 0.671559 0.000000
    outer loop
      vertex 23.908831 21.091169 2.000000
      vertex 23.434325 20.567632 2.000000
      vertex 23.434325 20.567632 6.000000
    endloop
  endfacet
  facet normal -0.740951 0.671559 0.000000
    outer loop
      vertex 23.908831 21.091169 2.000000
      vertex 23.434325 20.567632 6.000000
      vertex 23.908831 21.091169 6.000000
    endloop
  endfacet
  facet normal 0.740951 -0.671559 0.000000
    outer loop
      vertex 25.535177 19.464823 2.000000
      vertex 25.212249 19.108527 6.000000
      vertex 25.212249 19.108527 2.000000
    endloop
  endfacet
  facet normal 0.740951 -0.671559 0.000000
    outer loop
      vertex 25.535177 19.464823 2.000000
      vertex 25.535177 19.464823 6.000000
      vertex 25.212249 19.108527 6.000000
    endloop
  endfacet
  facet normal 0.000000 0.000000 1.000000
    outer loop
      vertex 23.908831 21.091169 6.000000
      vertex 23.434325 20.567632 6.000000
      vertex 25.212249 19.108527 6.000000
    endloop
  endfacet
  facet normal 0.000000 0.000000 1.000000
    outer loop
      vertex 23.908831 21.091169 6.000000
      vertex 25.212249 19.108527 6.000000
      vertex 25.535177 19.464823 6.000000
    endloop
  endfacet
  facet normal 0.000000 -0.000000 -1.000000
    outer loop
      vertex 23.908831 21.091169 2.000000
      vertex 25.212249 19.108527 2.000000
      vertex 23.434325 20.567632 2.000000
    endloop
  endfacet
  facet normal 0.000000 0.000000 -1.000000
    outer loop
      vertex 23.908831 21.091169 2.000000
      vertex 25.535177 19.464823 2.000000
      vertex 25.212249 19.108527 2.000000
    endloop
  endfacet
  facet normal -0.803208 0.595699 0.000000
    outer loop
      vertex 23.434325 20.567632 2.000000
      vertex 23.013419 20.000106 2.000000
      vertex 23.013419 20.000106 6.000000
    endloop
  endfacet
  facet normal -0.803208 0.595699 0.000000
    outer loop
      vertex 23.434325 20.567632 2.000000
      vertex 23.013419 20.000106 6.000000
      vertex 23.434325 20.567632 6.000000
    endloop
  endfacet
  facet normal 0.803208 -0.595699 0.000000
    outer loop
      vertex 25.212249 19.108527 2.000000
      vertex 24.925799 18.722294 6.000000
      vertex 24.925799 18.722294 2.000000
    endloop
  endfacet
  facet normal 0.803208 -0.595699 0.000000
    outer loop
      vertex 25.212249 19.108527 2.000000
      vertex 25.212249 19.108527 6.000000
      vertex 24.925799 18.722294 6.000000
    endloop
  endfacet
  facet normal 0.000000 0.000000 1.000000
    outer loop
      vertex 23.434325 20.567632 6.000000
      vertex 23.013419 20.000106 6.000000
      vertex 24.925799 18.722294 6.000000
    endloop
  endfacet
  facet normal 0.000000 0.000000 1.000000
    outer loop
      vertex 23.434325 20.567632 6.000000
      vertex 24.925799 18.722294 6.000000
      vertex 25.212249 19.108527 6.000000
    endloop
  endfacet
  facet normal 0.000000 -0.000000 -1.000000
    outer loop
      vertex 23.434325 20.567632 2.000000
      vertex 24.925799 18.722294 2.000000
      vertex 23.013419 20.000106 2.000000
    endloop
  endfacet
  facet normal 0.000000 0.000000 -1.000000
    outer loop
      vertex 23.434325 20.567632 2.000000
      vertex 25.212249 19.108527 2.000000
      vertex 24.925799 18.722294 2.000000
    endloop
  endfacet
  facet normal -0.857729 0.514103 0.000000
    outer loop
      vertex 23.013419 20.000106 2.000000
      vertex 22.650167 19.394057 2.000000
      vertex 22.650167 19.394057 6.000000
    endloop
  endfacet
  facet normal -0.857729 0.514103 0.000000
    outer loop
      vertex 23.013419 20.000106 2.000000
      vertex 22.650167 19.394057 6.000000
      vertex 23.013419 20.000106 6.000000
    endloop
  endfacet
  facet normal 0.857729 -0.514103 0.000000
    outer loop
      vertex 24.925799 18.722294 2.000000
      vertex 24.678586 18.309844 6.000000
      vertex 24.678586 18.309844 2.000000
    endloop
  endfacet
  facet normal 0.857729 -0.514103 0.000000
    outer loop
      vertex 24.925799 18.722294 2.000000
      vertex 24.925799 18.722294 6.000000
      vertex 24.678586 18.309844 6.000000
    endloop
  endfacet
  facet normal 0.000000 0.000000 1.000000
    outer loop
      vertex 23.013419 20.000106 6.000000
      vertex 22.650167 19.394057 6.000000
      vertex 24.678586 18.309844 6.000000
    endloop
  endfacet
  facet normal 0.000000 0.000000 1.000000
    outer loop
      vertex 23.013419 20.000106 6.000000
      vertex 24.678586 18.309844 6.000000
      vertex 24.925799 18.722294 6.000000
    endloop
  endfacet
  facet normal 0.000000 -0.000000 -1.000000
    outer loop
      vertex 23.013419 20.000106 2.000000
      vertex 24.678586 18.309844 2.000000
      vertex 22.650167 19.394057 2.000000
    endloop
  endfacet
  facet normal 0.000000 0.000000 -1.000000
    outer loop
      vertex 23.013419 20.000106 2.000000
      vertex 24.925799 18.722294 2.000000
      vertex 24.678586 18.309844 2.000000
    endloop
  endfacet
  facet normal -0.903989 0.427555 0.000000
    outer loop
      vertex 22.650167 19.394057 2.000000
      vertex 22.348067 18.755321 2.000000
      vertex 22.348067 18.755321 6.000000
    endloop
  endfacet
  facet normal -0.903989 0.427555 0.000000
    outer loop
      vertex 22.650167 19.394057 2.000000
      vertex 22.348067 18.755321 6.000000
      vertex 22.650167 19.394057 6.000000
    endloop
  endfacet
  facet normal 0.903989 -0.427555 0.000000
    outer loop
      vertex 24.678586 18.309844 2.000000
      vertex 24.472990 17.875149 6.000000
      vertex 24.472990 17.875149 2.000000
    endloop
  endfacet
  facet normal 0.903989 -0.427555 0.000000
    outer loop
      vertex 24.678586 18.309844 2.000000
      vertex 24.678586 18.309844 6.000000
      vertex 24.472990 17.875149 6.000000
    endloop
  endfacet
  facet normal 0.000000 0.000000 1.000000
    outer loop
      vertex 22.650167 19.394057 6.000000
      vertex 22.348067 18.755321 6.000000
      vertex 24.472990 17.875149 6.000000
    endloop
  endfacet
  facet normal 0.000000 0.000000 1.000000
    outer loop
      vertex 22.650167 19.394057 6.000000
      vertex 24.472990 17.875149 6.000000
      vertex 24.678586 18.309844 6.000000
    endloop
  endfacet
  facet normal 0.000000 -0.000000 -1.000000
    outer loop
      vertex 22.650167 19.394057 2.000000
      vertex 24.472990 17.875149 2.000000
      vertex 22.348067 18.755321 2.000000
    endloop
  endfacet
  facet normal 0.000000 0.000000 -1.000000
    outer loop
      vertex 22.650167 19.394057 2.000000
      vertex 24.678586 18.309844 2.000000
      vertex 24.472990 17.875149 2.000000
    endloop
  endfacet
  facet normal -0.941544 0.336890 0.000000
    outer loop
      vertex 22.348067 18.755321 2.000000
      vertex 22.110030 18.090050 2.000000
      vertex 22.110030 18.090050 6.000000
    endloop
  endfacet
  facet normal -0.941544 0.336890 0.000000
    outer loop
      vertex 22.348067 18.755321 2.000000
      vertex 22.110030 18.090050 6.000000
      vertex 22.348067 18.755321 6.000000
    endloop
  endfacet
  facet normal 0.941544 -0.336890 0.000000
    outer loop
      vertex 24.472990 17.875149 2.000000
      vertex 24.310992 17.422395 6.000000
      vertex 24.310992 17.422395 2.000000
    endloop
  endfacet
  facet normal 0.941544 -0.336890 0.000000
    outer loop
      vertex 24.472990 17.875149 2.000000
      vertex 24.472990 17.875149 6.000000
      vertex 24.310992 17.422395 6.000000
    endloop
  endfacet
  facet normal 0.000000 0.000000 1.000000
    outer loop
      vertex 22.348067 18.755321 6.000000
      vertex 22.110030 18.090050 6.000000
      vertex 24.310992 17.422395 6.000000
    endloop
  endfacet
  facet normal 0.000000 0.000000 1.000000
    outer loop
      vertex 22.348067 18.755321 6.000000
      vertex 24.310992 17.422395 6.000000
      vertex 24.472990 17.875149 6.000000
    endloop
  endfacet
  facet normal 0.000000 -0.000000 -1.000000
    outer loop
      vertex 22.348067 18.755321 2.000000
      vertex 24.310992 17.422395 2.000000
      vertex 22.110030 18.090050 2.000000
    endloop
  endfacet
  facet normal 0.000000 0.000000 -1.000000
    outer loop
      vertex 22.348067 18.755321 2.000000
      vertex 24.472990 17.875149 2.000000
      vertex 24.310992 17.422395 2.000000
    endloop
  endfacet
  facet normal -0.970031 0.242980 0.000000
    outer loop
      vertex 22.110030 18.090050 2.000000
      vertex 21.938346 17.404650 2.000000
      vertex 21.938346 17.404650 6.000000
    endloop
  endfacet
  facet normal -0.970031 0.242980 0.000000
    outer loop
      vertex 22.110030 18.090050 2.000000
      vertex 21.938346 17.404650 6.000000
      vertex 22.110030 18.090050 6.000000
    endloop
  endfacet
  facet normal 0.970031 -0.242980 0.000000
    outer loop
      vertex 24.310992 17.422395 2.000000
      vertex 24.194152 16.955943 6.000000
      vertex 24.194152 16.955943 2.000000
    endloop
  endfacet
  facet normal 0.970031 -0.242980 0.000000
    outer loop
      vertex 24.310992 17.422395 2.000000
      vertex 24.310992 17.422395 6.000000
      vertex 24.194152 16.955943 6.000000
    endloop
  endfacet
  facet normal 0.000000 0.000000 1.000000
    outer loop
      vertex 22.110030 18.090050 6.000000
      vertex 21.938346 17.404650 6.000000
      vertex 24.194152 16.955943 6.000000
    endloop
  endfacet
  facet normal 0.000000 0.000000 1.000000
    outer loop
      vertex 22.110030 18.090050 6.000000
      vertex 24.194152 16.955943 6.000000
      vertex 24.310992 17.422395 6.000000
    endloop
  endfacet
  facet normal 0.000000 -0.000000 -1.000000
    outer loop
      vertex 22.110030 18.090050 2.000000
      vertex 24.194152 16.955943 2.000000
      vertex 21.938346 17.404650 2.000000
    endloop
  endfacet
  facet normal 0.000000 0.000000 -1.000000
    outer loop
      vertex 22.110030 18.090050 2.000000
      vertex 24.310992 17.422395 2.000000
      vertex 24.194152 16.955943 2.000000
    endloop
  endfacet
  facet normal -0.989177 0.146730 0.000000
    outer loop
      vertex 21.938346 17.404650 2.000000
      vertex 21.834670 16.705723 2.000000
      vertex 21.834670 16.705723 6.000000
    endloop
  endfacet
  facet normal -0.989177 0.146730 0.000000
    outer loop
      vertex 21.938346 17.404650 2.000000
      vertex 21.834670 16.705723 6.000000
      vertex 21.938346 17.404650 6.000000
    endloop
  endfacet
  facet normal 0.989177 -0.146730 0.000000
    outer loop
      vertex 24.194152 16.955943 2.000000
      vertex 24.123595 16.480284 6.000000
      vertex 24.123595 16.480284 2.000000
    endloop
  endfacet
  facet normal 0.989177 -0.146730 0.000000
    outer loop
      vertex 24.194152 16.955943 2.000000
      vertex 24.194152 16.955943 6.000000
      vertex 24.123595 16.480284 6.000000
    endloop
  endfacet
  facet normal 0.000000 0.000000 1.000000
    outer loop
      vertex 21.938346 17.404650 6.000000
      vertex 21.834670 16.705723 6.000000
      vertex 24.123595 16.480284 6.000000
    endloop
  endfacet
  facet normal 0.000000 0.000000 1.000000
    outer loop
      vertex 21.938346 17.404650 6.000000
      vertex 24.123595 16.480284 6.000000
      vertex 24.194152 16.955943 6.000000
    endloop
  endfacet
  facet normal 0.000000 -0.000000 -1.000000
    outer loop
      vertex 21.938346 17.404650 2.000000
      vertex 24.123595 16.480284 2.000000
      vertex 21.834670 16.705723 2.000000
    endloop
  endfacet
  facet normal 0.000000 0.000000 -1.000000
    outer loop
      vertex 21.938346 17.404650 2.000000
      vertex 24.194152 16.955943 2.000000
      vertex 24.123595 16.480284 2.000000
    endloop
  endfacet
  facet normal -0.998795 0.049068 0.000000
    outer loop
      vertex 21.834670 16.705723 2.000000
      vertex 21.800000 16.000000 2.000000
      vertex 21.800000 16.000000 6.000000
    endloop
  endfacet
  facet normal -0.998795 0.049068 0.000000
    outer loop
      vertex 21.834670 16.705723 2.000000
      vertex 21.800000 16.000000 6.000000
      vertex 21.834670 16.705723 6.000000
    endloop
  endfacet
  facet normal 0.998795 -0.049068 0.000000
    outer loop
      vertex 24.123595 16.480284 2.000000
      vertex 24.100000 16.000000 6.000000
      vertex 24.100000 16.000000 2.000000
    endloop
  endfacet
  facet normal 0.998795 -0.049068 0.000000
    outer loop
      vertex 24.123595 16.480284 2.000000
      vertex 24.123595 16.480284 6.000000
      vertex 24.100000 16.000000 6.000000
    endloop
  endfacet
  facet normal 0.000000 0.000000 1.000000
    outer loop
      vertex 21.834670 16.705723 6.000000
      vertex 21.800000 16.000000 6.000000
      vertex 24.100000 16.000000 6.000000
    endloop
  endfacet
  facet normal 0.000000 0.000000 1.000000
    outer loop
      vertex 21.834670 16.705723 6.000000
      vertex 24.100000 16.000000 6.000000
      vertex 24.123595 16.480284 6.000000
    endloop
  endfacet
  facet normal 0.000000 -0.000000 -1.000000
    outer loop
      vertex 21.834670 16.705723 2.000000
      vertex 24.100000 16.000000 2.000000
      vertex 21.800000 16.000000 2.000000
    endloop
  endfacet
  facet normal 0.000000 0.000000 -1.000000
    outer loop
      vertex 21.834670 16.705723 2.000000
      vertex 24.123595 16.480284 2.000000
      vertex 24.100000 16.000000 2.000000
    endloop
  endfacet
  facet normal -0.998795 -0.049068 0.000000
    outer loop
      vertex 21.800000 16.000000 2.000000
      vertex 21.834670 15.294277 2.000000
      vertex 21.834670 15.294277 6.000000
    endloop
  endfacet
  facet normal -0.998795 -0.049068 0.000000
    outer loop
      vertex 21.800000 16.000000 2.000000
      vertex 21.834670 15.294277 6.000000
      vertex 21.800000 16.000000 6.000000
    endloop
  endfacet
  facet normal 0.998795 0.049068 0.000000
    outer loop
      vertex 24.100000 16.000000 2.000000
      vertex 24.123595 15.519716 6.000000
      vertex 24.123595 15.519716 2.000000
    endloop
  endfacet
  facet normal 0.998795 0.049068 -0.000000
    outer loop
      vertex 24.100000 16.000000 2.000000
      vertex 24.100000 16.000000 6.000000
      vertex 24.123595 15.519716 6.000000
    endloop
  endfacet
  facet normal 0.000000 0.000000 1.000000
    outer loop
      vertex 21.800000 16.000000 6.000000
      vertex 21.834670 15.294277 6.000000
      vertex 24.123595 15.519716 6.000000
    endloop
  endfacet
  facet normal -0.000000 0.000000 1.000000
    outer loop
      vertex 21.800000 16.000000 6.000000
      vertex 24.123595 15.519716 6.000000
      vertex 24.100000 16.000000 6.000000
    endloop
  endfacet
  facet normal 0.000000 0.000000 -1.000000
    outer loop
      vertex 21.800000 16.000000 2.000000
      vertex 24.123595 15.519716 2.000000
      vertex 21.834670 15.294277 2.000000
    endloop
  endfacet
  facet normal 0.000000 0.000000 -1.000000
    outer loop
      vertex 21.800000 16.000000 2.000000
      vertex 24.100000 16.000000 2.000000
      vertex 24.123595 15.519716 2.000000
    endloop
  endfacet
  facet normal -0.989177 -0.146730 0.000000
    outer loop
      vertex 21.834670 15.294277 2.000000
      vertex 21.938346 14.595350 2.000000
      vertex 21.938346 14.595350 6.000000
    endloop
  endfacet
  facet normal -0.989177 -0.146730 0.000000
    outer loop
      vertex 21.834670 15.294277 2.000000
      vertex 21.938346 14.595350 6.000000
      vertex 21.834670 15.294277 6.000000
    endloop
  endfacet
  facet normal 0.989177 0.146730 0.000000
    outer loop
      vertex 24.123595 15.519716 2.000000
      vertex 24.194152 15.044057 6.000000
      vertex 24.194152 15.044057 2.000000
    endloop
  endfacet
  facet normal 0.989177 0.146730 -0.000000
    outer loop
      vertex 24.123595 15.519716 2.000000
      vertex 24.123595 15.519716 6.000000
      vertex 24.194152 15.044057 6.000000
    endloop
  endfacet
  facet normal 0.000000 0.000000 1.000000
    outer loop
      vertex 21.834670 15.294277 6.000000
      vertex 21.938346 14.595350 6.000000
      vertex 24.194152 15.044057 6.000000
    endloop
  endfacet
  facet normal -0.000000 0.000000 1.000000
    outer loop
      vertex 21.834670 15.294277 6.000000
      vertex 24.194152 15.044057 6.000000
      vertex 24.123595 15.519716 6.000000
    endloop
  endfacet
  facet normal 0.000000 0.000000 -1.000000
    outer loop
      vertex 21.834670 15.294277 2.000000
      vertex 24.194152 15.044057 2.000000
      vertex 21.938346 14.595350 2.000000
    endloop
  endfacet
  facet normal 0.000000 0.000000 -1.000000
    outer loop
      vertex 21.834670 15.294277 2.000000
      vertex 24.123595 15.519716 2.000000
      vertex 24.194152 15.044057 2.000000
    endloop
  endfacet
  facet normal -0.970031 -0.242980 0.000000
    outer loop
      vertex 21.938346 14.595350 2.000000
      vertex 22.110030 13.909950 2.000000
      vertex 22.110030 13.909950 6.000000
    endloop
  endfacet
  facet normal -0.970031 -0.242980 0.000000
    outer loop
      vertex 21.938346 14.595350 2.000000
      vertex 22.110030 13.909950 6.000000
      vertex 21.938346 14.595350 6.000000
    endloop
  endfacet
  facet normal 0.970031 0.242980 0.000000
    outer loop
      vertex 24.194152 15.044057 2.000000
      vertex 24.310992 14.577605 6.000000
      vertex 24.310992 14.577605 2.000000
    endloop
  endfacet
  facet normal 0.970031 0.242980 -0.000000
    outer loop
      vertex 24.194152 15.044057 2.000000
      vertex 24.194152 15.044057 6.000000
      vertex 24.310992 14.577605 6.000000
    endloop
  endfacet
  facet normal 0.000000 0.000000 1.000000
    outer loop
      vertex 21.938346 14.595350 6.000000
      vertex 22.110030 13.909950 6.000000
      vertex 24.310992 14.577605 6.000000
    endloop
  endfacet
  facet normal -0.000000 0.000000 1.000000
    outer loop
      vertex 21.938346 14.595350 6.000000
      vertex 24.310992 14.577605 6.000000
      vertex 24.194152 15.044057 6.000000
    endloop
  endfacet
  facet normal 0.000000 0.000000 -1.000000
    outer loop
      vertex 21.938346 14.595350 2.000000
      vertex 24.310992 14.577605 2.000000
      vertex 22.110030 13.909950 2.000000
    endloop
  endfacet
  facet normal 0.000000 0.000000 -1.000000
    outer loop
      vertex 21.938346 14.595350 2.000000
      vertex 24.194152 15.044057 2.000000
      vertex 24.310992 14.577605 2.000000
    endloop
  endfacet
  facet normal -0.941544 -0.336890 0.000000
    outer loop
      vertex 22.110030 13.909950 2.000000
      vertex 22.348067 13.244679 2.000000
      vertex 22.348067 13.244679 6.000000
    endloop
  endfacet
  facet normal -0.941544 -0.336890 0.000000
    outer loop
      vertex 22.110030 13.909950 2.000000
      vertex 22.348067 13.244679 6.000000
      vertex 22.110030 13.909950 6.000000
    endloop
  endfacet
  facet normal 0.941544 0.336890 0.000000
    outer loop
      vertex 24.310992 14.577605 2.000000
      vertex 24.472990 14.124851 6.000000
      vertex 24.472990 14.124851 2.000000
    endloop
  endfacet
  facet normal 0.941544 0.336890 -0.000000
    outer loop
      vertex 24.310992 14.577605 2.000000
      vertex 24.310992 14.577605 6.000000
      vertex 24.472990 14.124851 6.000000
    endloop
  endfacet
  facet normal -0.000000 0.000000 1.000000
    outer loop
      vertex 22.110030 13.909950 6.000000
      vertex 22.348067 13.244679 6.000000
      vertex 24.472990 14.124851 6.000000
    endloop
  endfacet
  facet normal 0.000000 0.000000 1.000000
    outer loop
      vertex 22.110030 13.909950 6.000000
      vertex 24.472990 14.124851 6.000000
      vertex 24.310992 14.577605 6.000000
    endloop
  endfacet
  facet normal 0.000000 0.000000 -1.000000
    outer loop
      vertex 22.110030 13.909950 2.000000
      vertex 24.472990 14.124851 2.000000
      vertex 22.348067 13.244679 2.000000
    endloop
  endfacet
  facet normal 0.000000 0.000000 -1.000000
    outer loop
      vertex 22.110030 13.909950 2.000000
      vertex 24.310992 14.577605 2.000000
      vertex 24.472990 14.124851 2.000000
    endloop
  endfacet
  facet normal -0.903989 -0.427555 0.000000
    outer loop
      vertex 22.348067 13.244679 2.000000
      vertex 22.650167 12.605943 2.000000
      vertex 22.650167 12.605943 6.000000
    endloop
  endfacet
  facet normal -0.903989 -0.427555 0.000000
    outer loop
      vertex 22.348067 13.244679 2.000000
      vertex 22.650167 12.605943 6.000000
      vertex 22.348067 13.244679 6.000000
    endloop
  endfacet
  facet normal 0.903989 0.427555 0.000000
    outer loop
      vertex 24.472990 14.124851 2.000000
      vertex 24.678586 13.690156 6.000000
      vertex 24.678586 13.690156 2.000000
    endloop
  endfacet
  facet normal 0.903989 0.427555 -0.000000
    outer loop
      vertex 24.472990 14.124851 2.000000
      vertex 24.472990 14.124851 6.000000
      vertex 24.678586 13.690156 6.000000
    endloop
  endfacet
  facet normal -0.000000 0.000000 1.000000
    outer loop
      vertex 22.348067 13.244679 6.000000
      vertex 22.650167 12.605943 6.000000
      vertex 24.678586 13.690156 6.000000
    endloop
  endfacet
  facet normal 0.000000 0.000000 1.000000
    outer loop
      vertex 22.348067 13.244679 6.000000
      vertex 24.678586 13.690156 6.000000
      vertex 24.472990 14.124851 6.000000
    endloop
  endfacet
  facet normal 0.000000 0.000000 -1.000000
    outer loop
      vertex 22.348067 13.244679 2.000000
      vertex 24.678586 13.690156 2.000000
      vertex 22.650167 12.605943 2.000000
    endloop
  endfacet
  facet normal 0.000000 0.000000 -1.000000
    outer loop
      vertex 22.348067 13.244679 2.000000
      vertex 24.472990 14.124851 2.000000
      vertex 24.678586 13.690156 2.000000
    endloop
  endfacet
  facet normal -0.857729 -0.514103 0.000000
    outer loop
      vertex 22.650167 12.605943 2.000000
      vertex 23.013419 11.999894 2.000000
      vertex 23.013419 11.999894 6.000000
    endloop
  endfacet
  facet normal -0.857729 -0.514103 0.000000
    outer loop
      vertex 22.650167 12.605943 2.000000
      vertex 23.013419 11.999894 6.000000
      vertex 22.650167 12.605943 6.000000
    endloop
  endfacet
  facet normal 0.857729 0.514103 0.000000
    outer loop
      vertex 24.678586 13.690156 2.000000
      vertex 24.925799 13.277706 6.000000
      vertex 24.925799 13.277706 2.000000
    endloop
  endfacet
  facet normal 0.857729 0.514103 -0.000000
    outer loop
      vertex 24.678586 13.690156 2.000000
      vertex 24.678586 13.690156 6.000000
      vertex 24.925799 13.277706 6.000000
    endloop
  endfacet
  facet normal -0.000000 0.000000 1.000000
    outer loop
      vertex 22.650167 12.605943 6.000000
      vertex 23.013419 11.999894 6.000000
      vertex 24.925799 13.277706 6.000000
    endloop
  endfacet
  facet normal 0.000000 0.000000 1.000000
    outer loop
      vertex 22.650167 12.605943 6.000000
      vertex 24.925799 13.277706 6.000000
      vertex 24.678586 13.690156 6.000000
    endloop
  endfacet
  facet normal 0.000000 0.000000 -1.000000
    outer loop
      vertex 22.650167 12.605943 2.000000
      vertex 24.925799 13.277706 2.000000
      vertex 23.013419 11.999894 2.000000
    endloop
  endfacet
  facet normal 0.000000 0.000000 -1.000000
    outer loop
      vertex 22.650167 12.605943 2.000000
      vertex 24.678586 13.690156 2.000000
      vertex 24.925799 13.277706 2.000000
    endloop
  endfacet
  facet normal -0.803208 -0.595699 0.000000
    outer loop
      vertex 23.013419 11.999894 2.000000
      vertex 23.434325 11.432368 2.000000
      vertex 23.434325 11.432368 6.000000
    endloop
  endfacet
  facet normal -0.803208 -0.595699 0.000000
    outer loop
      vertex 23.013419 11.999894 2.000000
      vertex 23.434325 11.432368 6.000000
      vertex 23.013419 11.999894 6.000000
    endloop
  endfacet
  facet normal 0.803208 0.595699 0.000000
    outer loop
      vertex 24.925799 13.277706 2.000000
      vertex 25.212249 12.891473 6.000000
      vertex 25.212249 12.891473 2.000000
    endloop
  endfacet
  facet normal 0.803208 0.595699 -0.000000
    outer loop
      vertex 24.925799 13.277706 2.000000
      vertex 24.925799 13.277706 6.000000
      vertex 25.212249 12.891473 6.000000
    endloop
  endfacet
  facet normal -0.000000 0.000000 1.000000
    outer loop
      vertex 23.013419 11.999894 6.000000
      vertex 23.434325 11.432368 6.000000
      vertex 25.212249 12.891473 6.000000
    endloop
  endfacet
  facet normal 0.000000 0.000000 1.000000
    outer loop
      vertex 23.013419 11.999894 6.000000
      vertex 25.212249 12.891473 6.000000
      vertex 24.925799 13.277706 6.000000
    endloop
  endfacet
  facet normal 0.000000 0.000000 -1.000000
    outer loop
      vertex 23.013419 11.999894 2.000000
      vertex 25.212249 12.891473 2.000000
      vertex 23.434325 11.432368 2.000000
    endloop
  endfacet
  facet normal 0.000000 0.000000 -1.000000
    outer loop
      vertex 23.013419 11.999894 2.000000
      vertex 24.925799 13.277706 2.000000
      vertex 25.212249 12.891473 2.000000
    endloop
  endfacet
  facet normal -0.740951 -0.671559 0.000000
    outer loop
      vertex 23.434325 11.432368 2.000000
      vertex 23.908831 10.908831 2.000000
      vertex 23.908831 10.908831 6.000000
    endloop
  endfacet
  facet normal -0.740951 -0.671559 0.000000
    outer loop
      vertex 23.434325 11.432368 2.000000
      vertex 23.908831 10.908831 6.000000
      vertex 23.434325 11.432368 6.000000
    endloop
  endfacet
  facet normal 0.740951 0.671559 0.000000
    outer loop
      vertex 25.212249 12.891473 2.000000
      vertex 25.535177 12.535177 6.000000
      vertex 25.535177 12.535177 2.000000
    endloop
  endfacet
  facet normal 0.740951 0.671559 -0.000000
    outer loop
      vertex 25.212249 12.891473 2.000000
      vertex 25.212249 12.891473 6.000000
      vertex 25.535177 12.535177 6.000000
    endloop
  endfacet
  facet normal -0.000000 0.000000 1.000000
    outer loop
      vertex 23.434325 11.432368 6.000000
      vertex 23.908831 10.908831 6.000000
      vertex 25.535177 12.535177 6.000000
    endloop
  endfacet
  facet normal 0.000000 0.000000 1.000000
    outer loop
      vertex 23.434325 11.432368 6.000000
      vertex 25.535177 12.535177 6.000000
      vertex 25.212249 12.891473 6.000000
    endloop
  endfacet
  facet normal 0.000000 0.000000 -1.000000
    outer loop
      vertex 23.434325 11.432368 2.000000
      vertex 25.535177 12.535177 2.000000
      vertex 23.908831 10.908831 2.000000
    endloop
  endfacet
  facet normal 0.000000 0.000000 -1.000000
    outer loop
      vertex 23.434325 11.432368 2.000000
      vertex 25.212249 12.891473 2.000000
      vertex 25.535177 12.535177 2.000000
    endloop
  endfacet
  facet normal -0.671559 -0.740951 0.000000
    outer loop
      vertex 23.908831 10.908831 2.000000
      vertex 24.432368 10.434325 2.000000
      vertex 24.432368 10.434325 6.000000
    endloop
  endfacet
  facet normal -0.671559 -0.740951 0.000000
    outer loop
      vertex 23.908831 10.908831 2.000000
      vertex 24.432368 10.434325 6.000000
      vertex 23.908831 10.908831 6.000000
    endloop
  endfacet
  facet normal 0.671559 0.740951 0.000000
    outer loop
      vertex 25.535177 12.535177 2.000000
      vertex 25.891473 12.212249 6.000000
      vertex 25.891473 12.212249 2.000000
    endloop
  endfacet
  facet normal 0.671559 0.740951 -0.000000
    outer loop
      vertex 25.535177 12.535177 2.000000
      vertex 25.535177 12.535177 6.000000
      vertex 25.891473 12.212249 6.000000
    endloop
  endfacet
  facet normal -0.000000 0.000000 1.000000
    outer loop
      vertex 23.908831 10.908831 6.000000
      vertex 24.432368 10.434325 6.000000
      vertex 25.891473 12.212249 6.000000
    endloop
  endfacet
  facet normal 0.000000 0.000000 1.000000
    outer loop
      vertex 23.908831 10.908831 6.000000
      vertex 25.891473 12.212249 6.000000
      vertex 25.535177 12.535177 6.000000
    endloop
  endfacet
  facet normal 0.000000 0.000000 -1.000000
    outer loop
      vertex 23.908831 10.908831 2.000000
      vertex 25.891473 12.212249 2.000000
      vertex 24.432368 10.434325 2.000000
    endloop
  endfacet
  facet normal 0.000000 0.000000 -1.000000
    outer loop
      vertex 23.908831 10.908831 2.000000
      vertex 25.535177 12.535177 2.000000
      vertex 25.891473 12.212249 2.000000
    endloop
  endfacet
  facet normal -0.595699 -0.803208 0.000000
    outer loop
      vertex 24.432368 10.434325 2.000000
      vertex 24.999894 10.013419 2.000000
      vertex 24.999894 10.013419 6.000000
    endloop
  endfacet
  facet normal -0.595699 -0.803208 0.000000
    outer loop
      vertex 24.432368 10.434325 2.000000
      vertex 24.999894 10.013419 6.000000
      vertex 24.432368 10.434325 6.000000
    endloop
  endfacet
  facet normal 0.595699 0.803208 0.000000
    outer loop
      vertex 25.891473 12.212249 2.000000
      vertex 26.277706 11.925799 6.000000
      vertex 26.277706 11.925799 2.000000
    endloop
  endfacet
  facet normal 0.595699 0.803208 -0.000000
    outer loop
      vertex 25.891473 12.212249 2.000000
      vertex 25.891473 12.212249 6.000000
      vertex 26.277706 11.925799 6.000000
    endloop
  endfacet
  facet normal -0.000000 0.000000 1.000000
    outer loop
      vertex 24.432368 10.434325 6.000000
      vertex 24.999894 10.013419 6.000000
      vertex 26.277706 11.925799 6.000000
    endloop
  endfacet
  facet normal 0.000000 0.000000 1.000000
    outer loop
      vertex 24.432368 10.434325 6.000000
      vertex 26.277706 11.925799 6.000000
      vertex 25.891473 12.212249 6.000000
    endloop
  endfacet
  facet normal 0.000000 0.000000 -1.000000
    outer loop
      vertex 24.432368 10.434325 2.000000
      vertex 26.277706 11.925799 2.000000
      vertex 24.999894 10.013419 2.000000
    endloop
  endfacet
  facet normal 0.000000 0.000000 -1.000000
    outer loop
      vertex 24.432368 10.434325 2.000000
      vertex 25.891473 12.212249 2.000000
      vertex 26.277706 11.925799 2.000000
    endloop
  endfacet
  facet normal -0.514103 -0.857729 0.000000
    outer loop
      vertex 24.999894 10.013419 2.000000
      vertex 25.605943 9.650167 2.000000
      vertex 25.605943 9.650167 6.000000
    endloop
  endfacet
  facet normal -0.514103 -0.857729 0.000000
    outer loop
      vertex 24.999894 10.013419 2.000000
      vertex 25.605943 9.650167 6.000000
      vertex 24.999894 10.013419 6.000000
    endloop
  endfacet
  facet normal 0.514103 0.857729 0.000000
    outer loop
      vertex 26.277706 11.925799 2.000000
      vertex 26.690156 11.678586 6.000000
      vertex 26.690156 11.678586 2.000000
    endloop
  endfacet
  facet normal 0.514103 0.857729 -0.000000
    outer loop
      vertex 26.277706 11.925799 2.000000
      vertex 26.277706 11.925799 6.000000
      vertex 26.690156 11.678586 6.000000
    endloop
  endfacet
  facet normal -0.000000 0.000000 1.000000
    outer loop
      vertex 24.999894 10.013419 6.000000
      vertex 25.605943 9.650167 6.000000
      vertex 26.690156 11.678586 6.000000
    endloop
  endfacet
  facet normal 0.000000 0.000000 1.000000
    outer loop
      vertex 24.999894 10.013419 6.000000
      vertex 26.690156 11.678586 6.000000
      vertex 26.277706 11.925799 6.000000
    endloop
  endfacet
  facet normal 0.000000 0.000000 -1.000000
    outer loop
      vertex 24.999894 10.013419 2.000000
      vertex 26.690156 11.678586 2.000000
      vertex 25.605943 9.650167 2.000000
    endloop
  endfacet
  facet normal 0.000000 0.000000 -1.000000
    outer loop
      vertex 24.999894 10.013419 2.000000
      vertex 26.277706 11.925799 2.000000
      vertex 26.690156 11.678586 2.000000
    endloop
  endfacet
  facet normal -0.427555 -0.903989 0.000000
    outer loop
      vertex 25.605943 9.650167 2.000000
      vertex 26.244679 9.348067 2.000000
      vertex 26.244679 9.348067 6.000000
    endloop
  endfacet
  facet normal -0.427555 -0.903989 0.000000
    outer loop
      vertex 25.605943 9.650167 2.000000
      vertex 26.244679 9.348067 6.000000
      vertex 25.605943 9.650167 6.000000
    endloop
  endfacet
  facet normal 0.427555 0.903989 0.000000
    outer loop
      vertex 26.690156 11.678586 2.000000
      vertex 27.124851 11.472990 6.000000
      vertex 27.124851 11.472990 2.000000
    endloop
  endfacet
  facet normal 0.427555 0.903989 -0.000000
    outer loop
      vertex 26.690156 11.678586 2.000000
      vertex 26.690156 11.678586 6.000000
      vertex 27.124851 11.472990 6.000000
    endloop
  endfacet
  facet normal -0.000000 0.000000 1.000000
    outer loop
      vertex 25.605943 9.650167 6.000000
      vertex 26.244679 9.348067 6.000000
      vertex 27.124851 11.472990 6.000000
    endloop
  endfacet
  facet normal 0.000000 0.000000 1.000000
    outer loop
      vertex 25.605943 9.650167 6.000000
      vertex 27.124851 11.472990 6.000000
      vertex 26.690156 11.678586 6.000000
    endloop
  endfacet
  facet normal 0.000000 0.000000 -1.000000
    outer loop
      vertex 25.605943 9.650167 2.000000
      vertex 27.124851 11.472990 2.000000
      vertex 26.244679 9.348067 2.000000
    endloop
  endfacet
  facet normal 0.000000 0.000000 -1.000000
    outer loop
      vertex 25.605943 9.650167 2.000000
      vertex 26.690156 11.678586 2.000000
      vertex 27.124851 11.472990 2.000000
    endloop
  endfacet
  facet normal -0.336890 -0.941544 0.000000
    outer loop
      vertex 26.244679 9.348067 2.000000
      vertex 26.909950 9.110030 2.000000
      vertex 26.909950 9.110030 6.000000
    endloop
  endfacet
  facet normal -0.336890 -0.941544 0.000000
    outer loop
      vertex 26.244679 9.348067 2.000000
      vertex 26.909950 9.110030 6.000000
      vertex 26.244679 9.348067 6.000000
    endloop
  endfacet
  facet normal 0.336890 0.941544 0.000000
    outer loop
      vertex 27.124851 11.472990 2.000000
      vertex 27.577605 11.310992 6.000000
      vertex 27.577605 11.310992 2.000000
    endloop
  endfacet
  facet normal 0.336890 0.941544 -0.000000
    outer loop
      vertex 27.124851 11.472990 2.000000
      vertex 27.124851 11.472990 6.000000
      vertex 27.577605 11.310992 6.000000
    endloop
  endfacet
  facet normal -0.000000 0.000000 1.000000
    outer loop
      vertex 26.244679 9.348067 6.000000
      vertex 26.909950 9.110030 6.000000
      vertex 27.577605 11.310992 6.000000
    endloop
  endfacet
  facet normal 0.000000 0.000000 1.000000
    outer loop
      vertex 26.244679 9.348067 6.000000
      vertex 27.577605 11.310992 6.000000
      vertex 27.124851 11.472990 6.000000
    endloop
  endfacet
  facet normal 0.000000 0.000000 -1.000000
    outer loop
      vertex 26.244679 9.348067 2.000000
      vertex 27.577605 11.310992 2.000000
      vertex 26.909950 9.110030 2.000000
    endloop
  endfacet
  facet normal 0.000000 0.000000 -1.000000
    outer loop
      vertex 26.244679 9.348067 2.000000
      vertex 27.124851 11.472990 2.000000
      vertex 27.577605 11.310992 2.000000
    endloop
  endfacet
  facet normal -0.242980 -0.970031 0.000000
    outer loop
      vertex 26.909950 9.110030 2.000000
      vertex 27.595350 8.938346 2.000000
      vertex 27.595350 8.938346 6.000000
    endloop
  endfacet
  facet normal -0.242980 -0.970031 0.000000
    outer loop
      vertex 26.909950 9.110030 2.000000
      vertex 27.595350 8.938346 6.000000
      vertex 26.909950 9.110030 6.000000
    endloop
  endfacet
  facet normal 0.242980 0.970031 0.000000
    outer loop
      vertex 27.577605 11.310992 2.000000
      vertex 28.044057 11.194152 6.000000
      vertex 28.044057 11.194152 2.000000
    endloop
  endfacet
  facet normal 0.242980 0.970031 -0.000000
    outer loop
      vertex 27.577605 11.310992 2.000000
      vertex 27.577605 11.310992 6.000000
      vertex 28.044057 11.194152 6.000000
    endloop
  endfacet
  facet normal -0.000000 0.000000 1.000000
    outer loop
      vertex 26.909950 9.110030 6.000000
      vertex 27.595350 8.938346 6.000000
      vertex 28.044057 11.194152 6.000000
    endloop
  endfacet
  facet normal 0.000000 0.000000 1.000000
    outer loop
      vertex 26.909950 9.110030 6.000000
      vertex 28.044057 11.194152 6.000000
      vertex 27.577605 11.310992 6.000000
    endloop
  endfacet
  facet normal 0.000000 0.000000 -1.000000
    outer loop
      vertex 26.909950 9.110030 2.000000
      vertex 28.044057 11.194152 2.000000
      vertex 27.595350 8.938346 2.000000
    endloop
  endfacet
  facet normal 0.000000 0.000000 -1.000000
    outer loop
      vertex 26.909950 9.110030 2.000000
      vertex 27.577605 11.310992 2.000000
      vertex 28.044057 11.194152 2.000000
    endloop
  endfacet
  facet normal -0.146730 -0.989177 0.000000
    outer loop
      vertex 27.595350 8.938346 2.000000
      vertex 28.294277 8.834670 2.000000
      vertex 28.294277 8.834670 6.000000
    endloop
  endfacet
  facet normal -0.146730 -0.989177 0.000000
    outer loop
      vertex 27.595350 8.938346 2.000000
      vertex 28.294277 8.834670 6.000000
      vertex 27.595350 8.938346 6.000000
    endloop
  endfacet
  facet normal 0.146730 0.989177 0.000000
    outer loop
      vertex 28.044057 11.194152 2.000000
      vertex 28.519716 11.123595 6.000000
      vertex 28.519716 11.123595 2.000000
    endloop
  endfacet
  facet normal 0.146730 0.989177 -0.000000
    outer loop
      vertex 28.044057 11.194152 2.000000
      vertex 28.044057 11.194152 6.000000
      vertex 28.519716 11.123595 6.000000
    endloop
  endfacet
  facet normal -0.000000 0.000000 1.000000
    outer loop
      vertex 27.595350 8.938346 6.000000
      vertex 28.294277 8.834670 6.000000
      vertex 28.519716 11.123595 6.000000
    endloop
  endfacet
  facet normal 0.000000 0.000000 1.000000
    outer loop
      vertex 27.595350 8.938346 6.000000
      vertex 28.519716 11.123595 6.000000
      vertex 28.044057 11.194152 6.000000
    endloop
  endfacet
  facet normal 0.000000 0.000000 -1.000000
    outer loop
      vertex 27.595350 8.938346 2.000000
      vertex 28.519716 11.123595 2.000000
      vertex 28.294277 8.834670 2.000000
    endloop
  endfacet
  facet normal 0.000000 0.000000 -1.000000
    outer loop
      vertex 27.595350 8.938346 2.000000
      vertex 28.044057 11.194152 2.000000
      vertex 28.519716 11.123595 2.000000
    endloop
  endfacet
  facet normal -0.049068 -0.998795 0.000000
    outer loop
      vertex 28.294277 8.834670 2.000000
      vertex 29.000000 8.800000 2.000000
      vertex 29.000000 8.800000 6.000000
    endloop
  endfacet
  facet normal -0.049068 -0.998795 0.000000
    outer loop
      vertex 28.294277 8.834670 2.000000
      vertex 29.000000 8.800000 6.000000
      vertex 28.294277 8.834670 6.000000
    endloop
  endfacet
  facet normal 0.049068 0.998795 0.000000
    outer loop
      vertex 28.519716 11.123595 2.000000
      vertex 29.000000 11.100000 6.000000
      vertex 29.000000 11.100000 2.000000
    endloop
  endfacet
  facet normal 0.049068 0.998795 -0.000000
    outer loop
      vertex 28.519716 11.123595 2.000000
      vertex 28.519716 11.123595 6.000000
      vertex 29.000000 11.100000 6.000000
    endloop
  endfacet
  facet normal -0.000000 0.000000 1.000000
    outer loop
      vertex 28.294277 8.834670 6.000000
      vertex 29.000000 8.800000 6.000000
      vertex 29.000000 11.100000 6.000000
    endloop
  endfacet
  facet normal 0.000000 0.000000 1.000000
    outer loop
      vertex 28.294277 8.834670 6.000000
      vertex 29.000000 11.100000 6.000000
      vertex 28.519716 11.123595 6.000000
    endloop
  endfacet
  facet normal 0.000000 0.000000 -1.000000
    outer loop
      vertex 28.294277 8.834670 2.000000
      vertex 29.000000 11.100000 2.000000
      vertex 29.000000 8.800000 2.000000
    endloop
  endfacet
  facet normal 0.000000 0.000000 -1.000000
    outer loop
      vertex 28.294277 8.834670 2.000000
      vertex 28.519716 11.123595 2.000000
      vertex 29.000000 11.100000 2.000000
    endloop
  endfacet
  facet normal 0.049068 -0.998795 0.000000
    outer loop
      vertex 29.000000 8.800000 2.000000
      vertex 29.705723 8.834670 2.000000
      vertex 29.705723 8.834670 6.000000
    endloop
  endfacet
  facet normal 0.049068 -0.998795 0.000000
    outer loop
      vertex 29.000000 8.800000 2.000000
      vertex 29.705723 8.834670 6.000000
      vertex 29.000000 8.800000 6.000000
    endloop
  endfacet
  facet normal -0.049068 0.998795 0.000000
    outer loop
      vertex 29.000000 11.100000 2.000000
      vertex 29.480284 11.123595 6.000000
      vertex 29.480284 11.123595 2.000000
    endloop
  endfacet
  facet normal -0.049068 0.998795 0.000000
    outer loop
      vertex 29.000000 11.100000 2.000000
      vertex 29.000000 11.100000 6.000000
      vertex 29.480284 11.123595 6.000000
    endloop
  endfacet
  facet normal 0.000000 0.000000 1.000000
    outer loop
      vertex 29.000000 8.800000 6.000000
      vertex 29.705723 8.834670 6.000000
      vertex 29.480284 11.123595 6.000000
    endloop
  endfacet
  facet normal 0.000000 0.000000 1.000000
    outer loop
      vertex 29.000000 8.800000 6.000000
      vertex 29.480284 11.123595 6.000000
      vertex 29.000000 11.100000 6.000000
    endloop
  endfacet
  facet normal 0.000000 0.000000 -1.000000
    outer loop
      vertex 29.000000 8.800000 2.000000
      vertex 29.480284 11.123595 2.000000
      vertex 29.705723 8.834670 2.000000
    endloop
  endfacet
  facet normal 0.000000 0.000000 -1.000000
    outer loop
      vertex 29.000000 8.800000 2.000000
      vertex 29.000000 11.100000 2.000000
      vertex 29.480284 11.123595 2.000000
    endloop
  endfacet
  facet normal 0.146730 -0.989177 0.000000
    outer loop
      vertex 29.705723 8.834670 2.000000
      vertex 30.404650 8.938346 2.000000
      vertex 30.404650 8.938346 6.000000
    endloop
  endfacet
  facet normal 0.146730 -0.989177 0.000000
    outer loop
      vertex 29.705723 8.834670 2.000000
      vertex 30.404650 8.938346 6.000000
      vertex 29.705723 8.834670 6.000000
    endloop
  endfacet
  facet normal -0.146730 0.989177 0.000000
    outer loop
      vertex 29.480284 11.123595 2.000000
      vertex 29.955943 11.194152 6.000000
      vertex 29.955943 11.194152 2.000000
    endloop
  endfacet
  facet normal -0.146730 0.989177 0.000000
    outer loop
      vertex 29.480284 11.123595 2.000000
      vertex 29.480284 11.123595 6.000000
      vertex 29.955943 11.194152 6.000000
    endloop
  endfacet
  facet normal 0.000000 0.000000 1.000000
    outer loop
      vertex 29.705723 8.834670 6.000000
      vertex 30.404650 8.938346 6.000000
      vertex 29.955943 11.194152 6.000000
    endloop
  endfacet
  facet normal 0.000000 -0.000000 1.000000
    outer loop
      vertex 29.705723 8.834670 6.000000
      vertex 29.955943 11.194152 6.000000
      vertex 29.480284 11.123595 6.000000
    endloop
  endfacet
  facet normal 0.000000 0.000000 -1.000000
    outer loop
      vertex 29.705723 8.834670 2.000000
      vertex 29.955943 11.194152 2.000000
      vertex 30.404650 8.938346 2.000000
    endloop
  endfacet
  facet normal 0.000000 0.000000 -1.000000
    outer loop
      vertex 29.705723 8.834670 2.000000
      vertex 29.480284 11.123595 2.000000
      vertex 29.955943 11.194152 2.000000
    endloop
  endfacet
  facet normal 0.242980 -0.970031 0.000000
    outer loop
      vertex 30.404650 8.938346 2.000000
      vertex 31.090050 9.110030 2.000000
      vertex 31.090050 9.110030 6.000000
    endloop
  endfacet
  facet normal 0.242980 -0.970031 0.000000
    outer loop
      vertex 30.404650 8.938346 2.000000
      vertex 31.090050 9.110030 6.000000
      vertex 30.404650 8.938346 6.000000
    endloop
  endfacet
  facet normal -0.242980 0.970031 0.000000
    outer loop
      vertex 29.955943 11.194152 2.000000
      vertex 30.422395 11.310992 6.000000
      vertex 30.422395 11.310992 2.000000
    endloop
  endfacet
  facet normal -0.242980 0.970031 0.000000
    outer loop
      vertex 29.955943 11.194152 2.000000
      vertex 29.955943 11.194152 6.000000
      vertex 30.422395 11.310992 6.000000
    endloop
  endfacet
  facet normal 0.000000 0.000000 1.000000
    outer loop
      vertex 30.404650 8.938346 6.000000
      vertex 31.090050 9.110030 6.000000
      vertex 30.422395 11.310992 6.000000
    endloop
  endfacet
  facet normal 0.000000 -0.000000 1.000000
    outer loop
      vertex 30.404650 8.938346 6.000000
      vertex 30.422395 11.310992 6.000000
      vertex 29.955943 11.194152 6.000000
    endloop
  endfacet
  facet normal 0.000000 0.000000 -1.000000
    outer loop
      vertex 30.404650 8.938346 2.000000
      vertex 30.422395 11.310992 2.000000
      vertex 31.090050 9.110030 2.000000
    endloop
  endfacet
  facet normal 0.000000 0.000000 -1.000000
    outer loop
      vertex 30.404650 8.938346 2.000000
      vertex 29.955943 11.194152 2.000000
      vertex 30.422395 11.310992 2.000000
    endloop
  endfacet
  facet normal 0.336890 -0.941544 0.000000
    outer loop
      vertex 31.090050 9.110030 2.000000
      vertex 31.755321 9.348067 2.000000
      vertex 31.755321 9.348067 6.000000
    endloop
  endfacet
  facet normal 0.336890 -0.941544 0.000000
    outer loop
      vertex 31.090050 9.110030 2.000000
      vertex 31.755321 9.348067 6.000000
      vertex 31.090050 9.110030 6.000000
    endloop
  endfacet
  facet normal -0.336890 0.941544 0.000000
    outer loop
      vertex 30.422395 11.310992 2.000000
      vertex 30.875149 11.472990 6.000000
      vertex 30.875149 11.472990 2.000000
    endloop
  endfacet
  facet normal -0.336890 0.941544 0.000000
    outer loop
      vertex 30.422395 11.310992 2.000000
      vertex 30.422395 11.310992 6.000000
      vertex 30.875149 11.472990 6.000000
    endloop
  endfacet
  facet normal 0.000000 -0.000000 1.000000
    outer loop
      vertex 31.090050 9.110030 6.000000
      vertex 31.755321 9.348067 6.000000
      vertex 30.875149 11.472990 6.000000
    endloop
  endfacet
  facet normal 0.000000 0.000000 1.000000
    outer loop
      vertex 31.090050 9.110030 6.000000
      vertex 30.875149 11.472990 6.000000
      vertex 30.422395 11.310992 6.000000
    endloop
  endfacet
  facet normal 0.000000 0.000000 -1.000000
    outer loop
      vertex 31.090050 9.110030 2.000000
      vertex 30.875149 11.472990 2.000000
      vertex 31.755321 9.348067 2.000000
    endloop
  endfacet
  facet normal 0.000000 0.000000 -1.000000
    outer loop
      vertex 31.090050 9.110030 2.000000
      vertex 30.422395 11.310992 2.000000
      vertex 30.875149 11.472990 2.000000
    endloop
  endfacet
  facet normal 0.427555 -0.903989 0.000000
    outer loop
      vertex 31.755321 9.348067 2.000000
      vertex 32.394057 9.650167 2.000000
      vertex 32.394057 9.650167 6.000000
    endloop
  endfacet
  facet normal 0.427555 -0.903989 0.000000
    outer loop
      vertex 31.755321 9.348067 2.000000
      vertex 32.394057 9.650167 6.000000
      vertex 31.755321 9.348067 6.000000
    endloop
  endfacet
  facet normal -0.427555 0.903989 0.000000
    outer loop
      vertex 30.875149 11.472990 2.000000
      vertex 31.309844 11.678586 6.000000
      vertex 31.309844 11.678586 2.000000
    endloop
  endfacet
  facet normal -0.427555 0.903989 0.000000
    outer loop
      vertex 30.875149 11.472990 2.000000
      vertex 30.875149 11.472990 6.000000
      vertex 31.309844 11.678586 6.000000
    endloop
  endfacet
  facet normal 0.000000 -0.000000 1.000000
    outer loop
      vertex 31.755321 9.348067 6.000000
      vertex 32.394057 9.650167 6.000000
      vertex 31.309844 11.678586 6.000000
    endloop
  endfacet
  facet normal 0.000000 0.000000 1.000000
    outer loop
      vertex 31.755321 9.348067 6.000000
      vertex 31.309844 11.678586 6.000000
      vertex 30.875149 11.472990 6.000000
    endloop
  endfacet
  facet normal 0.000000 0.000000 -1.000000
    outer loop
      vertex 31.755321 9.348067 2.000000
      vertex 31.309844 11.678586 2.000000
      vertex 32.394057 9.650167 2.000000
    endloop
  endfacet
  facet normal 0.000000 0.000000 -1.000000
    outer loop
      vertex 31.755321 9.348067 2.000000
      vertex 30.875149 11.472990 2.000000
      vertex 31.309844 11.678586 2.000000
    endloop
  endfacet
  facet normal 0.514103 -0.857729 0.000000
    outer loop
      vertex 32.394057 9.650167 2.000000
      vertex 33.000106 10.013419 2.000000
      vertex 33.000106 10.013419 6.000000
    endloop
  endfacet
  facet normal 0.514103 -0.857729 0.000000
    outer loop
      vertex 32.394057 9.650167 2.000000
      vertex 33.000106 10.013419 6.000000
      vertex 32.394057 9.650167 6.000000
    endloop
  endfacet
  facet normal -0.514103 0.857729 0.000000
    outer loop
      vertex 31.309844 11.678586 2.000000
      vertex 31.722294 11.925799 6.000000
      vertex 31.722294 11.925799 2.000000
    endloop
  endfacet
  facet normal -0.514103 0.857729 0.000000
    outer loop
      vertex 31.309844 11.678586 2.000000
      vertex 31.309844 11.678586 6.000000
      vertex 31.722294 11.925799 6.000000
    endloop
  endfacet
  facet normal 0.000000 -0.000000 1.000000
    outer loop
      vertex 32.394057 9.650167 6.000000
      vertex 33.000106 10.013419 6.000000
      vertex 31.722294 11.925799 6.000000
    endloop
  endfacet
  facet normal 0.000000 0.000000 1.000000
    outer loop
      vertex 32.394057 9.650167 6.000000
      vertex 31.722294 11.925799 6.000000
      vertex 31.309844 11.678586 6.000000
    endloop
  endfacet
  facet normal 0.000000 0.000000 -1.000000
    outer loop
      vertex 32.394057 9.650167 2.000000
      vertex 31.722294 11.925799 2.000000
      vertex 33.000106 10.013419 2.000000
    endloop
  endfacet
  facet normal 0.000000 0.000000 -1.000000
    outer loop
      vertex 32.394057 9.650167 2.000000
      vertex 31.309844 11.678586 2.000000
      vertex 31.722294 11.925799 2.000000
    endloop
  endfacet
  facet normal 0.595699 -0.803208 0.000000
    outer loop
      vertex 33.000106 10.013419 2.000000
      vertex 33.567632 10.434325 2.000000
      vertex 33.567632 10.434325 6.000000
    endloop
  endfacet
  facet normal 0.595699 -0.803208 0.000000
    outer loop
      vertex 33.000106 10.013419 2.000000
      vertex 33.567632 10.434325 6.000000
      vertex 33.000106 10.013419 6.000000
    endloop
  endfacet
  facet normal -0.595699 0.803208 0.000000
    outer loop
      vertex 31.722294 11.925799 2.000000
      vertex 32.108527 12.212249 6.000000
      vertex 32.108527 12.212249 2.000000
    endloop
  endfacet
  facet normal -0.595699 0.803208 0.000000
    outer loop
      vertex 31.722294 11.925799 2.000000
      vertex 31.722294 11.925799 6.000000
      vertex 32.108527 12.212249 6.000000
    endloop
  endfacet
  facet normal 0.000000 -0.000000 1.000000
    outer loop
      vertex 33.000106 10.013419 6.000000
      vertex 33.567632 10.434325 6.000000
      vertex 32.108527 12.212249 6.000000
    endloop
  endfacet
  facet normal 0.000000 0.000000 1.000000
    outer loop
      vertex 33.000106 10.013419 6.000000
      vertex 32.108527 12.212249 6.000000
      vertex 31.722294 11.925799 6.000000
    endloop
  endfacet
  facet normal 0.000000 0.000000 -1.000000
    outer loop
      vertex 33.000106 10.013419 2.000000
      vertex 32.108527 12.212249 2.000000
      vertex 33.567632 10.434325 2.000000
    endloop
  endfacet
  facet normal 0.000000 0.000000 -1.000000
    outer loop
      vertex 33.000106 10.013419 2.000000
      vertex 31.722294 11.925799 2.000000
      vertex 32.108527 12.212249 2.000000
    endloop
  endfacet
  facet normal 0.671559 -0.740951 0.000000
    outer loop
      vertex 33.567632 10.434325 2.000000
      vertex 34.091169 10.908831 2.000000
      vertex 34.091169 10.908831 6.000000
    endloop
  endfacet
  facet normal 0.671559 -0.740951 0.000000
    outer loop
      vertex 33.567632 10.434325 2.000000
      vertex 34.091169 10.908831 6.000000
      vertex 33.567632 10.434325 6.000000
    endloop
  endfacet
  facet normal -0.671559 0.740951 0.000000
    outer loop
      vertex 32.108527 12.212249 2.000000
      vertex 32.464823 12.535177 6.000000
      vertex 32.464823 12.535177 2.000000
    endloop
  endfacet
  facet normal -0.671559 0.740951 0.000000
    outer loop
      vertex 32.108527 12.212249 2.000000
      vertex 32.108527 12.212249 6.000000
      vertex 32.464823 12.535177 6.000000
    endloop
  endfacet
  facet normal 0.000000 -0.000000 1.000000
    outer loop
      vertex 33.567632 10.434325 6.000000
      vertex 34.091169 10.908831 6.000000
      vertex 32.464823 12.535177 6.000000
    endloop
  endfacet
  facet normal 0.000000 0.000000 1.000000
    outer loop
      vertex 33.567632 10.434325 6.000000
      vertex 32.464823 12.535177 6.000000
      vertex 32.108527 12.212249 6.000000
    endloop
  endfacet
  facet normal 0.000000 0.000000 -1.000000
    outer loop
      vertex 33.567632 10.434325 2.000000
      vertex 32.464823 12.535177 2.000000
      vertex 34.091169 10.908831 2.000000
    endloop
  endfacet
  facet normal 0.000000 0.000000 -1.000000
    outer loop
      vertex 33.567632 10.434325 2.000000
      vertex 32.108527 12.212249 2.000000
      vertex 32.464823 12.535177 2.000000
    endloop
  endfacet
  facet normal 0.740951 -0.671559 0.000000
    outer loop
      vertex 34.091169 10.908831 2.000000
      vertex 34.565675 11.432368 2.000000
      vertex 34.565675 11.432368 6.000000
    endloop
  endfacet
  facet normal 0.740951 -0.671559 0.000000
    outer loop
      vertex 34.091169 10.908831 2.000000
      vertex 34.565675 11.432368 6.000000
      vertex 34.091169 10.908831 6.000000
    endloop
  endfacet
  facet normal -0.740951 0.671559 0.000000
    outer loop
      vertex 32.464823 12.535177 2.000000
      vertex 32.787751 12.891473 6.000000
      vertex 32.787751 12.891473 2.000000
    endloop
  endfacet
  facet normal -0.740951 0.671559 0.000000
    outer loop
      vertex 32.464823 12.535177 2.000000
      vertex 32.464823 12.535177 6.000000
      vertex 32.787751 12.891473 6.000000
    endloop
  endfacet
  facet normal 0.000000 -0.000000 1.000000
    outer loop
      vertex 34.091169 10.908831 6.000000
      vertex 34.565675 11.432368 6.000000
      vertex 32.787751 12.891473 6.000000
    endloop
  endfacet
  facet normal 0.000000 0.000000 1.000000
    outer loop
      vertex 34.091169 10.908831 6.000000
      vertex 32.787751 12.891473 6.000000
      vertex 32.464823 12.535177 6.000000
    endloop
  endfacet
  facet normal 0.000000 0.000000 -1.000000
    outer loop
      vertex 34.091169 10.908831 2.000000
      vertex 32.787751 12.891473 2.000000
      vertex 34.565675 11.432368 2.000000
    endloop
  endfacet
  facet normal 0.000000 0.000000 -1.000000
    outer loop
      vertex 34.091169 10.908831 2.000000
      vertex 32.464823 12.535177 2.000000
      vertex 32.787751 12.891473 2.000000
    endloop
  endfacet
  facet normal 0.803208 -0.595699 0.000000
    outer loop
      vertex 34.565675 11.432368 2.000000
      vertex 34.986581 11.999894 2.000000
      vertex 34.986581 11.999894 6.000000
    endloop
  endfacet
  facet normal 0.803208 -0.595699 0.000000
    outer loop
      vertex 34.565675 11.432368 2.000000
      vertex 34.986581 11.999894 6.000000
      vertex 34.565675 11.432368 6.000000
    endloop
  endfacet
  facet normal -0.803208 0.595699 0.000000
    outer loop
      vertex 32.787751 12.891473 2.000000
      vertex 33.074201 13.277706 6.000000
      vertex 33.074201 13.277706 2.000000
    endloop
  endfacet
  facet normal -0.803208 0.595699 0.000000
    outer loop
      vertex 32.787751 12.891473 2.000000
      vertex 32.787751 12.891473 6.000000
      vertex 33.074201 13.277706 6.000000
    endloop
  endfacet
  facet normal 0.000000 -0.000000 1.000000
    outer loop
      vertex 34.565675 11.432368 6.000000
      vertex 34.986581 11.999894 6.000000
      vertex 33.074201 13.277706 6.000000
    endloop
  endfacet
  facet normal 0.000000 0.000000 1.000000
    outer loop
      vertex 34.565675 11.432368 6.000000
      vertex 33.074201 13.277706 6.000000
      vertex 32.787751 12.891473 6.000000
    endloop
  endfacet
  facet normal 0.000000 0.000000 -1.000000
    outer loop
      vertex 34.565675 11.432368 2.000000
      vertex 33.074201 13.277706 2.000000
      vertex 34.986581 11.999894 2.000000
    endloop
  endfacet
  facet normal 0.000000 0.000000 -1.000000
    outer loop
      vertex 34.565675 11.432368 2.000000
      vertex 32.787751 12.891473 2.000000
      vertex 33.074201 13.277706 2.000000
    endloop
  endfacet
  facet normal 0.857729 -0.514103 0.000000
    outer loop
      vertex 34.986581 11.999894 2.000000
      vertex 35.349833 12.605943 2.000000
      vertex 35.349833 12.605943 6.000000
    endloop
  endfacet
  facet normal 0.857729 -0.514103 0.000000
    outer loop
      vertex 34.986581 11.999894 2.000000
      vertex 35.349833 12.605943 6.000000
      vertex 34.986581 11.999894 6.000000
    endloop
  endfacet
  facet normal -0.857729 0.514103 0.000000
    outer loop
      vertex 33.074201 13.277706 2.000000
      vertex 33.321414 13.690156 6.000000
      vertex 33.321414 13.690156 2.000000
    endloop
  endfacet
  facet normal -0.857729 0.514103 0.000000
    outer loop
      vertex 33.074201 13.277706 2.000000
      vertex 33.074201 13.277706 6.000000
      vertex 33.321414 13.690156 6.000000
    endloop
  endfacet
  facet normal 0.000000 -0.000000 1.000000
    outer loop
      vertex 34.986581 11.999894 6.000000
      vertex 35.349833 12.605943 6.000000
      vertex 33.321414 13.690156 6.000000
    endloop
  endfacet
  facet normal 0.000000 0.000000 1.000000
    outer loop
      vertex 34.986581 11.999894 6.000000
      vertex 33.321414 13.690156 6.000000
      vertex 33.074201 13.277706 6.000000
    endloop
  endfacet
  facet normal 0.000000 0.000000 -1.000000
    outer loop
      vertex 34.986581 11.999894 2.000000
      vertex 33.321414 13.690156 2.000000
      vertex 35.349833 12.605943 2.000000
    endloop
  endfacet
  facet normal 0.000000 0.000000 -1.000000
    outer loop
      vertex 34.986581 11.999894 2.000000
      vertex 33.074201 13.277706 2.000000
      vertex 33.321414 13.690156 2.000000
    endloop
  endfacet
  facet normal 0.903989 -0.427555 0.000000
    outer loop
      vertex 35.349833 12.605943 2.000000
      vertex 35.651933 13.244679 2.000000
      vertex 35.651933 13.244679 6.000000
    endloop
  endfacet
  facet normal 0.903989 -0.427555 0.000000
    outer loop
      vertex 35.349833 12.605943 2.000000
      vertex 35.651933 13.244679 6.000000
      vertex 35.349833 12.605943 6.000000
    endloop
  endfacet
  facet normal -0.903989 0.427555 0.000000
    outer loop
      vertex 33.321414 13.690156 2.000000
      vertex 33.527010 14.124851 6.000000
      vertex 33.527010 14.124851 2.000000
    endloop
  endfacet
  facet normal -0.903989 0.427555 0.000000
    outer loop
      vertex 33.321414 13.690156 2.000000
      vertex 33.321414 13.690156 6.000000
      vertex 33.527010 14.124851 6.000000
    endloop
  endfacet
  facet normal 0.000000 -0.000000 1.000000
    outer loop
      vertex 35.349833 12.605943 6.000000
      vertex 35.651933 13.244679 6.000000
      vertex 33.527010 14.124851 6.000000
    endloop
  endfacet
  facet normal 0.000000 0.000000 1.000000
    outer loop
      vertex 35.349833 12.605943 6.000000
      vertex 33.527010 14.124851 6.000000
      vertex 33.321414 13.690156 6.000000
    endloop
  endfacet
  facet normal 0.000000 0.000000 -1.000000
    outer loop
      vertex 35.349833 12.605943 2.000000
      vertex 33.527010 14.124851 2.000000
      vertex 35.651933 13.244679 2.000000
    endloop
  endfacet
  facet normal 0.000000 0.000000 -1.000000
    outer loop
      vertex 35.349833 12.605943 2.000000
      vertex 33.321414 13.690156 2.000000
      vertex 33.527010 14.124851 2.000000
    endloop
  endfacet
  facet normal 0.941544 -0.336890 0.000000
    outer loop
      vertex 35.651933 13.244679 2.000000
      vertex 35.889970 13.909950 2.000000
      vertex 35.889970 13.909950 6.000000
    endloop
  endfacet
  facet normal 0.941544 -0.336890 0.000000
    outer loop
      vertex 35.651933 13.244679 2.000000
      vertex 35.889970 13.909950 6.000000
      vertex 35.651933 13.244679 6.000000
    endloop
  endfacet
  facet normal -0.941544 0.336890 0.000000
    outer loop
      vertex 33.527010 14.124851 2.000000
      vertex 33.689008 14.577605 6.000000
      vertex 33.689008 14.577605 2.000000
    endloop
  endfacet
  facet normal -0.941544 0.336890 0.000000
    outer loop
      vertex 33.527010 14.124851 2.000000
      vertex 33.527010 14.124851 6.000000
      vertex 33.689008 14.577605 6.000000
    endloop
  endfacet
  facet normal 0.000000 -0.000000 1.000000
    outer loop
      vertex 35.651933 13.244679 6.000000
      vertex 35.889970 13.909950 6.000000
      vertex 33.689008 14.577605 6.000000
    endloop
  endfacet
  facet normal 0.000000 0.000000 1.000000
    outer loop
      vertex 35.651933 13.244679 6.000000
      vertex 33.689008 14.577605 6.000000
      vertex 33.527010 14.124851 6.000000
    endloop
  endfacet
  facet normal 0.000000 0.000000 -1.000000
    outer loop
      vertex 35.651933 13.244679 2.000000
      vertex 33.689008 14.577605 2.000000
      vertex 35.889970 13.909950 2.000000
    endloop
  endfacet
  facet normal 0.000000 0.000000 -1.000000
    outer loop
      vertex 35.651933 13.244679 2.000000
      vertex 33.527010 14.124851 2.000000
      vertex 33.689008 14.577605 2.000000
    endloop
  endfacet
  facet normal 0.970031 -0.242980 0.000000
    outer loop
      vertex 35.889970 13.909950 2.000000
      vertex 36.061654 14.595350 2.000000
      vertex 36.061654 14.595350 6.000000
    endloop
  endfacet
  facet normal 0.970031 -0.242980 0.000000
    outer loop
      vertex 35.889970 13.909950 2.000000
      vertex 36.061654 14.595350 6.000000
      vertex 35.889970 13.909950 6.000000
    endloop
  endfacet
  facet normal -0.970031 0.242980 0.000000
    outer loop
      vertex 33.689008 14.577605 2.000000
      vertex 33.805848 15.044057 6.000000
      vertex 33.805848 15.044057 2.000000
    endloop
  endfacet
  facet normal -0.970031 0.242980 0.000000
    outer loop
      vertex 33.689008 14.577605 2.000000
      vertex 33.689008 14.577605 6.000000
      vertex 33.805848 15.044057 6.000000
    endloop
  endfacet
  facet normal 0.000000 -0.000000 1.000000
    outer loop
      vertex 35.889970 13.909950 6.000000
      vertex 36.061654 14.595350 6.000000
      vertex 33.805848 15.044057 6.000000
    endloop
  endfacet
  facet normal 0.000000 0.000000 1.000000
    outer loop
      vertex 35.889970 13.909950 6.000000
      vertex 33.805848 15.044057 6.000000
      vertex 33.689008 14.577605 6.000000
    endloop
  endfacet
  facet normal 0.000000 0.000000 -1.000000
    outer loop
      vertex 35.889970 13.909950 2.000000
      vertex 33.805848 15.044057 2.000000
      vertex 36.061654 14.595350 2.000000
    endloop
  endfacet
  facet normal 0.000000 0.000000 -1.000000
    outer loop
      vertex 35.889970 13.909950 2.000000
      vertex 33.689008 14.577605 2.000000
      vertex 33.805848 15.044057 2.000000
    endloop
  endfacet
  facet normal 0.989177 -0.146730 0.000000
    outer loop
      vertex 36.061654 14.595350 2.000000
      vertex 36.165330 15.294277 2.000000
      vertex 36.165330 15.294277 6.000000
    endloop
  endfacet
  facet normal 0.989177 -0.146730 0.000000
    outer loop
      vertex 36.061654 14.595350 2.000000
      vertex 36.165330 15.294277 6.000000
      vertex 36.061654 14.595350 6.000000
    endloop
  endfacet
  facet normal -0.989177 0.146730 0.000000
    outer loop
      vertex 33.805848 15.044057 2.000000
      vertex 33.876405 15.519716 6.000000
      vertex 33.876405 15.519716 2.000000
    endloop
  endfacet
  facet normal -0.989177 0.146730 0.000000
    outer loop
      vertex 33.805848 15.044057 2.000000
      vertex 33.805848 15.044057 6.000000
      vertex 33.876405 15.519716 6.000000
    endloop
  endfacet
  facet normal 0.000000 -0.000000 1.000000
    outer loop
      vertex 36.061654 14.595350 6.000000
      vertex 36.165330 15.294277 6.000000
      vertex 33.876405 15.519716 6.000000
    endloop
  endfacet
  facet normal 0.000000 0.000000 1.000000
    outer loop
      vertex 36.061654 14.595350 6.000000
      vertex 33.876405 15.519716 6.000000
      vertex 33.805848 15.044057 6.000000
    endloop
  endfacet
  facet normal 0.000000 0.000000 -1.000000
    outer loop
      vertex 36.061654 14.595350 2.000000
      vertex 33.876405 15.519716 2.000000
      vertex 36.165330 15.294277 2.000000
    endloop
  endfacet
  facet normal 0.000000 0.000000 -1.000000
    outer loop
      vertex 36.061654 14.595350 2.000000
      vertex 33.805848 15.044057 2.000000
      vertex 33.876405 15.519716 2.000000
    endloop
  endfacet
  facet normal 0.998795 -0.049068 0.000000
    outer loop
      vertex 36.165330 15.294277 2.000000
      vertex 36.200000 16.000000 2.000000
      vertex 36.200000 16.000000 6.000000
    endloop
  endfacet
  facet normal 0.998795 -0.049068 0.000000
    outer loop
      vertex 36.165330 15.294277 2.000000
      vertex 36.200000 16.000000 6.000000
      vertex 36.165330 15.294277 6.000000
    endloop
  endfacet
  facet normal -0.998795 0.049068 0.000000
    outer loop
      vertex 33.876405 15.519716 2.000000
      vertex 33.900000 16.000000 6.000000
      vertex 33.900000 16.000000 2.000000
    endloop
  endfacet
  facet normal -0.998795 0.049068 0.000000
    outer loop
      vertex 33.876405 15.519716 2.000000
      vertex 33.876405 15.519716 6.000000
      vertex 33.900000 16.000000 6.000000
    endloop
  endfacet
  facet normal 0.000000 -0.000000 1.000000
    outer loop
      vertex 36.165330 15.294277 6.000000
      vertex 36.200000 16.000000 6.000000
      vertex 33.900000 16.000000 6.000000
    endloop
  endfacet
  facet normal 0.000000 0.000000 1.000000
    outer loop
      vertex 36.165330 15.294277 6.000000
      vertex 33.900000 16.000000 6.000000
      vertex 33.876405 15.519716 6.000000
    endloop
  endfacet
  facet normal 0.000000 0.000000 -1.000000
    outer loop
      vertex 36.165330 15.294277 2.000000
      vertex 33.900000 16.000000 2.000000
      vertex 36.200000 16.000000 2.000000
    endloop
  endfacet
  facet normal 0.000000 0.000000 -1.000000
    outer loop
      vertex 36.165330 15.294277 2.000000
      vertex 33.876405 15.519716 2.000000
      vertex 33.900000 16.000000 2.000000
    endloop
  endfacet
  facet normal 0.000000 0.000000 -1.000000
    outer loop
      vertex 18.000000 31.800000 6.000000
      vertex 19.200000 52.200000 6.000000
      vertex 19.200000 31.800000 6.000000
    endloop
  endfacet
  facet normal 0.000000 0.000000 -1.000000
    outer loop
      vertex 18.000000 31.800000 6.000000
      vertex 18.000000 52.200000 6.000000
      vertex 19.200000 52.200000 6.000000
    endloop
  endfacet
  facet normal 0.000000 0.000000 1.000000
    outer loop
      vertex 18.000000 31.800000 8.000000
      vertex 19.200000 31.800000 8.000000
      vertex 19.200000 52.200000 8.000000
    endloop
  endfacet
  facet normal 0.000000 0.000000 1.000000
    outer loop
      vertex 18.000000 31.800000 8.000000
      vertex 19.200000 52.200000 8.000000
      vertex 18.000000 52.200000 8.000000
    endloop
  endfacet
  facet normal 0.000000 -1.000000 0.000000
    outer loop
      vertex 18.000000 31.800000 6.000000
      vertex 19.200000 31.800000 6.000000
      vertex 19.200000 31.800000 8.000000
    endloop
  endfacet
  facet normal 0.000000 -1.000000 0.000000
    outer loop
      vertex 18.000000 31.800000 6.000000
      vertex 19.200000 31.800000 8.000000
      vertex 18.000000 31.800000 8.000000
    endloop
  endfacet
  facet normal 1.000000 0.000000 0.000000
    outer loop
      vertex 19.200000 31.800000 6.000000
      vertex 19.200000 52.200000 6.000000
      vertex 19.200000 52.200000 8.000000
    endloop
  endfacet
  facet normal 1.000000 0.000000 0.000000
    outer loop
      vertex 19.200000 31.800000 6.000000
      vertex 19.200000 52.200000 8.000000
      vertex 19.200000 31.800000 8.000000
    endloop
  endfacet
  facet normal 0.000000 1.000000 0.000000
    outer loop
      vertex 19.200000 52.200000 6.000000
      vertex 18.000000 52.200000 6.000000
      vertex 18.000000 52.200000 8.000000
    endloop
  endfacet
  facet normal 0.000000 1.000000 -0.000000
    outer loop
      vertex 19.200000 52.200000 6.000000
      vertex 18.000000 52.200000 8.000000
      vertex 19.200000 52.200000 8.000000
    endloop
  endfacet
  facet normal -1.000000 0.000000 0.000000
    outer loop
      vertex 18.000000 52.200000 6.000000
      vertex 18.000000 31.800000 6.000000
      vertex 18.000000 31.800000 8.000000
    endloop
  endfacet
  facet normal -1.000000 0.000000 0.000000
    outer loop
      vertex 18.000000 52.200000 6.000000
      vertex 18.000000 31.800000 8.000000
      vertex 18.000000 52.200000 8.000000
    endloop
  endfacet
  facet normal 0.000000 0.000000 -1.000000
    outer loop
      vertex 38.800000 31.800000 6.000000
      vertex 40.000000 52.200000 6.000000
      vertex 40.000000 31.800000 6.000000
    endloop
  endfacet
  facet normal 0.000000 0.000000 -1.000000
    outer loop
      vertex 38.800000 31.800000 6.000000
      vertex 38.800000 52.200000 6.000000
      vertex 40.000000 52.200000 6.000000
    endloop
  endfacet
  facet normal 0.000000 0.000000 1.000000
    outer loop
      vertex 38.800000 31.800000 8.000000
      vertex 40.000000 31.800000 8.000000
      vertex 40.000000 52.200000 8.000000
    endloop
  endfacet
  facet normal 0.000000 0.000000 1.000000
    outer loop
      vertex 38.800000 31.800000 8.000000
      vertex 40.000000 52.200000 8.000000
      vertex 38.800000 52.200000 8.000000
    endloop
  endfacet
  facet normal 0.000000 -1.000000 0.000000
    outer loop
      vertex 38.800000 31.800000 6.000000
      vertex 40.000000 31.800000 6.000000
      vertex 40.000000 31.800000 8.000000
    endloop
  endfacet
  facet normal 0.000000 -1.000000 0.000000
    outer loop
      vertex 38.800000 31.800000 6.000000
      vertex 40.000000 31.800000 8.000000
      vertex 38.800000 31.800000 8.000000
    endloop
  endfacet
  facet normal 1.000000 0.000000 0.000000
    outer loop
      vertex 40.000000 31.800000 6.000000
      vertex 40.000000 52.200000 6.000000
      vertex 40.000000 52.200000 8.000000
    endloop
  endfacet
  facet normal 1.000000 0.000000 0.000000
    outer loop
      vertex 40.000000 31.800000 6.000000
      vertex 40.000000 52.200000 8.000000
      vertex 40.000000 31.800000 8.000000
    endloop
  endfacet
  facet normal 0.000000 1.000000 0.000000
    outer loop
      vertex 40.000000 52.200000 6.000000
      vertex 38.800000 52.200000 6.000000
      vertex 38.800000 52.200000 8.000000
    endloop
  endfacet
  facet normal 0.000000 1.000000 -0.000000
    outer loop
      vertex 40.000000 52.200000 6.000000
      vertex 38.800000 52.200000 8.000000
      vertex 40.000000 52.200000 8.000000
    endloop
  endfacet
  facet normal -1.000000 0.000000 0.000000
    outer loop
      vertex 38.800000 52.200000 6.000000
      vertex 38.800000 31.800000 6.000000
      vertex 38.800000 31.800000 8.000000
    endloop
  endfacet
  facet normal -1.000000 0.000000 0.000000
    outer loop
      vertex 38.800000 52.200000 6.000000
      vertex 38.800000 31.800000 8.000000
      vertex 38.800000 52.200000 8.000000
    endloop
  endfacet
  facet normal 0.000000 0.000000 -1.000000
    outer loop
      vertex 18.000000 31.800000 8.000000
      vertex 40.000000 32.800000 8.000000
      vertex 40.000000 31.800000 8.000000
    endloop
  endfacet
  facet normal 0.000000 0.000000 -1.000000
    outer loop
      vertex 18.000000 31.800000 8.000000
      vertex 18.000000 32.800000 8.000000
      vertex 40.000000 32.800000 8.000000
    endloop
  endfacet
  facet normal 0.000000 0.000000 1.000000
    outer loop
      vertex 18.000000 31.800000 9.200000
      vertex 40.000000 31.800000 9.200000
      vertex 40.000000 32.800000 9.200000
    endloop
  endfacet
  facet normal 0.000000 0.000000 1.000000
    outer loop
      vertex 18.000000 31.800000 9.200000
      vertex 40.000000 32.800000 9.200000
      vertex 18.000000 32.800000 9.200000
    endloop
  endfacet
  facet normal 0.000000 -1.000000 0.000000
    outer loop
      vertex 18.000000 31.800000 8.000000
      vertex 40.000000 31.800000 8.000000
      vertex 40.000000 31.800000 9.200000
    endloop
  endfacet
  facet normal 0.000000 -1.000000 0.000000
    outer loop
      vertex 18.000000 31.800000 8.000000
      vertex 40.000000 31.800000 9.200000
      vertex 18.000000 31.800000 9.200000
    endloop
  endfacet
  facet normal 1.000000 0.000000 0.000000
    outer loop
      vertex 40.000000 31.800000 8.000000
      vertex 40.000000 32.800000 8.000000
      vertex 40.000000 32.800000 9.200000
    endloop
  endfacet
  facet normal 1.000000 0.000000 0.000000
    outer loop
      vertex 40.000000 31.800000 8.000000
      vertex 40.000000 32.800000 9.200000
      vertex 40.000000 31.800000 9.200000
    endloop
  endfacet
  facet normal 0.000000 1.000000 0.000000
    outer loop
      vertex 40.000000 32.800000 8.000000
      vertex 18.000000 32.800000 8.000000
      vertex 18.000000 32.800000 9.200000
    endloop
  endfacet
  facet normal 0.000000 1.000000 -0.000000
    outer loop
      vertex 40.000000 32.800000 8.000000
      vertex 18.000000 32.800000 9.200000
      vertex 40.000000 32.800000 9.200000
    endloop
  endfacet
  facet normal -1.000000 0.000000 0.000000
    outer loop
      vertex 18.000000 32.800000 8.000000
      vertex 18.000000 31.800000 8.000000
      vertex 18.000000 31.800000 9.200000
    endloop
  endfacet
  facet normal -1.000000 0.000000 0.000000
    outer loop
      vertex 18.000000 32.800000 8.000000
      vertex 18.000000 31.800000 9.200000
      vertex 18.000000 32.800000 9.200000
    endloop
  endfacet
  facet normal 0.000000 0.000000 -1.000000
    outer loop
      vertex 18.000000 51.200000 8.000000
      vertex 40.000000 52.200000 8.000000
      vertex 40.000000 51.200000 8.000000
    endloop
  endfacet
  facet normal 0.000000 0.000000 -1.000000
    outer loop
      vertex 18.000000 51.200000 8.000000
      vertex 18.000000 52.200000 8.000000
      vertex 40.000000 52.200000 8.000000
    endloop
  endfacet
  facet normal 0.000000 0.000000 1.000000
    outer loop
      vertex 18.000000 51.200000 9.200000
      vertex 40.000000 51.200000 9.200000
      vertex 40.000000 52.200000 9.200000
    endloop
  endfacet
  facet normal 0.000000 0.000000 1.000000
    outer loop
      vertex 18.000000 51.200000 9.200000
      vertex 40.000000 52.200000 9.200000
      vertex 18.000000 52.200000 9.200000
    endloop
  endfacet
  facet normal 0.000000 -1.000000 0.000000
    outer loop
      vertex 18.000000 51.200000 8.000000
      vertex 40.000000 51.200000 8.000000
      vertex 40.000000 51.200000 9.200000
    endloop
  endfacet
  facet normal 0.000000 -1.000000 0.000000
    outer loop
      vertex 18.000000 51.200000 8.000000
      vertex 40.000000 51.200000 9.200000
      vertex 18.000000 51.200000 9.200000
    endloop
  endfacet
  facet normal 1.000000 0.000000 0.000000
    outer loop
      vertex 40.000000 51.200000 8.000000
      vertex 40.000000 52.200000 8.000000
      vertex 40.000000 52.200000 9.200000
    endloop
  endfacet
  facet normal 1.000000 0.000000 0.000000
    outer loop
      vertex 40.000000 51.200000 8.000000
      vertex 40.000000 52.200000 9.200000
      vertex 40.000000 51.200000 9.200000
    endloop
  endfacet
  facet normal 0.000000 1.000000 0.000000
    outer loop
      vertex 40.000000 52.200000 8.000000
      vertex 18.000000 52.200000 8.000000
      vertex 18.000000 52.200000 9.200000
    endloop
  endfacet
  facet normal 0.000000 1.000000 -0.000000
    outer loop
      vertex 40.000000 52.200000 8.000000
      vertex 18.000000 52.200000 9.200000
      vertex 40.000000 52.200000 9.200000
    endloop
  endfacet
  facet normal -1.000000 0.000000 0.000000
    outer loop
      vertex 18.000000 52.200000 8.000000
      vertex 18.000000 51.200000 8.000000
      vertex 18.000000 51.200000 9.200000
    endloop
  endfacet
  facet normal -1.000000 0.000000 0.000000
    outer loop
      vertex 18.000000 52.200000 8.000000
      vertex 18.000000 51.200000 9.200000
      vertex 18.000000 52.200000 9.200000
    endloop
  endfacet
  facet normal 0.000000 0.000000 -1.000000
    outer loop
      vertex 18.000000 45.800000 6.000000
      vertex 19.200000 66.200000 6.000000
      vertex 19.200000 45.800000 6.000000
    endloop
  endfacet
  facet normal 0.000000 0.000000 -1.000000
    outer loop
      vertex 18.000000 45.800000 6.000000
      vertex 18.000000 66.200000 6.000000
      vertex 19.200000 66.200000 6.000000
    endloop
  endfacet
  facet normal 0.000000 0.000000 1.000000
    outer loop
      vertex 18.000000 45.800000 8.000000
      vertex 19.200000 45.800000 8.000000
      vertex 19.200000 66.200000 8.000000
    endloop
  endfacet
  facet normal 0.000000 0.000000 1.000000
    outer loop
      vertex 18.000000 45.800000 8.000000
      vertex 19.200000 66.200000 8.000000
      vertex 18.000000 66.200000 8.000000
    endloop
  endfacet
  facet normal 0.000000 -1.000000 0.000000
    outer loop
      vertex 18.000000 45.800000 6.000000
      vertex 19.200000 45.800000 6.000000
      vertex 19.200000 45.800000 8.000000
    endloop
  endfacet
  facet normal 0.000000 -1.000000 0.000000
    outer loop
      vertex 18.000000 45.800000 6.000000
      vertex 19.200000 45.800000 8.000000
      vertex 18.000000 45.800000 8.000000
    endloop
  endfacet
  facet normal 1.000000 0.000000 0.000000
    outer loop
      vertex 19.200000 45.800000 6.000000
      vertex 19.200000 66.200000 6.000000
      vertex 19.200000 66.200000 8.000000
    endloop
  endfacet
  facet normal 1.000000 0.000000 0.000000
    outer loop
      vertex 19.200000 45.800000 6.000000
      vertex 19.200000 66.200000 8.000000
      vertex 19.200000 45.800000 8.000000
    endloop
  endfacet
  facet normal 0.000000 1.000000 0.000000
    outer loop
      vertex 19.200000 66.200000 6.000000
      vertex 18.000000 66.200000 6.000000
      vertex 18.000000 66.200000 8.000000
    endloop
  endfacet
  facet normal 0.000000 1.000000 -0.000000
    outer loop
      vertex 19.200000 66.200000 6.000000
      vertex 18.000000 66.200000 8.000000
      vertex 19.200000 66.200000 8.000000
    endloop
  endfacet
  facet normal -1.000000 0.000000 0.000000
    outer loop
      vertex 18.000000 66.200000 6.000000
      vertex 18.000000 45.800000 6.000000
      vertex 18.000000 45.800000 8.000000
    endloop
  endfacet
  facet normal -1.000000 0.000000 0.000000
    outer loop
      vertex 18.000000 66.200000 6.000000
      vertex 18.000000 45.800000 8.000000
      vertex 18.000000 66.200000 8.000000
    endloop
  endfacet
  facet normal 0.000000 0.000000 -1.000000
    outer loop
      vertex 38.800000 45.800000 6.000000
      vertex 40.000000 66.200000 6.000000
      vertex 40.000000 45.800000 6.000000
    endloop
  endfacet
  facet normal 0.000000 0.000000 -1.000000
    outer loop
      vertex 38.800000 45.800000 6.000000
      vertex 38.800000 66.200000 6.000000
      vertex 40.000000 66.200000 6.000000
    endloop
  endfacet
  facet normal 0.000000 0.000000 1.000000
    outer loop
      vertex 38.800000 45.800000 8.000000
      vertex 40.000000 45.800000 8.000000
      vertex 40.000000 66.200000 8.000000
    endloop
  endfacet
  facet normal 0.000000 0.000000 1.000000
    outer loop
      vertex 38.800000 45.800000 8.000000
      vertex 40.000000 66.200000 8.000000
      vertex 38.800000 66.200000 8.000000
    endloop
  endfacet
  facet normal 0.000000 -1.000000 0.000000
    outer loop
      vertex 38.800000 45.800000 6.000000
      vertex 40.000000 45.800000 6.000000
      vertex 40.000000 45.800000 8.000000
    endloop
  endfacet
  facet normal 0.000000 -1.000000 0.000000
    outer loop
      vertex 38.800000 45.800000 6.000000
      vertex 40.000000 45.800000 8.000000
      vertex 38.800000 45.800000 8.000000
    endloop
  endfacet
  facet normal 1.000000 0.000000 0.000000
    outer loop
      vertex 40.000000 45.800000 6.000000
      vertex 40.000000 66.200000 6.000000
      vertex 40.000000 66.200000 8.000000
    endloop
  endfacet
  facet normal 1.000000 0.000000 0.000000
    outer loop
      vertex 40.000000 45.800000 6.000000
      vertex 40.000000 66.200000 8.000000
      vertex 40.000000 45.800000 8.000000
    endloop
  endfacet
  facet normal 0.000000 1.000000 0.000000
    outer loop
      vertex 40.000000 66.200000 6.000000
      vertex 38.800000 66.200000 6.000000
      vertex 38.800000 66.200000 8.000000
    endloop
  endfacet
  facet normal 0.000000 1.000000 -0.000000
    outer loop
      vertex 40.000000 66.200000 6.000000
      vertex 38.800000 66.200000 8.000000
      vertex 40.000000 66.200000 8.000000
    endloop
  endfacet
  facet normal -1.000000 0.000000 0.000000
    outer loop
      vertex 38.800000 66.200000 6.000000
      vertex 38.800000 45.800000 6.000000
      vertex 38.800000 45.800000 8.000000
    endloop
  endfacet
  facet normal -1.000000 0.000000 0.000000
    outer loop
      vertex 38.800000 66.200000 6.000000
      vertex 38.800000 45.800000 8.000000
      vertex 38.800000 66.200000 8.000000
    endloop
  endfacet
  facet normal 0.000000 0.000000 -1.000000
    outer loop
      vertex 18.000000 45.800000 8.000000
      vertex 40.000000 46.800000 8.000000
      vertex 40.000000 45.800000 8.000000
    endloop
  endfacet
  facet normal 0.000000 0.000000 -1.000000
    outer loop
      vertex 18.000000 45.800000 8.000000
      vertex 18.000000 46.800000 8.000000
      vertex 40.000000 46.800000 8.000000
    endloop
  endfacet
  facet normal 0.000000 0.000000 1.000000
    outer loop
      vertex 18.000000 45.800000 9.200000
      vertex 40.000000 45.800000 9.200000
      vertex 40.000000 46.800000 9.200000
    endloop
  endfacet
  facet normal 0.000000 0.000000 1.000000
    outer loop
      vertex 18.000000 45.800000 9.200000
      vertex 40.000000 46.800000 9.200000
      vertex 18.000000 46.800000 9.200000
    endloop
  endfacet
  facet normal 0.000000 -1.000000 0.000000
    outer loop
      vertex 18.000000 45.800000 8.000000
      vertex 40.000000 45.800000 8.000000
      vertex 40.000000 45.800000 9.200000
    endloop
  endfacet
  facet normal 0.000000 -1.000000 0.000000
    outer loop
      vertex 18.000000 45.800000 8.000000
      vertex 40.000000 45.800000 9.200000
      vertex 18.000000 45.800000 9.200000
    endloop
  endfacet
  facet normal 1.000000 0.000000 0.000000
    outer loop
      vertex 40.000000 45.800000 8.000000
      vertex 40.000000 46.800000 8.000000
      vertex 40.000000 46.800000 9.200000
    endloop
  endfacet
  facet normal 1.000000 0.000000 0.000000
    outer loop
      vertex 40.000000 45.800000 8.000000
      vertex 40.000000 46.800000 9.200000
      vertex 40.000000 45.800000 9.200000
    endloop
  endfacet
  facet normal 0.000000 1.000000 0.000000
    outer loop
      vertex 40.000000 46.800000 8.000000
      vertex 18.000000 46.800000 8.000000
      vertex 18.000000 46.800000 9.200000
    endloop
  endfacet
  facet normal 0.000000 1.000000 -0.000000
    outer loop
      vertex 40.000000 46.800000 8.000000
      vertex 18.000000 46.800000 9.200000
      vertex 40.000000 46.800000 9.200000
    endloop
  endfacet
  facet normal -1.000000 0.000000 0.000000
    outer loop
      vertex 18.000000 46.800000 8.000000
      vertex 18.000000 45.800000 8.000000
      vertex 18.000000 45.800000 9.200000
    endloop
  endfacet
  facet normal -1.000000 0.000000 0.000000
    outer loop
      vertex 18.000000 46.800000 8.000000
      vertex 18.000000 45.800000 9.200000
      vertex 18.000000 46.800000 9.200000
    endloop
  endfacet
  facet normal 0.000000 0.000000 -1.000000
    outer loop
      vertex 18.000000 65.200000 8.000000
      vertex 40.000000 66.200000 8.000000
      vertex 40.000000 65.200000 8.000000
    endloop
  endfacet
  facet normal 0.000000 0.000000 -1.000000
    outer loop
      vertex 18.000000 65.200000 8.000000
      vertex 18.000000 66.200000 8.000000
      vertex 40.000000 66.200000 8.000000
    endloop
  endfacet
  facet normal 0.000000 0.000000 1.000000
    outer loop
      vertex 18.000000 65.200000 9.200000
      vertex 40.000000 65.200000 9.200000
      vertex 40.000000 66.200000 9.200000
    endloop
  endfacet
  facet normal 0.000000 0.000000 1.000000
    outer loop
      vertex 18.000000 65.200000 9.200000
      vertex 40.000000 66.200000 9.200000
      vertex 18.000000 66.200000 9.200000
    endloop
  endfacet
  facet normal 0.000000 -1.000000 0.000000
    outer loop
      vertex 18.000000 65.200000 8.000000
      vertex 40.000000 65.200000 8.000000
      vertex 40.000000 65.200000 9.200000
    endloop
  endfacet
  facet normal 0.000000 -1.000000 0.000000
    outer loop
      vertex 18.000000 65.200000 8.000000
      vertex 40.000000 65.200000 9.200000
      vertex 18.000000 65.200000 9.200000
    endloop
  endfacet
  facet normal 1.000000 0.000000 0.000000
    outer loop
      vertex 40.000000 65.200000 8.000000
      vertex 40.000000 66.200000 8.000000
      vertex 40.000000 66.200000 9.200000
    endloop
  endfacet
  facet normal 1.000000 0.000000 0.000000
    outer loop
      vertex 40.000000 65.200000 8.000000
      vertex 40.000000 66.200000 9.200000
      vertex 40.000000 65.200000 9.200000
    endloop
  endfacet
  facet normal 0.000000 1.000000 0.000000
    outer loop
      vertex 40.000000 66.200000 8.000000
      vertex 18.000000 66.200000 8.000000
      vertex 18.000000 66.200000 9.200000
    endloop
  endfacet
  facet normal 0.000000 1.000000 -0.000000
    outer loop
      vertex 40.000000 66.200000 8.000000
      vertex 18.000000 66.200000 9.200000
      vertex 40.000000 66.200000 9.200000
    endloop
  endfacet
  facet normal -1.000000 0.000000 0.000000
    outer loop
      vertex 18.000000 66.200000 8.000000
      vertex 18.000000 65.200000 8.000000
      vertex 18.000000 65.200000 9.200000
    endloop
  endfacet
  facet normal -1.000000 0.000000 0.000000
    outer loop
      vertex 18.000000 66.200000 8.000000
      vertex 18.000000 65.200000 9.200000
      vertex 18.000000 66.200000 9.200000
    endloop
  endfacet
  facet normal 0.000000 0.000000 -1.000000
    outer loop
      vertex 18.000000 59.800000 6.000000
      vertex 19.200000 80.200000 6.000000
      vertex 19.200000 59.800000 6.000000
    endloop
  endfacet
  facet normal 0.000000 0.000000 -1.000000
    outer loop
      vertex 18.000000 59.800000 6.000000
      vertex 18.000000 80.200000 6.000000
      vertex 19.200000 80.200000 6.000000
    endloop
  endfacet
  facet normal 0.000000 0.000000 1.000000
    outer loop
      vertex 18.000000 59.800000 8.000000
      vertex 19.200000 59.800000 8.000000
      vertex 19.200000 80.200000 8.000000
    endloop
  endfacet
  facet normal 0.000000 0.000000 1.000000
    outer loop
      vertex 18.000000 59.800000 8.000000
      vertex 19.200000 80.200000 8.000000
      vertex 18.000000 80.200000 8.000000
    endloop
  endfacet
  facet normal 0.000000 -1.000000 0.000000
    outer loop
      vertex 18.000000 59.800000 6.000000
      vertex 19.200000 59.800000 6.000000
      vertex 19.200000 59.800000 8.000000
    endloop
  endfacet
  facet normal 0.000000 -1.000000 0.000000
    outer loop
      vertex 18.000000 59.800000 6.000000
      vertex 19.200000 59.800000 8.000000
      vertex 18.000000 59.800000 8.000000
    endloop
  endfacet
  facet normal 1.000000 0.000000 0.000000
    outer loop
      vertex 19.200000 59.800000 6.000000
      vertex 19.200000 80.200000 6.000000
      vertex 19.200000 80.200000 8.000000
    endloop
  endfacet
  facet normal 1.000000 0.000000 0.000000
    outer loop
      vertex 19.200000 59.800000 6.000000
      vertex 19.200000 80.200000 8.000000
      vertex 19.200000 59.800000 8.000000
    endloop
  endfacet
  facet normal 0.000000 1.000000 0.000000
    outer loop
      vertex 19.200000 80.200000 6.000000
      vertex 18.000000 80.200000 6.000000
      vertex 18.000000 80.200000 8.000000
    endloop
  endfacet
  facet normal 0.000000 1.000000 -0.000000
    outer loop
      vertex 19.200000 80.200000 6.000000
      vertex 18.000000 80.200000 8.000000
      vertex 19.200000 80.200000 8.000000
    endloop
  endfacet
  facet normal -1.000000 0.000000 0.000000
    outer loop
      vertex 18.000000 80.200000 6.000000
      vertex 18.000000 59.800000 6.000000
      vertex 18.000000 59.800000 8.000000
    endloop
  endfacet
  facet normal -1.000000 0.000000 0.000000
    outer loop
      vertex 18.000000 80.200000 6.000000
      vertex 18.000000 59.800000 8.000000
      vertex 18.000000 80.200000 8.000000
    endloop
  endfacet
  facet normal 0.000000 0.000000 -1.000000
    outer loop
      vertex 38.800000 59.800000 6.000000
      vertex 40.000000 80.200000 6.000000
      vertex 40.000000 59.800000 6.000000
    endloop
  endfacet
  facet normal 0.000000 0.000000 -1.000000
    outer loop
      vertex 38.800000 59.800000 6.000000
      vertex 38.800000 80.200000 6.000000
      vertex 40.000000 80.200000 6.000000
    endloop
  endfacet
  facet normal 0.000000 0.000000 1.000000
    outer loop
      vertex 38.800000 59.800000 8.000000
      vertex 40.000000 59.800000 8.000000
      vertex 40.000000 80.200000 8.000000
    endloop
  endfacet
  facet normal 0.000000 0.000000 1.000000
    outer loop
      vertex 38.800000 59.800000 8.000000
      vertex 40.000000 80.200000 8.000000
      vertex 38.800000 80.200000 8.000000
    endloop
  endfacet
  facet normal 0.000000 -1.000000 0.000000
    outer loop
      vertex 38.800000 59.800000 6.000000
      vertex 40.000000 59.800000 6.000000
      vertex 40.000000 59.800000 8.000000
    endloop
  endfacet
  facet normal 0.000000 -1.000000 0.000000
    outer loop
      vertex 38.800000 59.800000 6.000000
      vertex 40.000000 59.800000 8.000000
      vertex 38.800000 59.800000 8.000000
    endloop
  endfacet
  facet normal 1.000000 0.000000 0.000000
    outer loop
      vertex 40.000000 59.800000 6.000000
      vertex 40.000000 80.200000 6.000000
      vertex 40.000000 80.200000 8.000000
    endloop
  endfacet
  facet normal 1.000000 0.000000 0.000000
    outer loop
      vertex 40.000000 59.800000 6.000000
      vertex 40.000000 80.200000 8.000000
      vertex 40.000000 59.800000 8.000000
    endloop
  endfacet
  facet normal 0.000000 1.000000 0.000000
    outer loop
      vertex 40.000000 80.200000 6.000000
      vertex 38.800000 80.200000 6.000000
      vertex 38.800000 80.200000 8.000000
    endloop
  endfacet
  facet normal 0.000000 1.000000 -0.000000
    outer loop
      vertex 40.000000 80.200000 6.000000
      vertex 38.800000 80.200000 8.000000
      vertex 40.000000 80.200000 8.000000
    endloop
  endfacet
  facet normal -1.000000 0.000000 0.000000
    outer loop
      vertex 38.800000 80.200000 6.000000
      vertex 38.800000 59.800000 6.000000
      vertex 38.800000 59.800000 8.000000
    endloop
  endfacet
  facet normal -1.000000 0.000000 0.000000
    outer loop
      vertex 38.800000 80.200000 6.000000
      vertex 38.800000 59.800000 8.000000
      vertex 38.800000 80.200000 8.000000
    endloop
  endfacet
  facet normal 0.000000 0.000000 -1.000000
    outer loop
      vertex 18.000000 59.800000 8.000000
      vertex 40.000000 60.800000 8.000000
      vertex 40.000000 59.800000 8.000000
    endloop
  endfacet
  facet normal 0.000000 0.000000 -1.000000
    outer loop
      vertex 18.000000 59.800000 8.000000
      vertex 18.000000 60.800000 8.000000
      vertex 40.000000 60.800000 8.000000
    endloop
  endfacet
  facet normal 0.000000 0.000000 1.000000
    outer loop
      vertex 18.000000 59.800000 9.200000
      vertex 40.000000 59.800000 9.200000
      vertex 40.000000 60.800000 9.200000
    endloop
  endfacet
  facet normal 0.000000 0.000000 1.000000
    outer loop
      vertex 18.000000 59.800000 9.200000
      vertex 40.000000 60.800000 9.200000
      vertex 18.000000 60.800000 9.200000
    endloop
  endfacet
  facet normal 0.000000 -1.000000 0.000000
    outer loop
      vertex 18.000000 59.800000 8.000000
      vertex 40.000000 59.800000 8.000000
      vertex 40.000000 59.800000 9.200000
    endloop
  endfacet
  facet normal 0.000000 -1.000000 0.000000
    outer loop
      vertex 18.000000 59.800000 8.000000
      vertex 40.000000 59.800000 9.200000
      vertex 18.000000 59.800000 9.200000
    endloop
  endfacet
  facet normal 1.000000 0.000000 0.000000
    outer loop
      vertex 40.000000 59.800000 8.000000
      vertex 40.000000 60.800000 8.000000
      vertex 40.000000 60.800000 9.200000
    endloop
  endfacet
  facet normal 1.000000 0.000000 0.000000
    outer loop
      vertex 40.000000 59.800000 8.000000
      vertex 40.000000 60.800000 9.200000
      vertex 40.000000 59.800000 9.200000
    endloop
  endfacet
  facet normal 0.000000 1.000000 0.000000
    outer loop
      vertex 40.000000 60.800000 8.000000
      vertex 18.000000 60.800000 8.000000
      vertex 18.000000 60.800000 9.200000
    endloop
  endfacet
  facet normal 0.000000 1.000000 -0.000000
    outer loop
      vertex 40.000000 60.800000 8.000000
      vertex 18.000000 60.800000 9.200000
      vertex 40.000000 60.800000 9.200000
    endloop
  endfacet
  facet normal -1.000000 0.000000 0.000000
    outer loop
      vertex 18.000000 60.800000 8.000000
      vertex 18.000000 59.800000 8.000000
      vertex 18.000000 59.800000 9.200000
    endloop
  endfacet
  facet normal -1.000000 0.000000 0.000000
    outer loop
      vertex 18.000000 60.800000 8.000000
      vertex 18.000000 59.800000 9.200000
      vertex 18.000000 60.800000 9.200000
    endloop
  endfacet
  facet normal 0.000000 0.000000 -1.000000
    outer loop
      vertex 18.000000 79.200000 8.000000
      vertex 40.000000 80.200000 8.000000
      vertex 40.000000 79.200000 8.000000
    endloop
  endfacet
  facet normal 0.000000 0.000000 -1.000000
    outer loop
      vertex 18.000000 79.200000 8.000000
      vertex 18.000000 80.200000 8.000000
      vertex 40.000000 80.200000 8.000000
    endloop
  endfacet
  facet normal 0.000000 0.000000 1.000000
    outer loop
      vertex 18.000000 79.200000 9.200000
      vertex 40.000000 79.200000 9.200000
      vertex 40.000000 80.200000 9.200000
    endloop
  endfacet
  facet normal 0.000000 0.000000 1.000000
    outer loop
      vertex 18.000000 79.200000 9.200000
      vertex 40.000000 80.200000 9.200000
      vertex 18.000000 80.200000 9.200000
    endloop
  endfacet
  facet normal 0.000000 -1.000000 0.000000
    outer loop
      vertex 18.000000 79.200000 8.000000
      vertex 40.000000 79.200000 8.000000
      vertex 40.000000 79.200000 9.200000
    endloop
  endfacet
  facet normal 0.000000 -1.000000 0.000000
    outer loop
      vertex 18.000000 79.200000 8.000000
      vertex 40.000000 79.200000 9.200000
      vertex 18.000000 79.200000 9.200000
    endloop
  endfacet
  facet normal 1.000000 0.000000 0.000000
    outer loop
      vertex 40.000000 79.200000 8.000000
      vertex 40.000000 80.200000 8.000000
      vertex 40.000000 80.200000 9.200000
    endloop
  endfacet
  facet normal 1.000000 0.000000 0.000000
    outer loop
      vertex 40.000000 79.200000 8.000000
      vertex 40.000000 80.200000 9.200000
      vertex 40.000000 79.200000 9.200000
    endloop
  endfacet
  facet normal 0.000000 1.000000 0.000000
    outer loop
      vertex 40.000000 80.200000 8.000000
      vertex 18.000000 80.200000 8.000000
      vertex 18.000000 80.200000 9.200000
    endloop
  endfacet
  facet normal 0.000000 1.000000 -0.000000
    outer loop
      vertex 40.000000 80.200000 8.000000
      vertex 18.000000 80.200000 9.200000
      vertex 40.000000 80.200000 9.200000
    endloop
  endfacet
  facet normal -1.000000 0.000000 0.000000
    outer loop
      vertex 18.000000 80.200000 8.000000
      vertex 18.000000 79.200000 8.000000
      vertex 18.000000 79.200000 9.200000
    endloop
  endfacet
  facet normal -1.000000 0.000000 0.000000
    outer loop
      vertex 18.000000 80.200000 8.000000
      vertex 18.000000 79.200000 9.200000
      vertex 18.000000 80.200000 9.200000
    endloop
  endfacet
endsolid 04_head_board_camera_effect_chamber
